ISO-10303-21;
HEADER;
/* Generated by software containing ST-Developer
 * from STEP Tools, Inc. (www.steptools.com) 
 */
/* OPTION: using custom renumber hook */

FILE_DESCRIPTION(
/* description */ ('STEP AP242 Edition 2',
'CAx-IF Rec.Pracs.---Representation and Presentation of Product Manufa
cturing Information (PMI)---4.0---2014-10-13',
'CAx-IF Rec.Pracs.---3D Tessellated Geometry---0.4---2014-09-14','2;1',
'CAx-IF Rec.Pracs.---User Defined Attributes---1.5---2016-08-15'),
/* implementation_level */ '2;1');

FILE_NAME(
/* name */ 'Bottom Part',
/* time_stamp */ '2026-10-03T19:23:39Z',
/* author */ (''),
/* organization */ (''),
/* preprocessor_version */ 'ST-DEVELOPER v20',
/* originating_system */ 'ONSHAPE BY PTC INC, 1.221',
/* authorisation */ '  ');

FILE_SCHEMA (('AP242_MANAGED_MODEL_BASED_3D_ENGINEERING_MIM_LF { 1 0 10303 442 3 1 4 }'));
ENDSEC;

DATA;
#10=SHAPE_REPRESENTATION_RELATIONSHIP('','',#7984,#11);
#11=ADVANCED_BREP_SHAPE_REPRESENTATION('',(#7982),#13990);
#12=B_SPLINE_SURFACE_WITH_KNOTS('',3,1,((#10834,#10835),(#10836,#10837),
(#10838,#10839),(#10840,#10841)),.SURF_OF_LINEAR_EXTRUSION.,.F.,.F.,.F.,
(4,4),(2,2),(0.,1.),(0.,1.),.PIECEWISE_BEZIER_KNOTS.);
#13=B_SPLINE_SURFACE_WITH_KNOTS('',3,1,((#10847,#10848),(#10849,#10850),
(#10851,#10852),(#10853,#10854)),.SURF_OF_LINEAR_EXTRUSION.,.F.,.F.,.F.,
(4,4),(2,2),(0.,1.),(0.,1.),.PIECEWISE_BEZIER_KNOTS.);
#14=B_SPLINE_SURFACE_WITH_KNOTS('',3,1,((#10860,#10861),(#10862,#10863),
(#10864,#10865),(#10866,#10867)),.SURF_OF_LINEAR_EXTRUSION.,.F.,.F.,.F.,
(4,4),(2,2),(0.,1.),(0.,1.),.PIECEWISE_BEZIER_KNOTS.);
#15=B_SPLINE_SURFACE_WITH_KNOTS('',3,1,((#10873,#10874),(#10875,#10876),
(#10877,#10878),(#10879,#10880)),.SURF_OF_LINEAR_EXTRUSION.,.F.,.F.,.F.,
(4,4),(2,2),(0.,1.),(0.,1.),.PIECEWISE_BEZIER_KNOTS.);
#16=B_SPLINE_SURFACE_WITH_KNOTS('',3,1,((#10898,#10899),(#10900,#10901),
(#10902,#10903),(#10904,#10905)),.SURF_OF_LINEAR_EXTRUSION.,.F.,.F.,.F.,
(4,4),(2,2),(0.,1.),(0.,1.),.PIECEWISE_BEZIER_KNOTS.);
#17=B_SPLINE_SURFACE_WITH_KNOTS('',3,1,((#10911,#10912),(#10913,#10914),
(#10915,#10916),(#10917,#10918)),.SURF_OF_LINEAR_EXTRUSION.,.F.,.F.,.F.,
(4,4),(2,2),(0.,1.),(0.,1.),.PIECEWISE_BEZIER_KNOTS.);
#18=B_SPLINE_SURFACE_WITH_KNOTS('',3,1,((#10924,#10925),(#10926,#10927),
(#10928,#10929),(#10930,#10931)),.SURF_OF_LINEAR_EXTRUSION.,.F.,.F.,.F.,
(4,4),(2,2),(0.,1.),(0.,1.),.PIECEWISE_BEZIER_KNOTS.);
#19=B_SPLINE_SURFACE_WITH_KNOTS('',3,1,((#10960,#10961),(#10962,#10963),
(#10964,#10965),(#10966,#10967)),.SURF_OF_LINEAR_EXTRUSION.,.F.,.F.,.F.,
(4,4),(2,2),(0.,1.),(0.,1.),.PIECEWISE_BEZIER_KNOTS.);
#20=B_SPLINE_SURFACE_WITH_KNOTS('',3,1,((#10975,#10976),(#10977,#10978),
(#10979,#10980),(#10981,#10982)),.SURF_OF_LINEAR_EXTRUSION.,.F.,.F.,.F.,
(4,4),(2,2),(0.,1.),(0.,1.),.PIECEWISE_BEZIER_KNOTS.);
#21=B_SPLINE_SURFACE_WITH_KNOTS('',3,1,((#10988,#10989),(#10990,#10991),
(#10992,#10993),(#10994,#10995)),.SURF_OF_LINEAR_EXTRUSION.,.F.,.F.,.F.,
(4,4),(2,2),(0.,1.),(0.,1.),.PIECEWISE_BEZIER_KNOTS.);
#22=B_SPLINE_SURFACE_WITH_KNOTS('',3,1,((#11045,#11046),(#11047,#11048),
(#11049,#11050),(#11051,#11052)),.SURF_OF_LINEAR_EXTRUSION.,.F.,.F.,.F.,
(4,4),(2,2),(0.,1.),(0.,1.),.PIECEWISE_BEZIER_KNOTS.);
#23=B_SPLINE_SURFACE_WITH_KNOTS('',3,1,((#11058,#11059),(#11060,#11061),
(#11062,#11063),(#11064,#11065)),.SURF_OF_LINEAR_EXTRUSION.,.F.,.F.,.F.,
(4,4),(2,2),(0.,1.),(0.,1.),.PIECEWISE_BEZIER_KNOTS.);
#24=B_SPLINE_SURFACE_WITH_KNOTS('',3,1,((#11071,#11072),(#11073,#11074),
(#11075,#11076),(#11077,#11078)),.SURF_OF_LINEAR_EXTRUSION.,.F.,.F.,.F.,
(4,4),(2,2),(0.,1.),(0.,1.),.PIECEWISE_BEZIER_KNOTS.);
#25=B_SPLINE_SURFACE_WITH_KNOTS('',3,1,((#11087,#11088),(#11089,#11090),
(#11091,#11092),(#11093,#11094)),.SURF_OF_LINEAR_EXTRUSION.,.F.,.F.,.F.,
(4,4),(2,2),(0.,1.),(0.,1.),.PIECEWISE_BEZIER_KNOTS.);
#26=B_SPLINE_SURFACE_WITH_KNOTS('',3,1,((#11102,#11103),(#11104,#11105),
(#11106,#11107),(#11108,#11109)),.SURF_OF_LINEAR_EXTRUSION.,.F.,.F.,.F.,
(4,4),(2,2),(0.,1.),(0.,1.),.PIECEWISE_BEZIER_KNOTS.);
#27=B_SPLINE_SURFACE_WITH_KNOTS('',3,1,((#11115,#11116),(#11117,#11118),
(#11119,#11120),(#11121,#11122)),.SURF_OF_LINEAR_EXTRUSION.,.F.,.F.,.F.,
(4,4),(2,2),(0.,1.),(0.,1.),.PIECEWISE_BEZIER_KNOTS.);
#28=B_SPLINE_SURFACE_WITH_KNOTS('',3,1,((#11128,#11129),(#11130,#11131),
(#11132,#11133),(#11134,#11135)),.SURF_OF_LINEAR_EXTRUSION.,.F.,.F.,.F.,
(4,4),(2,2),(0.,1.),(0.,1.),.PIECEWISE_BEZIER_KNOTS.);
#29=B_SPLINE_SURFACE_WITH_KNOTS('',3,1,((#11141,#11142),(#11143,#11144),
(#11145,#11146),(#11147,#11148)),.SURF_OF_LINEAR_EXTRUSION.,.F.,.F.,.F.,
(4,4),(2,2),(0.,1.),(0.,1.),.PIECEWISE_BEZIER_KNOTS.);
#30=B_SPLINE_SURFACE_WITH_KNOTS('',3,1,((#11154,#11155),(#11156,#11157),
(#11158,#11159),(#11160,#11161)),.SURF_OF_LINEAR_EXTRUSION.,.F.,.F.,.F.,
(4,4),(2,2),(0.,1.),(0.,1.),.PIECEWISE_BEZIER_KNOTS.);
#31=B_SPLINE_SURFACE_WITH_KNOTS('',3,1,((#11167,#11168),(#11169,#11170),
(#11171,#11172),(#11173,#11174)),.SURF_OF_LINEAR_EXTRUSION.,.F.,.F.,.F.,
(4,4),(2,2),(0.,1.),(0.,1.),.PIECEWISE_BEZIER_KNOTS.);
#32=B_SPLINE_SURFACE_WITH_KNOTS('',3,1,((#11184,#11185),(#11186,#11187),
(#11188,#11189),(#11190,#11191)),.SURF_OF_LINEAR_EXTRUSION.,.F.,.F.,.F.,
(4,4),(2,2),(0.,1.),(0.,1.),.PIECEWISE_BEZIER_KNOTS.);
#33=B_SPLINE_SURFACE_WITH_KNOTS('',3,1,((#11197,#11198),(#11199,#11200),
(#11201,#11202),(#11203,#11204)),.SURF_OF_LINEAR_EXTRUSION.,.F.,.F.,.F.,
(4,4),(2,2),(0.,1.),(0.,1.),.PIECEWISE_BEZIER_KNOTS.);
#34=B_SPLINE_SURFACE_WITH_KNOTS('',3,1,((#11210,#11211),(#11212,#11213),
(#11214,#11215),(#11216,#11217)),.SURF_OF_LINEAR_EXTRUSION.,.F.,.F.,.F.,
(4,4),(2,2),(0.,1.),(0.,1.),.PIECEWISE_BEZIER_KNOTS.);
#35=B_SPLINE_SURFACE_WITH_KNOTS('',3,1,((#11223,#11224),(#11225,#11226),
(#11227,#11228),(#11229,#11230)),.SURF_OF_LINEAR_EXTRUSION.,.F.,.F.,.F.,
(4,4),(2,2),(0.,1.),(0.,1.),.PIECEWISE_BEZIER_KNOTS.);
#36=B_SPLINE_SURFACE_WITH_KNOTS('',3,1,((#11236,#11237),(#11238,#11239),
(#11240,#11241),(#11242,#11243)),.SURF_OF_LINEAR_EXTRUSION.,.F.,.F.,.F.,
(4,4),(2,2),(0.,1.),(0.,1.),.PIECEWISE_BEZIER_KNOTS.);
#37=B_SPLINE_SURFACE_WITH_KNOTS('',3,1,((#11249,#11250),(#11251,#11252),
(#11253,#11254),(#11255,#11256)),.SURF_OF_LINEAR_EXTRUSION.,.F.,.F.,.F.,
(4,4),(2,2),(0.,1.),(0.,1.),.PIECEWISE_BEZIER_KNOTS.);
#38=B_SPLINE_SURFACE_WITH_KNOTS('',3,1,((#11279,#11280),(#11281,#11282),
(#11283,#11284),(#11285,#11286)),.SURF_OF_LINEAR_EXTRUSION.,.F.,.F.,.F.,
(4,4),(2,2),(0.,1.),(0.,1.),.PIECEWISE_BEZIER_KNOTS.);
#39=B_SPLINE_SURFACE_WITH_KNOTS('',3,1,((#11292,#11293),(#11294,#11295),
(#11296,#11297),(#11298,#11299)),.SURF_OF_LINEAR_EXTRUSION.,.F.,.F.,.F.,
(4,4),(2,2),(0.,1.),(0.,1.),.PIECEWISE_BEZIER_KNOTS.);
#40=B_SPLINE_SURFACE_WITH_KNOTS('',3,1,((#11305,#11306),(#11307,#11308),
(#11309,#11310),(#11311,#11312)),.SURF_OF_LINEAR_EXTRUSION.,.F.,.F.,.F.,
(4,4),(2,2),(0.,1.),(0.,1.),.PIECEWISE_BEZIER_KNOTS.);
#41=B_SPLINE_SURFACE_WITH_KNOTS('',3,1,((#11318,#11319),(#11320,#11321),
(#11322,#11323),(#11324,#11325)),.SURF_OF_LINEAR_EXTRUSION.,.F.,.F.,.F.,
(4,4),(2,2),(0.,1.),(0.,1.),.PIECEWISE_BEZIER_KNOTS.);
#42=B_SPLINE_SURFACE_WITH_KNOTS('',3,1,((#11343,#11344),(#11345,#11346),
(#11347,#11348),(#11349,#11350)),.SURF_OF_LINEAR_EXTRUSION.,.F.,.F.,.F.,
(4,4),(2,2),(0.,1.),(0.,1.),.PIECEWISE_BEZIER_KNOTS.);
#43=B_SPLINE_SURFACE_WITH_KNOTS('',3,1,((#11356,#11357),(#11358,#11359),
(#11360,#11361),(#11362,#11363)),.SURF_OF_LINEAR_EXTRUSION.,.F.,.F.,.F.,
(4,4),(2,2),(0.,1.),(0.,1.),.PIECEWISE_BEZIER_KNOTS.);
#44=B_SPLINE_SURFACE_WITH_KNOTS('',3,1,((#11369,#11370),(#11371,#11372),
(#11373,#11374),(#11375,#11376)),.SURF_OF_LINEAR_EXTRUSION.,.F.,.F.,.F.,
(4,4),(2,2),(0.,1.),(0.,1.),.PIECEWISE_BEZIER_KNOTS.);
#45=B_SPLINE_SURFACE_WITH_KNOTS('',3,1,((#11449,#11450),(#11451,#11452),
(#11453,#11454),(#11455,#11456)),.SURF_OF_LINEAR_EXTRUSION.,.F.,.F.,.F.,
(4,4),(2,2),(0.,1.),(0.,1.),.PIECEWISE_BEZIER_KNOTS.);
#46=B_SPLINE_SURFACE_WITH_KNOTS('',3,1,((#11462,#11463),(#11464,#11465),
(#11466,#11467),(#11468,#11469)),.SURF_OF_LINEAR_EXTRUSION.,.F.,.F.,.F.,
(4,4),(2,2),(0.,1.),(0.,1.),.PIECEWISE_BEZIER_KNOTS.);
#47=B_SPLINE_SURFACE_WITH_KNOTS('',3,1,((#11475,#11476),(#11477,#11478),
(#11479,#11480),(#11481,#11482)),.SURF_OF_LINEAR_EXTRUSION.,.F.,.F.,.F.,
(4,4),(2,2),(0.,1.),(0.,1.),.PIECEWISE_BEZIER_KNOTS.);
#48=B_SPLINE_SURFACE_WITH_KNOTS('',3,1,((#11512,#11513),(#11514,#11515),
(#11516,#11517),(#11518,#11519)),.SURF_OF_LINEAR_EXTRUSION.,.F.,.F.,.F.,
(4,4),(2,2),(0.,1.),(0.,1.),.PIECEWISE_BEZIER_KNOTS.);
#49=B_SPLINE_SURFACE_WITH_KNOTS('',3,1,((#11533,#11534),(#11535,#11536),
(#11537,#11538),(#11539,#11540)),.SURF_OF_LINEAR_EXTRUSION.,.F.,.F.,.F.,
(4,4),(2,2),(0.,1.),(0.,1.),.PIECEWISE_BEZIER_KNOTS.);
#50=B_SPLINE_SURFACE_WITH_KNOTS('',3,1,((#11546,#11547),(#11548,#11549),
(#11550,#11551),(#11552,#11553)),.SURF_OF_LINEAR_EXTRUSION.,.F.,.F.,.F.,
(4,4),(2,2),(0.,1.),(0.,1.),.PIECEWISE_BEZIER_KNOTS.);
#51=B_SPLINE_SURFACE_WITH_KNOTS('',3,1,((#11559,#11560),(#11561,#11562),
(#11563,#11564),(#11565,#11566)),.SURF_OF_LINEAR_EXTRUSION.,.F.,.F.,.F.,
(4,4),(2,2),(0.,1.),(0.,1.),.PIECEWISE_BEZIER_KNOTS.);
#52=B_SPLINE_SURFACE_WITH_KNOTS('',3,1,((#11572,#11573),(#11574,#11575),
(#11576,#11577),(#11578,#11579)),.SURF_OF_LINEAR_EXTRUSION.,.F.,.F.,.F.,
(4,4),(2,2),(0.,1.),(0.,1.),.PIECEWISE_BEZIER_KNOTS.);
#53=B_SPLINE_SURFACE_WITH_KNOTS('',3,1,((#11588,#11589),(#11590,#11591),
(#11592,#11593),(#11594,#11595)),.SURF_OF_LINEAR_EXTRUSION.,.F.,.F.,.F.,
(4,4),(2,2),(0.,1.),(0.,1.),.PIECEWISE_BEZIER_KNOTS.);
#54=B_SPLINE_SURFACE_WITH_KNOTS('',3,1,((#11603,#11604),(#11605,#11606),
(#11607,#11608),(#11609,#11610)),.SURF_OF_LINEAR_EXTRUSION.,.F.,.F.,.F.,
(4,4),(2,2),(0.,1.),(0.,1.),.PIECEWISE_BEZIER_KNOTS.);
#55=B_SPLINE_SURFACE_WITH_KNOTS('',3,1,((#11616,#11617),(#11618,#11619),
(#11620,#11621),(#11622,#11623)),.SURF_OF_LINEAR_EXTRUSION.,.F.,.F.,.F.,
(4,4),(2,2),(0.,1.),(0.,1.),.PIECEWISE_BEZIER_KNOTS.);
#56=B_SPLINE_SURFACE_WITH_KNOTS('',3,1,((#11633,#11634),(#11635,#11636),
(#11637,#11638),(#11639,#11640)),.SURF_OF_LINEAR_EXTRUSION.,.F.,.F.,.F.,
(4,4),(2,2),(0.,1.),(0.,1.),.PIECEWISE_BEZIER_KNOTS.);
#57=B_SPLINE_SURFACE_WITH_KNOTS('',3,1,((#11654,#11655),(#11656,#11657),
(#11658,#11659),(#11660,#11661)),.SURF_OF_LINEAR_EXTRUSION.,.F.,.F.,.F.,
(4,4),(2,2),(0.,1.),(0.,1.),.PIECEWISE_BEZIER_KNOTS.);
#58=B_SPLINE_SURFACE_WITH_KNOTS('',3,1,((#11667,#11668),(#11669,#11670),
(#11671,#11672),(#11673,#11674)),.SURF_OF_LINEAR_EXTRUSION.,.F.,.F.,.F.,
(4,4),(2,2),(0.,1.),(0.,1.),.PIECEWISE_BEZIER_KNOTS.);
#59=B_SPLINE_SURFACE_WITH_KNOTS('',3,1,((#11680,#11681),(#11682,#11683),
(#11684,#11685),(#11686,#11687)),.SURF_OF_LINEAR_EXTRUSION.,.F.,.F.,.F.,
(4,4),(2,2),(0.,1.),(0.,1.),.PIECEWISE_BEZIER_KNOTS.);
#60=B_SPLINE_SURFACE_WITH_KNOTS('',3,1,((#11697,#11698),(#11699,#11700),
(#11701,#11702),(#11703,#11704)),.SURF_OF_LINEAR_EXTRUSION.,.F.,.F.,.F.,
(4,4),(2,2),(0.,1.),(0.,1.),.PIECEWISE_BEZIER_KNOTS.);
#61=B_SPLINE_SURFACE_WITH_KNOTS('',3,1,((#11710,#11711),(#11712,#11713),
(#11714,#11715),(#11716,#11717)),.SURF_OF_LINEAR_EXTRUSION.,.F.,.F.,.F.,
(4,4),(2,2),(0.,1.),(0.,1.),.PIECEWISE_BEZIER_KNOTS.);
#62=B_SPLINE_SURFACE_WITH_KNOTS('',3,1,((#11723,#11724),(#11725,#11726),
(#11727,#11728),(#11729,#11730)),.SURF_OF_LINEAR_EXTRUSION.,.F.,.F.,.F.,
(4,4),(2,2),(0.,1.),(0.,1.),.PIECEWISE_BEZIER_KNOTS.);
#63=B_SPLINE_SURFACE_WITH_KNOTS('',3,1,((#11736,#11737),(#11738,#11739),
(#11740,#11741),(#11742,#11743)),.SURF_OF_LINEAR_EXTRUSION.,.F.,.F.,.F.,
(4,4),(2,2),(0.,1.),(0.,1.),.PIECEWISE_BEZIER_KNOTS.);
#64=B_SPLINE_SURFACE_WITH_KNOTS('',3,1,((#11753,#11754),(#11755,#11756),
(#11757,#11758),(#11759,#11760)),.SURF_OF_LINEAR_EXTRUSION.,.F.,.F.,.F.,
(4,4),(2,2),(0.,1.),(0.,1.),.PIECEWISE_BEZIER_KNOTS.);
#65=B_SPLINE_SURFACE_WITH_KNOTS('',3,1,((#11766,#11767),(#11768,#11769),
(#11770,#11771),(#11772,#11773)),.SURF_OF_LINEAR_EXTRUSION.,.F.,.F.,.F.,
(4,4),(2,2),(0.,1.),(0.,1.),.PIECEWISE_BEZIER_KNOTS.);
#66=B_SPLINE_SURFACE_WITH_KNOTS('',3,1,((#11779,#11780),(#11781,#11782),
(#11783,#11784),(#11785,#11786)),.SURF_OF_LINEAR_EXTRUSION.,.F.,.F.,.F.,
(4,4),(2,2),(0.,1.),(0.,1.),.PIECEWISE_BEZIER_KNOTS.);
#67=B_SPLINE_SURFACE_WITH_KNOTS('',3,1,((#11791,#11792),(#11793,#11794),
(#11795,#11796),(#11797,#11798)),.SURF_OF_LINEAR_EXTRUSION.,.F.,.F.,.F.,
(4,4),(2,2),(0.,1.),(0.,1.),.PIECEWISE_BEZIER_KNOTS.);
#68=B_SPLINE_SURFACE_WITH_KNOTS('',3,1,((#11806,#11807),(#11808,#11809),
(#11810,#11811),(#11812,#11813)),.SURF_OF_LINEAR_EXTRUSION.,.F.,.F.,.F.,
(4,4),(2,2),(0.,1.),(0.,1.),.PIECEWISE_BEZIER_KNOTS.);
#69=B_SPLINE_SURFACE_WITH_KNOTS('',3,1,((#11819,#11820),(#11821,#11822),
(#11823,#11824),(#11825,#11826)),.SURF_OF_LINEAR_EXTRUSION.,.F.,.F.,.F.,
(4,4),(2,2),(0.,1.),(0.,1.),.PIECEWISE_BEZIER_KNOTS.);
#70=B_SPLINE_SURFACE_WITH_KNOTS('',3,1,((#11832,#11833),(#11834,#11835),
(#11836,#11837),(#11838,#11839)),.SURF_OF_LINEAR_EXTRUSION.,.F.,.F.,.F.,
(4,4),(2,2),(0.,1.),(0.,1.),.PIECEWISE_BEZIER_KNOTS.);
#71=B_SPLINE_SURFACE_WITH_KNOTS('',3,1,((#11845,#11846),(#11847,#11848),
(#11849,#11850),(#11851,#11852)),.SURF_OF_LINEAR_EXTRUSION.,.F.,.F.,.F.,
(4,4),(2,2),(0.,1.),(0.,1.),.PIECEWISE_BEZIER_KNOTS.);
#72=B_SPLINE_SURFACE_WITH_KNOTS('',3,1,((#11858,#11859),(#11860,#11861),
(#11862,#11863),(#11864,#11865)),.SURF_OF_LINEAR_EXTRUSION.,.F.,.F.,.F.,
(4,4),(2,2),(0.,1.),(0.,1.),.PIECEWISE_BEZIER_KNOTS.);
#73=B_SPLINE_SURFACE_WITH_KNOTS('',3,1,((#11871,#11872),(#11873,#11874),
(#11875,#11876),(#11877,#11878)),.SURF_OF_LINEAR_EXTRUSION.,.F.,.F.,.F.,
(4,4),(2,2),(0.,1.),(0.,1.),.PIECEWISE_BEZIER_KNOTS.);
#74=B_SPLINE_SURFACE_WITH_KNOTS('',3,1,((#11884,#11885),(#11886,#11887),
(#11888,#11889),(#11890,#11891)),.SURF_OF_LINEAR_EXTRUSION.,.F.,.F.,.F.,
(4,4),(2,2),(0.,1.),(0.,1.),.PIECEWISE_BEZIER_KNOTS.);
#75=B_SPLINE_SURFACE_WITH_KNOTS('',3,1,((#11904,#11905),(#11906,#11907),
(#11908,#11909),(#11910,#11911)),.SURF_OF_LINEAR_EXTRUSION.,.F.,.F.,.F.,
(4,4),(2,2),(0.,1.),(0.,1.),.PIECEWISE_BEZIER_KNOTS.);
#76=B_SPLINE_SURFACE_WITH_KNOTS('',3,1,((#11921,#11922),(#11923,#11924),
(#11925,#11926),(#11927,#11928)),.SURF_OF_LINEAR_EXTRUSION.,.F.,.F.,.F.,
(4,4),(2,2),(0.,1.),(0.,1.),.PIECEWISE_BEZIER_KNOTS.);
#77=B_SPLINE_SURFACE_WITH_KNOTS('',3,1,((#11938,#11939),(#11940,#11941),
(#11942,#11943),(#11944,#11945)),.SURF_OF_LINEAR_EXTRUSION.,.F.,.F.,.F.,
(4,4),(2,2),(0.,1.),(0.,1.),.PIECEWISE_BEZIER_KNOTS.);
#78=B_SPLINE_SURFACE_WITH_KNOTS('',3,1,((#11955,#11956),(#11957,#11958),
(#11959,#11960),(#11961,#11962)),.SURF_OF_LINEAR_EXTRUSION.,.F.,.F.,.F.,
(4,4),(2,2),(0.,1.),(0.,1.),.PIECEWISE_BEZIER_KNOTS.);
#79=B_SPLINE_SURFACE_WITH_KNOTS('',3,1,((#11972,#11973),(#11974,#11975),
(#11976,#11977),(#11978,#11979)),.SURF_OF_LINEAR_EXTRUSION.,.F.,.F.,.F.,
(4,4),(2,2),(0.,1.),(0.,1.),.PIECEWISE_BEZIER_KNOTS.);
#80=B_SPLINE_SURFACE_WITH_KNOTS('',3,1,((#11986,#11987),(#11988,#11989),
(#11990,#11991),(#11992,#11993)),.SURF_OF_LINEAR_EXTRUSION.,.F.,.F.,.F.,
(4,4),(2,2),(0.,1.),(0.,1.),.PIECEWISE_BEZIER_KNOTS.);
#81=B_SPLINE_SURFACE_WITH_KNOTS('',3,1,((#12016,#12017),(#12018,#12019),
(#12020,#12021),(#12022,#12023)),.SURF_OF_LINEAR_EXTRUSION.,.F.,.F.,.F.,
(4,4),(2,2),(0.,1.),(0.,1.),.PIECEWISE_BEZIER_KNOTS.);
#82=B_SPLINE_SURFACE_WITH_KNOTS('',3,1,((#12031,#12032),(#12033,#12034),
(#12035,#12036),(#12037,#12038)),.SURF_OF_LINEAR_EXTRUSION.,.F.,.F.,.F.,
(4,4),(2,2),(0.,1.),(0.,1.),.PIECEWISE_BEZIER_KNOTS.);
#83=B_SPLINE_SURFACE_WITH_KNOTS('',3,1,((#12044,#12045),(#12046,#12047),
(#12048,#12049),(#12050,#12051)),.SURF_OF_LINEAR_EXTRUSION.,.F.,.F.,.F.,
(4,4),(2,2),(0.,1.),(0.,1.),.PIECEWISE_BEZIER_KNOTS.);
#84=B_SPLINE_SURFACE_WITH_KNOTS('',3,1,((#12057,#12058),(#12059,#12060),
(#12061,#12062),(#12063,#12064)),.SURF_OF_LINEAR_EXTRUSION.,.F.,.F.,.F.,
(4,4),(2,2),(0.,1.),(0.,1.),.PIECEWISE_BEZIER_KNOTS.);
#85=B_SPLINE_SURFACE_WITH_KNOTS('',3,1,((#12070,#12071),(#12072,#12073),
(#12074,#12075),(#12076,#12077)),.SURF_OF_LINEAR_EXTRUSION.,.F.,.F.,.F.,
(4,4),(2,2),(0.,1.),(0.,1.),.PIECEWISE_BEZIER_KNOTS.);
#86=B_SPLINE_SURFACE_WITH_KNOTS('',3,1,((#12091,#12092),(#12093,#12094),
(#12095,#12096),(#12097,#12098)),.SURF_OF_LINEAR_EXTRUSION.,.F.,.F.,.F.,
(4,4),(2,2),(0.,1.),(0.,1.),.PIECEWISE_BEZIER_KNOTS.);
#87=B_SPLINE_SURFACE_WITH_KNOTS('',3,1,((#12104,#12105),(#12106,#12107),
(#12108,#12109),(#12110,#12111)),.SURF_OF_LINEAR_EXTRUSION.,.F.,.F.,.F.,
(4,4),(2,2),(0.,1.),(0.,1.),.PIECEWISE_BEZIER_KNOTS.);
#88=B_SPLINE_SURFACE_WITH_KNOTS('',3,1,((#12117,#12118),(#12119,#12120),
(#12121,#12122),(#12123,#12124)),.SURF_OF_LINEAR_EXTRUSION.,.F.,.F.,.F.,
(4,4),(2,2),(0.,1.),(0.,1.),.PIECEWISE_BEZIER_KNOTS.);
#89=B_SPLINE_SURFACE_WITH_KNOTS('',3,1,((#12130,#12131),(#12132,#12133),
(#12134,#12135),(#12136,#12137)),.SURF_OF_LINEAR_EXTRUSION.,.F.,.F.,.F.,
(4,4),(2,2),(0.,1.),(0.,1.),.PIECEWISE_BEZIER_KNOTS.);
#90=B_SPLINE_SURFACE_WITH_KNOTS('',3,1,((#12147,#12148),(#12149,#12150),
(#12151,#12152),(#12153,#12154)),.SURF_OF_LINEAR_EXTRUSION.,.F.,.F.,.F.,
(4,4),(2,2),(0.,1.),(0.,1.),.PIECEWISE_BEZIER_KNOTS.);
#91=B_SPLINE_SURFACE_WITH_KNOTS('',3,1,((#12160,#12161),(#12162,#12163),
(#12164,#12165),(#12166,#12167)),.SURF_OF_LINEAR_EXTRUSION.,.F.,.F.,.F.,
(4,4),(2,2),(0.,1.),(0.,1.),.PIECEWISE_BEZIER_KNOTS.);
#92=B_SPLINE_SURFACE_WITH_KNOTS('',3,1,((#12173,#12174),(#12175,#12176),
(#12177,#12178),(#12179,#12180)),.SURF_OF_LINEAR_EXTRUSION.,.F.,.F.,.F.,
(4,4),(2,2),(0.,1.),(0.,1.),.PIECEWISE_BEZIER_KNOTS.);
#93=B_SPLINE_SURFACE_WITH_KNOTS('',3,1,((#12186,#12187),(#12188,#12189),
(#12190,#12191),(#12192,#12193)),.SURF_OF_LINEAR_EXTRUSION.,.F.,.F.,.F.,
(4,4),(2,2),(0.,1.),(0.,1.),.PIECEWISE_BEZIER_KNOTS.);
#94=B_SPLINE_SURFACE_WITH_KNOTS('',3,1,((#12203,#12204),(#12205,#12206),
(#12207,#12208),(#12209,#12210)),.SURF_OF_LINEAR_EXTRUSION.,.F.,.F.,.F.,
(4,4),(2,2),(0.,1.),(0.,1.),.PIECEWISE_BEZIER_KNOTS.);
#95=B_SPLINE_SURFACE_WITH_KNOTS('',3,1,((#12216,#12217),(#12218,#12219),
(#12220,#12221),(#12222,#12223)),.SURF_OF_LINEAR_EXTRUSION.,.F.,.F.,.F.,
(4,4),(2,2),(0.,1.),(0.,1.),.PIECEWISE_BEZIER_KNOTS.);
#96=B_SPLINE_SURFACE_WITH_KNOTS('',3,1,((#12253,#12254),(#12255,#12256),
(#12257,#12258),(#12259,#12260)),.SURF_OF_LINEAR_EXTRUSION.,.F.,.F.,.F.,
(4,4),(2,2),(0.,1.),(0.,1.),.PIECEWISE_BEZIER_KNOTS.);
#97=B_SPLINE_SURFACE_WITH_KNOTS('',3,1,((#12266,#12267),(#12268,#12269),
(#12270,#12271),(#12272,#12273)),.SURF_OF_LINEAR_EXTRUSION.,.F.,.F.,.F.,
(4,4),(2,2),(0.,1.),(0.,1.),.PIECEWISE_BEZIER_KNOTS.);
#98=B_SPLINE_SURFACE_WITH_KNOTS('',3,1,((#12294,#12295),(#12296,#12297),
(#12298,#12299),(#12300,#12301)),.SURF_OF_LINEAR_EXTRUSION.,.F.,.F.,.F.,
(4,4),(2,2),(0.,1.),(0.,1.),.PIECEWISE_BEZIER_KNOTS.);
#99=B_SPLINE_SURFACE_WITH_KNOTS('',3,1,((#12317,#12318),(#12319,#12320),
(#12321,#12322),(#12323,#12324)),.SURF_OF_LINEAR_EXTRUSION.,.F.,.F.,.F.,
(4,4),(2,2),(0.,1.),(0.,1.),.PIECEWISE_BEZIER_KNOTS.);
#100=B_SPLINE_SURFACE_WITH_KNOTS('',3,1,((#12334,#12335),(#12336,#12337),
(#12338,#12339),(#12340,#12341)),.SURF_OF_LINEAR_EXTRUSION.,.F.,.F.,.F.,
(4,4),(2,2),(0.,1.),(0.,1.),.PIECEWISE_BEZIER_KNOTS.);
#101=B_SPLINE_SURFACE_WITH_KNOTS('',3,1,((#12351,#12352),(#12353,#12354),
(#12355,#12356),(#12357,#12358)),.SURF_OF_LINEAR_EXTRUSION.,.F.,.F.,.F.,
(4,4),(2,2),(0.,1.),(0.,1.),.PIECEWISE_BEZIER_KNOTS.);
#102=B_SPLINE_SURFACE_WITH_KNOTS('',3,1,((#12387,#12388),(#12389,#12390),
(#12391,#12392),(#12393,#12394)),.SURF_OF_LINEAR_EXTRUSION.,.F.,.F.,.F.,
(4,4),(2,2),(0.,1.),(0.,1.),.PIECEWISE_BEZIER_KNOTS.);
#103=B_SPLINE_SURFACE_WITH_KNOTS('',3,1,((#12402,#12403),(#12404,#12405),
(#12406,#12407),(#12408,#12409)),.SURF_OF_LINEAR_EXTRUSION.,.F.,.F.,.F.,
(4,4),(2,2),(0.,1.),(0.,1.),.PIECEWISE_BEZIER_KNOTS.);
#104=B_SPLINE_SURFACE_WITH_KNOTS('',3,1,((#12415,#12416),(#12417,#12418),
(#12419,#12420),(#12421,#12422)),.SURF_OF_LINEAR_EXTRUSION.,.F.,.F.,.F.,
(4,4),(2,2),(0.,1.),(0.,1.),.PIECEWISE_BEZIER_KNOTS.);
#105=B_SPLINE_SURFACE_WITH_KNOTS('',3,1,((#12428,#12429),(#12430,#12431),
(#12432,#12433),(#12434,#12435)),.SURF_OF_LINEAR_EXTRUSION.,.F.,.F.,.F.,
(4,4),(2,2),(0.,1.),(0.,1.),.PIECEWISE_BEZIER_KNOTS.);
#106=B_SPLINE_SURFACE_WITH_KNOTS('',3,1,((#12441,#12442),(#12443,#12444),
(#12445,#12446),(#12447,#12448)),.SURF_OF_LINEAR_EXTRUSION.,.F.,.F.,.F.,
(4,4),(2,2),(0.,1.),(0.,1.),.PIECEWISE_BEZIER_KNOTS.);
#107=B_SPLINE_SURFACE_WITH_KNOTS('',3,1,((#12462,#12463),(#12464,#12465),
(#12466,#12467),(#12468,#12469)),.SURF_OF_LINEAR_EXTRUSION.,.F.,.F.,.F.,
(4,4),(2,2),(0.,1.),(0.,1.),.PIECEWISE_BEZIER_KNOTS.);
#108=B_SPLINE_SURFACE_WITH_KNOTS('',3,1,((#12475,#12476),(#12477,#12478),
(#12479,#12480),(#12481,#12482)),.SURF_OF_LINEAR_EXTRUSION.,.F.,.F.,.F.,
(4,4),(2,2),(0.,1.),(0.,1.),.PIECEWISE_BEZIER_KNOTS.);
#109=B_SPLINE_SURFACE_WITH_KNOTS('',3,1,((#12488,#12489),(#12490,#12491),
(#12492,#12493),(#12494,#12495)),.SURF_OF_LINEAR_EXTRUSION.,.F.,.F.,.F.,
(4,4),(2,2),(0.,1.),(0.,1.),.PIECEWISE_BEZIER_KNOTS.);
#110=B_SPLINE_SURFACE_WITH_KNOTS('',3,1,((#12501,#12502),(#12503,#12504),
(#12505,#12506),(#12507,#12508)),.SURF_OF_LINEAR_EXTRUSION.,.F.,.F.,.F.,
(4,4),(2,2),(0.,1.),(0.,1.),.PIECEWISE_BEZIER_KNOTS.);
#111=B_SPLINE_SURFACE_WITH_KNOTS('',3,1,((#12518,#12519),(#12520,#12521),
(#12522,#12523),(#12524,#12525)),.SURF_OF_LINEAR_EXTRUSION.,.F.,.F.,.F.,
(4,4),(2,2),(0.,1.),(0.,1.),.PIECEWISE_BEZIER_KNOTS.);
#112=B_SPLINE_SURFACE_WITH_KNOTS('',3,1,((#12531,#12532),(#12533,#12534),
(#12535,#12536),(#12537,#12538)),.SURF_OF_LINEAR_EXTRUSION.,.F.,.F.,.F.,
(4,4),(2,2),(0.,1.),(0.,1.),.PIECEWISE_BEZIER_KNOTS.);
#113=B_SPLINE_SURFACE_WITH_KNOTS('',3,1,((#12544,#12545),(#12546,#12547),
(#12548,#12549),(#12550,#12551)),.SURF_OF_LINEAR_EXTRUSION.,.F.,.F.,.F.,
(4,4),(2,2),(0.,1.),(0.,1.),.PIECEWISE_BEZIER_KNOTS.);
#114=B_SPLINE_SURFACE_WITH_KNOTS('',3,1,((#12557,#12558),(#12559,#12560),
(#12561,#12562),(#12563,#12564)),.SURF_OF_LINEAR_EXTRUSION.,.F.,.F.,.F.,
(4,4),(2,2),(0.,1.),(0.,1.),.PIECEWISE_BEZIER_KNOTS.);
#115=B_SPLINE_SURFACE_WITH_KNOTS('',3,1,((#12574,#12575),(#12576,#12577),
(#12578,#12579),(#12580,#12581)),.SURF_OF_LINEAR_EXTRUSION.,.F.,.F.,.F.,
(4,4),(2,2),(0.,1.),(0.,1.),.PIECEWISE_BEZIER_KNOTS.);
#116=B_SPLINE_SURFACE_WITH_KNOTS('',3,1,((#12587,#12588),(#12589,#12590),
(#12591,#12592),(#12593,#12594)),.SURF_OF_LINEAR_EXTRUSION.,.F.,.F.,.F.,
(4,4),(2,2),(0.,1.),(0.,1.),.PIECEWISE_BEZIER_KNOTS.);
#117=B_SPLINE_SURFACE_WITH_KNOTS('',3,1,((#12624,#12625),(#12626,#12627),
(#12628,#12629),(#12630,#12631)),.SURF_OF_LINEAR_EXTRUSION.,.F.,.F.,.F.,
(4,4),(2,2),(0.,1.),(0.,1.),.PIECEWISE_BEZIER_KNOTS.);
#118=B_SPLINE_SURFACE_WITH_KNOTS('',3,1,((#12637,#12638),(#12639,#12640),
(#12641,#12642),(#12643,#12644)),.SURF_OF_LINEAR_EXTRUSION.,.F.,.F.,.F.,
(4,4),(2,2),(0.,1.),(0.,1.),.PIECEWISE_BEZIER_KNOTS.);
#119=B_SPLINE_SURFACE_WITH_KNOTS('',3,1,((#12665,#12666),(#12667,#12668),
(#12669,#12670),(#12671,#12672)),.SURF_OF_LINEAR_EXTRUSION.,.F.,.F.,.F.,
(4,4),(2,2),(0.,1.),(0.,1.),.PIECEWISE_BEZIER_KNOTS.);
#120=B_SPLINE_SURFACE_WITH_KNOTS('',3,1,((#12688,#12689),(#12690,#12691),
(#12692,#12693),(#12694,#12695)),.SURF_OF_LINEAR_EXTRUSION.,.F.,.F.,.F.,
(4,4),(2,2),(0.,1.),(0.,1.),.PIECEWISE_BEZIER_KNOTS.);
#121=B_SPLINE_SURFACE_WITH_KNOTS('',3,1,((#12705,#12706),(#12707,#12708),
(#12709,#12710),(#12711,#12712)),.SURF_OF_LINEAR_EXTRUSION.,.F.,.F.,.F.,
(4,4),(2,2),(0.,1.),(0.,1.),.PIECEWISE_BEZIER_KNOTS.);
#122=B_SPLINE_SURFACE_WITH_KNOTS('',3,1,((#12722,#12723),(#12724,#12725),
(#12726,#12727),(#12728,#12729)),.SURF_OF_LINEAR_EXTRUSION.,.F.,.F.,.F.,
(4,4),(2,2),(0.,1.),(0.,1.),.PIECEWISE_BEZIER_KNOTS.);
#123=B_SPLINE_SURFACE_WITH_KNOTS('',3,1,((#12764,#12765),(#12766,#12767),
(#12768,#12769),(#12770,#12771)),.SURF_OF_LINEAR_EXTRUSION.,.F.,.F.,.F.,
(4,4),(2,2),(0.,1.),(0.,1.),.PIECEWISE_BEZIER_KNOTS.);
#124=B_SPLINE_SURFACE_WITH_KNOTS('',3,1,((#12785,#12786),(#12787,#12788),
(#12789,#12790),(#12791,#12792)),.SURF_OF_LINEAR_EXTRUSION.,.F.,.F.,.F.,
(4,4),(2,2),(0.,1.),(0.,1.),.PIECEWISE_BEZIER_KNOTS.);
#125=B_SPLINE_SURFACE_WITH_KNOTS('',3,1,((#12798,#12799),(#12800,#12801),
(#12802,#12803),(#12804,#12805)),.SURF_OF_LINEAR_EXTRUSION.,.F.,.F.,.F.,
(4,4),(2,2),(0.,1.),(0.,1.),.PIECEWISE_BEZIER_KNOTS.);
#126=B_SPLINE_SURFACE_WITH_KNOTS('',3,1,((#12811,#12812),(#12813,#12814),
(#12815,#12816),(#12817,#12818)),.SURF_OF_LINEAR_EXTRUSION.,.F.,.F.,.F.,
(4,4),(2,2),(0.,1.),(0.,1.),.PIECEWISE_BEZIER_KNOTS.);
#127=B_SPLINE_SURFACE_WITH_KNOTS('',3,1,((#12824,#12825),(#12826,#12827),
(#12828,#12829),(#12830,#12831)),.SURF_OF_LINEAR_EXTRUSION.,.F.,.F.,.F.,
(4,4),(2,2),(0.,1.),(0.,1.),.PIECEWISE_BEZIER_KNOTS.);
#128=B_SPLINE_SURFACE_WITH_KNOTS('',3,1,((#12837,#12838),(#12839,#12840),
(#12841,#12842),(#12843,#12844)),.SURF_OF_LINEAR_EXTRUSION.,.F.,.F.,.F.,
(4,4),(2,2),(0.,1.),(0.,1.),.PIECEWISE_BEZIER_KNOTS.);
#129=B_SPLINE_SURFACE_WITH_KNOTS('',3,1,((#12850,#12851),(#12852,#12853),
(#12854,#12855),(#12856,#12857)),.SURF_OF_LINEAR_EXTRUSION.,.F.,.F.,.F.,
(4,4),(2,2),(0.,1.),(0.,1.),.PIECEWISE_BEZIER_KNOTS.);
#130=B_SPLINE_SURFACE_WITH_KNOTS('',3,1,((#12863,#12864),(#12865,#12866),
(#12867,#12868),(#12869,#12870)),.SURF_OF_LINEAR_EXTRUSION.,.F.,.F.,.F.,
(4,4),(2,2),(0.,1.),(0.,1.),.PIECEWISE_BEZIER_KNOTS.);
#131=B_SPLINE_SURFACE_WITH_KNOTS('',3,1,((#12896,#12897),(#12898,#12899),
(#12900,#12901),(#12902,#12903)),.SURF_OF_LINEAR_EXTRUSION.,.F.,.F.,.F.,
(4,4),(2,2),(0.,1.),(0.,1.),.PIECEWISE_BEZIER_KNOTS.);
#132=B_SPLINE_SURFACE_WITH_KNOTS('',3,1,((#12916,#12917),(#12918,#12919),
(#12920,#12921),(#12922,#12923)),.SURF_OF_LINEAR_EXTRUSION.,.F.,.F.,.F.,
(4,4),(2,2),(0.,1.),(0.,1.),.PIECEWISE_BEZIER_KNOTS.);
#133=B_SPLINE_SURFACE_WITH_KNOTS('',3,1,((#12933,#12934),(#12935,#12936),
(#12937,#12938),(#12939,#12940)),.SURF_OF_LINEAR_EXTRUSION.,.F.,.F.,.F.,
(4,4),(2,2),(0.,1.),(0.,1.),.PIECEWISE_BEZIER_KNOTS.);
#134=B_SPLINE_SURFACE_WITH_KNOTS('',3,1,((#12950,#12951),(#12952,#12953),
(#12954,#12955),(#12956,#12957)),.SURF_OF_LINEAR_EXTRUSION.,.F.,.F.,.F.,
(4,4),(2,2),(0.,1.),(0.,1.),.PIECEWISE_BEZIER_KNOTS.);
#135=B_SPLINE_SURFACE_WITH_KNOTS('',3,1,((#12967,#12968),(#12969,#12970),
(#12971,#12972),(#12973,#12974)),.SURF_OF_LINEAR_EXTRUSION.,.F.,.F.,.F.,
(4,4),(2,2),(0.,1.),(0.,1.),.PIECEWISE_BEZIER_KNOTS.);
#136=B_SPLINE_SURFACE_WITH_KNOTS('',3,1,((#12984,#12985),(#12986,#12987),
(#12988,#12989),(#12990,#12991)),.SURF_OF_LINEAR_EXTRUSION.,.F.,.F.,.F.,
(4,4),(2,2),(0.,1.),(0.,1.),.PIECEWISE_BEZIER_KNOTS.);
#137=B_SPLINE_SURFACE_WITH_KNOTS('',3,1,((#13001,#13002),(#13003,#13004),
(#13005,#13006),(#13007,#13008)),.SURF_OF_LINEAR_EXTRUSION.,.F.,.F.,.F.,
(4,4),(2,2),(0.,1.),(0.,1.),.PIECEWISE_BEZIER_KNOTS.);
#138=B_SPLINE_SURFACE_WITH_KNOTS('',3,1,((#13033,#13034),(#13035,#13036),
(#13037,#13038),(#13039,#13040)),.SURF_OF_LINEAR_EXTRUSION.,.F.,.F.,.F.,
(4,4),(2,2),(0.,1.),(0.,1.),.PIECEWISE_BEZIER_KNOTS.);
#139=B_SPLINE_SURFACE_WITH_KNOTS('',3,1,((#13090,#13091),(#13092,#13093),
(#13094,#13095),(#13096,#13097)),.SURF_OF_LINEAR_EXTRUSION.,.F.,.F.,.F.,
(4,4),(2,2),(0.,1.),(0.,1.),.PIECEWISE_BEZIER_KNOTS.);
#140=B_SPLINE_SURFACE_WITH_KNOTS('',3,1,((#13124,#13125),(#13126,#13127),
(#13128,#13129),(#13130,#13131)),.SURF_OF_LINEAR_EXTRUSION.,.F.,.F.,.F.,
(4,4),(2,2),(0.,1.),(0.,1.),.PIECEWISE_BEZIER_KNOTS.);
#141=B_SPLINE_SURFACE_WITH_KNOTS('',3,1,((#13137,#13138),(#13139,#13140),
(#13141,#13142),(#13143,#13144)),.SURF_OF_LINEAR_EXTRUSION.,.F.,.F.,.F.,
(4,4),(2,2),(0.,1.),(0.,1.),.PIECEWISE_BEZIER_KNOTS.);
#142=B_SPLINE_SURFACE_WITH_KNOTS('',3,1,((#13150,#13151),(#13152,#13153),
(#13154,#13155),(#13156,#13157)),.SURF_OF_LINEAR_EXTRUSION.,.F.,.F.,.F.,
(4,4),(2,2),(0.,1.),(0.,1.),.PIECEWISE_BEZIER_KNOTS.);
#143=B_SPLINE_SURFACE_WITH_KNOTS('',3,1,((#13175,#13176),(#13177,#13178),
(#13179,#13180),(#13181,#13182)),.SURF_OF_LINEAR_EXTRUSION.,.F.,.F.,.F.,
(4,4),(2,2),(0.,1.),(0.,1.),.PIECEWISE_BEZIER_KNOTS.);
#144=B_SPLINE_SURFACE_WITH_KNOTS('',3,1,((#13192,#13193),(#13194,#13195),
(#13196,#13197),(#13198,#13199)),.SURF_OF_LINEAR_EXTRUSION.,.F.,.F.,.F.,
(4,4),(2,2),(0.,1.),(0.,1.),.PIECEWISE_BEZIER_KNOTS.);
#145=B_SPLINE_SURFACE_WITH_KNOTS('',3,1,((#13209,#13210),(#13211,#13212),
(#13213,#13214),(#13215,#13216)),.SURF_OF_LINEAR_EXTRUSION.,.F.,.F.,.F.,
(4,4),(2,2),(0.,1.),(0.,1.),.PIECEWISE_BEZIER_KNOTS.);
#146=B_SPLINE_SURFACE_WITH_KNOTS('',3,1,((#13222,#13223),(#13224,#13225),
(#13226,#13227),(#13228,#13229)),.SURF_OF_LINEAR_EXTRUSION.,.F.,.F.,.F.,
(4,4),(2,2),(0.,1.),(0.,1.),.PIECEWISE_BEZIER_KNOTS.);
#147=B_SPLINE_SURFACE_WITH_KNOTS('',3,1,((#13235,#13236),(#13237,#13238),
(#13239,#13240),(#13241,#13242)),.SURF_OF_LINEAR_EXTRUSION.,.F.,.F.,.F.,
(4,4),(2,2),(0.,1.),(0.,1.),.PIECEWISE_BEZIER_KNOTS.);
#148=B_SPLINE_SURFACE_WITH_KNOTS('',3,1,((#13248,#13249),(#13250,#13251),
(#13252,#13253),(#13254,#13255)),.SURF_OF_LINEAR_EXTRUSION.,.F.,.F.,.F.,
(4,4),(2,2),(0.,1.),(0.,1.),.PIECEWISE_BEZIER_KNOTS.);
#149=B_SPLINE_SURFACE_WITH_KNOTS('',3,1,((#13352,#13353),(#13354,#13355),
(#13356,#13357),(#13358,#13359)),.SURF_OF_LINEAR_EXTRUSION.,.F.,.F.,.F.,
(4,4),(2,2),(0.,1.),(0.,1.),.PIECEWISE_BEZIER_KNOTS.);
#150=B_SPLINE_SURFACE_WITH_KNOTS('',3,1,((#13365,#13366),(#13367,#13368),
(#13369,#13370),(#13371,#13372)),.SURF_OF_LINEAR_EXTRUSION.,.F.,.F.,.F.,
(4,4),(2,2),(0.,1.),(0.,1.),.PIECEWISE_BEZIER_KNOTS.);
#151=B_SPLINE_SURFACE_WITH_KNOTS('',3,1,((#13378,#13379),(#13380,#13381),
(#13382,#13383),(#13384,#13385)),.SURF_OF_LINEAR_EXTRUSION.,.F.,.F.,.F.,
(4,4),(2,2),(0.,1.),(0.,1.),.PIECEWISE_BEZIER_KNOTS.);
#152=B_SPLINE_SURFACE_WITH_KNOTS('',3,1,((#13391,#13392),(#13393,#13394),
(#13395,#13396),(#13397,#13398)),.SURF_OF_LINEAR_EXTRUSION.,.F.,.F.,.F.,
(4,4),(2,2),(0.,1.),(0.,1.),.PIECEWISE_BEZIER_KNOTS.);
#153=B_SPLINE_SURFACE_WITH_KNOTS('',3,1,((#13416,#13417),(#13418,#13419),
(#13420,#13421),(#13422,#13423)),.SURF_OF_LINEAR_EXTRUSION.,.F.,.F.,.F.,
(4,4),(2,2),(0.,1.),(0.,1.),.PIECEWISE_BEZIER_KNOTS.);
#154=B_SPLINE_SURFACE_WITH_KNOTS('',3,1,((#13429,#13430),(#13431,#13432),
(#13433,#13434),(#13435,#13436)),.SURF_OF_LINEAR_EXTRUSION.,.F.,.F.,.F.,
(4,4),(2,2),(0.,1.),(0.,1.),.PIECEWISE_BEZIER_KNOTS.);
#155=B_SPLINE_SURFACE_WITH_KNOTS('',3,1,((#13442,#13443),(#13444,#13445),
(#13446,#13447),(#13448,#13449)),.SURF_OF_LINEAR_EXTRUSION.,.F.,.F.,.F.,
(4,4),(2,2),(0.,1.),(0.,1.),.PIECEWISE_BEZIER_KNOTS.);
#156=B_SPLINE_SURFACE_WITH_KNOTS('',3,1,((#13512,#13513),(#13514,#13515),
(#13516,#13517),(#13518,#13519)),.SURF_OF_LINEAR_EXTRUSION.,.F.,.F.,.F.,
(4,4),(2,2),(0.,1.),(0.,1.),.PIECEWISE_BEZIER_KNOTS.);
#157=B_SPLINE_SURFACE_WITH_KNOTS('',3,1,((#13527,#13528),(#13529,#13530),
(#13531,#13532),(#13533,#13534)),.SURF_OF_LINEAR_EXTRUSION.,.F.,.F.,.F.,
(4,4),(2,2),(0.,1.),(0.,1.),.PIECEWISE_BEZIER_KNOTS.);
#158=B_SPLINE_SURFACE_WITH_KNOTS('',3,1,((#13540,#13541),(#13542,#13543),
(#13544,#13545),(#13546,#13547)),.SURF_OF_LINEAR_EXTRUSION.,.F.,.F.,.F.,
(4,4),(2,2),(0.,1.),(0.,1.),.PIECEWISE_BEZIER_KNOTS.);
#159=B_SPLINE_SURFACE_WITH_KNOTS('',3,1,((#13553,#13554),(#13555,#13556),
(#13557,#13558),(#13559,#13560)),.SURF_OF_LINEAR_EXTRUSION.,.F.,.F.,.F.,
(4,4),(2,2),(0.,1.),(0.,1.),.PIECEWISE_BEZIER_KNOTS.);
#160=B_SPLINE_SURFACE_WITH_KNOTS('',3,1,((#13566,#13567),(#13568,#13569),
(#13570,#13571),(#13572,#13573)),.SURF_OF_LINEAR_EXTRUSION.,.F.,.F.,.F.,
(4,4),(2,2),(0.,1.),(0.,1.),.PIECEWISE_BEZIER_KNOTS.);
#161=B_SPLINE_SURFACE_WITH_KNOTS('',3,1,((#13587,#13588),(#13589,#13590),
(#13591,#13592),(#13593,#13594)),.SURF_OF_LINEAR_EXTRUSION.,.F.,.F.,.F.,
(4,4),(2,2),(0.,1.),(0.,1.),.PIECEWISE_BEZIER_KNOTS.);
#162=B_SPLINE_SURFACE_WITH_KNOTS('',3,1,((#13600,#13601),(#13602,#13603),
(#13604,#13605),(#13606,#13607)),.SURF_OF_LINEAR_EXTRUSION.,.F.,.F.,.F.,
(4,4),(2,2),(0.,1.),(0.,1.),.PIECEWISE_BEZIER_KNOTS.);
#163=B_SPLINE_SURFACE_WITH_KNOTS('',3,1,((#13613,#13614),(#13615,#13616),
(#13617,#13618),(#13619,#13620)),.SURF_OF_LINEAR_EXTRUSION.,.F.,.F.,.F.,
(4,4),(2,2),(0.,1.),(0.,1.),.PIECEWISE_BEZIER_KNOTS.);
#164=B_SPLINE_SURFACE_WITH_KNOTS('',3,1,((#13626,#13627),(#13628,#13629),
(#13630,#13631),(#13632,#13633)),.SURF_OF_LINEAR_EXTRUSION.,.F.,.F.,.F.,
(4,4),(2,2),(0.,1.),(0.,1.),.PIECEWISE_BEZIER_KNOTS.);
#165=B_SPLINE_SURFACE_WITH_KNOTS('',3,1,((#13643,#13644),(#13645,#13646),
(#13647,#13648),(#13649,#13650)),.SURF_OF_LINEAR_EXTRUSION.,.F.,.F.,.F.,
(4,4),(2,2),(0.,1.),(0.,1.),.PIECEWISE_BEZIER_KNOTS.);
#166=B_SPLINE_SURFACE_WITH_KNOTS('',3,1,((#13656,#13657),(#13658,#13659),
(#13660,#13661),(#13662,#13663)),.SURF_OF_LINEAR_EXTRUSION.,.F.,.F.,.F.,
(4,4),(2,2),(0.,1.),(0.,1.),.PIECEWISE_BEZIER_KNOTS.);
#167=B_SPLINE_SURFACE_WITH_KNOTS('',3,1,((#13669,#13670),(#13671,#13672),
(#13673,#13674),(#13675,#13676)),.SURF_OF_LINEAR_EXTRUSION.,.F.,.F.,.F.,
(4,4),(2,2),(0.,1.),(0.,1.),.PIECEWISE_BEZIER_KNOTS.);
#168=B_SPLINE_SURFACE_WITH_KNOTS('',3,1,((#13682,#13683),(#13684,#13685),
(#13686,#13687),(#13688,#13689)),.SURF_OF_LINEAR_EXTRUSION.,.F.,.F.,.F.,
(4,4),(2,2),(0.,1.),(0.,1.),.PIECEWISE_BEZIER_KNOTS.);
#169=B_SPLINE_SURFACE_WITH_KNOTS('',3,1,((#13699,#13700),(#13701,#13702),
(#13703,#13704),(#13705,#13706)),.SURF_OF_LINEAR_EXTRUSION.,.F.,.F.,.F.,
(4,4),(2,2),(0.,1.),(0.,1.),.PIECEWISE_BEZIER_KNOTS.);
#170=B_SPLINE_SURFACE_WITH_KNOTS('',3,1,((#13712,#13713),(#13714,#13715),
(#13716,#13717),(#13718,#13719)),.SURF_OF_LINEAR_EXTRUSION.,.F.,.F.,.F.,
(4,4),(2,2),(0.,1.),(0.,1.),.PIECEWISE_BEZIER_KNOTS.);
#171=B_SPLINE_SURFACE_WITH_KNOTS('',3,1,((#13749,#13750),(#13751,#13752),
(#13753,#13754),(#13755,#13756)),.SURF_OF_LINEAR_EXTRUSION.,.F.,.F.,.F.,
(4,4),(2,2),(0.,1.),(0.,1.),.PIECEWISE_BEZIER_KNOTS.);
#172=B_SPLINE_SURFACE_WITH_KNOTS('',3,1,((#13762,#13763),(#13764,#13765),
(#13766,#13767),(#13768,#13769)),.SURF_OF_LINEAR_EXTRUSION.,.F.,.F.,.F.,
(4,4),(2,2),(0.,1.),(0.,1.),.PIECEWISE_BEZIER_KNOTS.);
#173=B_SPLINE_SURFACE_WITH_KNOTS('',3,1,((#13790,#13791),(#13792,#13793),
(#13794,#13795),(#13796,#13797)),.SURF_OF_LINEAR_EXTRUSION.,.F.,.F.,.F.,
(4,4),(2,2),(0.,1.),(0.,1.),.PIECEWISE_BEZIER_KNOTS.);
#174=B_SPLINE_SURFACE_WITH_KNOTS('',3,1,((#13813,#13814),(#13815,#13816),
(#13817,#13818),(#13819,#13820)),.SURF_OF_LINEAR_EXTRUSION.,.F.,.F.,.F.,
(4,4),(2,2),(0.,1.),(0.,1.),.PIECEWISE_BEZIER_KNOTS.);
#175=B_SPLINE_SURFACE_WITH_KNOTS('',3,1,((#13830,#13831),(#13832,#13833),
(#13834,#13835),(#13836,#13837)),.SURF_OF_LINEAR_EXTRUSION.,.F.,.F.,.F.,
(4,4),(2,2),(0.,1.),(0.,1.),.PIECEWISE_BEZIER_KNOTS.);
#176=B_SPLINE_SURFACE_WITH_KNOTS('',3,1,((#13847,#13848),(#13849,#13850),
(#13851,#13852),(#13853,#13854)),.SURF_OF_LINEAR_EXTRUSION.,.F.,.F.,.F.,
(4,4),(2,2),(0.,1.),(0.,1.),.PIECEWISE_BEZIER_KNOTS.);
#177=B_SPLINE_SURFACE_WITH_KNOTS('',3,1,((#13870,#13871),(#13872,#13873),
(#13874,#13875),(#13876,#13877)),.SURF_OF_LINEAR_EXTRUSION.,.F.,.F.,.F.,
(4,4),(2,2),(0.,1.),(0.,1.),.PIECEWISE_BEZIER_KNOTS.);
#178=B_SPLINE_SURFACE_WITH_KNOTS('',3,1,((#13908,#13909),(#13910,#13911),
(#13912,#13913),(#13914,#13915)),.SURF_OF_LINEAR_EXTRUSION.,.F.,.F.,.F.,
(4,4),(2,2),(0.,1.),(0.,1.),.PIECEWISE_BEZIER_KNOTS.);
#179=B_SPLINE_SURFACE_WITH_KNOTS('',3,1,((#13965,#13966),(#13967,#13968),
(#13969,#13970),(#13971,#13972)),.SURF_OF_LINEAR_EXTRUSION.,.F.,.F.,.F.,
(4,4),(2,2),(0.,1.),(0.,1.),.PIECEWISE_BEZIER_KNOTS.);
#180=CYLINDRICAL_SURFACE('',#8023,0.004);
#181=CYLINDRICAL_SURFACE('',#8026,0.004);
#182=CYLINDRICAL_SURFACE('',#8029,0.004);
#183=CYLINDRICAL_SURFACE('',#8032,0.004);
#184=CYLINDRICAL_SURFACE('',#8036,0.004);
#185=CYLINDRICAL_SURFACE('',#8039,0.004);
#186=CYLINDRICAL_SURFACE('',#8042,0.004);
#187=CYLINDRICAL_SURFACE('',#8045,0.00075);
#188=CYLINDRICAL_SURFACE('',#8047,0.00075);
#189=CYLINDRICAL_SURFACE('',#8049,0.00075);
#190=CYLINDRICAL_SURFACE('',#8051,0.00075);
#191=CYLINDRICAL_SURFACE('',#8053,0.004);
#192=CYLINDRICAL_SURFACE('',#8066,0.0143555858085659);
#193=CYLINDRICAL_SURFACE('',#8084,0.00217956669447751);
#194=CYLINDRICAL_SURFACE('',#8086,0.00218876070274266);
#195=CYLINDRICAL_SURFACE('',#8098,0.0143555858085675);
#196=CYLINDRICAL_SURFACE('',#8116,0.0169523995803904);
#197=CYLINDRICAL_SURFACE('',#8118,0.0267608341301416);
#198=CYLINDRICAL_SURFACE('',#8121,0.0128264914092754);
#199=CYLINDRICAL_SURFACE('',#8127,0.00110815585056208);
#200=CYLINDRICAL_SURFACE('',#8130,0.00102849402759866);
#201=CYLINDRICAL_SURFACE('',#8145,0.00161476269354566);
#202=CYLINDRICAL_SURFACE('',#8149,0.00228379635142798);
#203=CYLINDRICAL_SURFACE('',#8151,0.00377278203879371);
#204=CYLINDRICAL_SURFACE('',#8153,0.00300639163122697);
#205=CYLINDRICAL_SURFACE('',#8157,0.000671381100341892);
#206=CYLINDRICAL_SURFACE('',#8160,0.00110349689813088);
#207=CYLINDRICAL_SURFACE('',#8163,0.00126830129445005);
#208=CYLINDRICAL_SURFACE('',#8166,0.00156150549577093);
#209=CYLINDRICAL_SURFACE('',#8176,0.00161476269046539);
#210=CYLINDRICAL_SURFACE('',#8180,0.00228379635124753);
#211=CYLINDRICAL_SURFACE('',#8182,0.00377278203879634);
#212=CYLINDRICAL_SURFACE('',#8184,0.0030063916312267);
#213=CYLINDRICAL_SURFACE('',#8188,0.000671381100349664);
#214=CYLINDRICAL_SURFACE('',#8191,0.00110349689813091);
#215=CYLINDRICAL_SURFACE('',#8194,0.00126830129445005);
#216=CYLINDRICAL_SURFACE('',#8197,0.00156150549577078);
#217=CYLINDRICAL_SURFACE('',#8204,0.00609685758864876);
#218=CYLINDRICAL_SURFACE('',#8212,0.0213579779278614);
#219=CYLINDRICAL_SURFACE('',#8274,0.0260483671193489);
#220=CYLINDRICAL_SURFACE('',#8291,0.00293000453014849);
#221=CYLINDRICAL_SURFACE('',#8295,0.0041439734038666);
#222=CYLINDRICAL_SURFACE('',#8297,0.00684575417747839);
#223=CYLINDRICAL_SURFACE('',#8299,0.00545513042509761);
#224=CYLINDRICAL_SURFACE('',#8303,0.00121822833368139);
#225=CYLINDRICAL_SURFACE('',#8306,0.00200230716467572);
#226=CYLINDRICAL_SURFACE('',#8309,0.00283336876356691);
#227=CIRCLE('',#7987,0.00293000453014849);
#228=CIRCLE('',#7988,0.0041439734038666);
#229=CIRCLE('',#7989,0.00684575417747839);
#230=CIRCLE('',#7990,0.00545513042509761);
#231=CIRCLE('',#7991,0.00609685758864876);
#232=CIRCLE('',#7992,0.0213579779278614);
#233=CIRCLE('',#7993,0.00161476269354566);
#234=CIRCLE('',#7994,0.00228520594158354);
#235=CIRCLE('',#7995,0.00377278203879371);
#236=CIRCLE('',#7996,0.00300639163122697);
#237=CIRCLE('',#7997,0.0169523995803904);
#238=CIRCLE('',#7998,0.0267608341301416);
#239=CIRCLE('',#7999,0.0128264914092754);
#240=CIRCLE('',#8000,0.00217956669447751);
#241=CIRCLE('',#8001,0.00218876070274266);
#242=CIRCLE('',#8002,0.0143555858085659);
#243=CIRCLE('',#8003,0.00075);
#244=CIRCLE('',#8004,0.00075);
#245=CIRCLE('',#8005,0.00075);
#246=CIRCLE('',#8006,0.00075);
#247=CIRCLE('',#8007,0.004);
#248=CIRCLE('',#8008,0.004);
#249=CIRCLE('',#8009,0.004);
#250=CIRCLE('',#8010,0.004);
#251=CIRCLE('',#8011,0.0143555858085675);
#252=CIRCLE('',#8012,0.00110815585056208);
#253=CIRCLE('',#8013,0.00102849402759866);
#254=CIRCLE('',#8014,0.00161476269046539);
#255=CIRCLE('',#8015,0.00228520594158227);
#256=CIRCLE('',#8016,0.00377278203879634);
#257=CIRCLE('',#8017,0.0030063916312267);
#258=CIRCLE('',#8018,0.0260483671193489);
#259=CIRCLE('',#8024,0.004);
#260=CIRCLE('',#8025,0.004);
#261=CIRCLE('',#8027,0.004);
#262=CIRCLE('',#8028,0.004);
#263=CIRCLE('',#8030,0.004);
#264=CIRCLE('',#8031,0.004);
#265=CIRCLE('',#8033,0.004);
#266=CIRCLE('',#8034,0.004);
#267=CIRCLE('',#8037,0.004);
#268=CIRCLE('',#8040,0.004);
#269=CIRCLE('',#8043,0.004);
#270=CIRCLE('',#8046,0.00075);
#271=CIRCLE('',#8048,0.00075);
#272=CIRCLE('',#8050,0.00075);
#273=CIRCLE('',#8052,0.00075);
#274=CIRCLE('',#8054,0.004);
#275=CIRCLE('',#8067,0.0143555858085659);
#276=CIRCLE('',#8085,0.00217956669447751);
#277=CIRCLE('',#8087,0.00218876070274266);
#278=CIRCLE('',#8099,0.0143555858085675);
#279=CIRCLE('',#8117,0.0169523995803904);
#280=CIRCLE('',#8119,0.0267608341301416);
#281=CIRCLE('',#8122,0.0128264914092754);
#282=CIRCLE('',#8128,0.00110815585056208);
#283=CIRCLE('',#8131,0.00102849402759866);
#284=CIRCLE('',#8146,0.00161476269354566);
#285=CIRCLE('',#8150,0.00228520594158354);
#286=CIRCLE('',#8152,0.00377278203879371);
#287=CIRCLE('',#8154,0.00300639163122697);
#288=CIRCLE('',#8158,0.000671381100341892);
#289=CIRCLE('',#8159,0.000671381100341892);
#290=CIRCLE('',#8161,0.00110349689813088);
#291=CIRCLE('',#8162,0.00110349689813088);
#292=CIRCLE('',#8164,0.00126830129445005);
#293=CIRCLE('',#8165,0.00126830129445005);
#294=CIRCLE('',#8167,0.00156150549577093);
#295=CIRCLE('',#8168,0.00156150549577093);
#296=CIRCLE('',#8177,0.00161476269046539);
#297=CIRCLE('',#8181,0.00228520594158227);
#298=CIRCLE('',#8183,0.00377278203879634);
#299=CIRCLE('',#8185,0.0030063916312267);
#300=CIRCLE('',#8189,0.000671381100349664);
#301=CIRCLE('',#8190,0.000671381100349664);
#302=CIRCLE('',#8192,0.00110349689813091);
#303=CIRCLE('',#8193,0.00110349689813091);
#304=CIRCLE('',#8195,0.00126830129445005);
#305=CIRCLE('',#8196,0.00126830129445005);
#306=CIRCLE('',#8198,0.00156150549577078);
#307=CIRCLE('',#8199,0.00156150549577078);
#308=CIRCLE('',#8205,0.00609685758864876);
#309=CIRCLE('',#8213,0.0213579779278614);
#310=CIRCLE('',#8275,0.0260483671193489);
#311=CIRCLE('',#8292,0.00293000453014849);
#312=CIRCLE('',#8296,0.0041439734038666);
#313=CIRCLE('',#8298,0.00684575417747839);
#314=CIRCLE('',#8300,0.00545513042509761);
#315=CIRCLE('',#8304,0.00121822833368139);
#316=CIRCLE('',#8305,0.00121822833368139);
#317=CIRCLE('',#8307,0.00200230716467572);
#318=CIRCLE('',#8308,0.00200230716467572);
#319=CIRCLE('',#8310,0.00283336876356691);
#320=CIRCLE('',#8311,0.00283336876356691);
#321=LINE('',#9791,#1060);
#322=LINE('',#9793,#1061);
#323=LINE('',#9811,#1062);
#324=LINE('',#9829,#1063);
#325=LINE('',#9841,#1064);
#326=LINE('',#9843,#1065);
#327=LINE('',#9859,#1066);
#328=LINE('',#9860,#1067);
#329=LINE('',#9863,#1068);
#330=LINE('',#9865,#1069);
#331=LINE('',#9867,#1070);
#332=LINE('',#9868,#1071);
#333=LINE('',#9871,#1072);
#334=LINE('',#9873,#1073);
#335=LINE('',#9875,#1074);
#336=LINE('',#9877,#1075);
#337=LINE('',#9879,#1076);
#338=LINE('',#9881,#1077);
#339=LINE('',#9883,#1078);
#340=LINE('',#9885,#1079);
#341=LINE('',#9887,#1080);
#342=LINE('',#9888,#1081);
#343=LINE('',#9891,#1082);
#344=LINE('',#9905,#1083);
#345=LINE('',#9907,#1084);
#346=LINE('',#9909,#1085);
#347=LINE('',#9915,#1086);
#348=LINE('',#9921,#1087);
#349=LINE('',#9939,#1088);
#350=LINE('',#9940,#1089);
#351=LINE('',#9949,#1090);
#352=LINE('',#9979,#1091);
#353=LINE('',#9981,#1092);
#354=LINE('',#9983,#1093);
#355=LINE('',#9985,#1094);
#356=LINE('',#9987,#1095);
#357=LINE('',#10011,#1096);
#358=LINE('',#10013,#1097);
#359=LINE('',#10031,#1098);
#360=LINE('',#10049,#1099);
#361=LINE('',#10061,#1100);
#362=LINE('',#10063,#1101);
#363=LINE('',#10079,#1102);
#364=LINE('',#10112,#1103);
#365=LINE('',#10115,#1104);
#366=LINE('',#10129,#1105);
#367=LINE('',#10131,#1106);
#368=LINE('',#10133,#1107);
#369=LINE('',#10139,#1108);
#370=LINE('',#10147,#1109);
#371=LINE('',#10165,#1110);
#372=LINE('',#10166,#1111);
#373=LINE('',#10169,#1112);
#374=LINE('',#10171,#1113);
#375=LINE('',#10173,#1114);
#376=LINE('',#10203,#1115);
#377=LINE('',#10229,#1116);
#378=LINE('',#10234,#1117);
#379=LINE('',#10253,#1118);
#380=LINE('',#10255,#1119);
#381=LINE('',#10257,#1120);
#382=LINE('',#10271,#1121);
#383=LINE('',#10273,#1122);
#384=LINE('',#10275,#1123);
#385=LINE('',#10277,#1124);
#386=LINE('',#10279,#1125);
#387=LINE('',#10290,#1126);
#388=LINE('',#10295,#1127);
#389=LINE('',#10299,#1128);
#390=LINE('',#10303,#1129);
#391=LINE('',#10319,#1130);
#392=LINE('',#10321,#1131);
#393=LINE('',#10323,#1132);
#394=LINE('',#10325,#1133);
#395=LINE('',#10327,#1134);
#396=LINE('',#10329,#1135);
#397=LINE('',#10331,#1136);
#398=LINE('',#10333,#1137);
#399=LINE('',#10335,#1138);
#400=LINE('',#10337,#1139);
#401=LINE('',#10339,#1140);
#402=LINE('',#10353,#1141);
#403=LINE('',#10354,#1142);
#404=LINE('',#10373,#1143);
#405=LINE('',#10375,#1144);
#406=LINE('',#10377,#1145);
#407=LINE('',#10391,#1146);
#408=LINE('',#10393,#1147);
#409=LINE('',#10395,#1148);
#410=LINE('',#10397,#1149);
#411=LINE('',#10399,#1150);
#412=LINE('',#10402,#1151);
#413=LINE('',#10405,#1152);
#414=LINE('',#10407,#1153);
#415=LINE('',#10409,#1154);
#416=LINE('',#10423,#1155);
#417=LINE('',#10431,#1156);
#418=LINE('',#10463,#1157);
#419=LINE('',#10476,#1158);
#420=LINE('',#10479,#1159);
#421=LINE('',#10481,#1160);
#422=LINE('',#10483,#1161);
#423=LINE('',#10505,#1162);
#424=LINE('',#10507,#1163);
#425=LINE('',#10525,#1164);
#426=LINE('',#10543,#1165);
#427=LINE('',#10555,#1166);
#428=LINE('',#10557,#1167);
#429=LINE('',#10573,#1168);
#430=LINE('',#10574,#1169);
#431=LINE('',#10577,#1170);
#432=LINE('',#10579,#1171);
#433=LINE('',#10585,#1172);
#434=LINE('',#10587,#1173);
#435=LINE('',#10589,#1174);
#436=LINE('',#10591,#1175);
#437=LINE('',#10593,#1176);
#438=LINE('',#10595,#1177);
#439=LINE('',#10597,#1178);
#440=LINE('',#10599,#1179);
#441=LINE('',#10601,#1180);
#442=LINE('',#10603,#1181);
#443=LINE('',#10605,#1182);
#444=LINE('',#10611,#1183);
#445=LINE('',#10613,#1184);
#446=LINE('',#10615,#1185);
#447=LINE('',#10616,#1186);
#448=LINE('',#10619,#1187);
#449=LINE('',#10621,#1188);
#450=LINE('',#10623,#1189);
#451=LINE('',#10625,#1190);
#452=LINE('',#10627,#1191);
#453=LINE('',#10629,#1192);
#454=LINE('',#10631,#1193);
#455=LINE('',#10633,#1194);
#456=LINE('',#10635,#1195);
#457=LINE('',#10636,#1196);
#458=LINE('',#10655,#1197);
#459=LINE('',#10657,#1198);
#460=LINE('',#10659,#1199);
#461=LINE('',#10673,#1200);
#462=LINE('',#10675,#1201);
#463=LINE('',#10677,#1202);
#464=LINE('',#10679,#1203);
#465=LINE('',#10681,#1204);
#466=LINE('',#10684,#1205);
#467=LINE('',#10687,#1206);
#468=LINE('',#10689,#1207);
#469=LINE('',#10691,#1208);
#470=LINE('',#10692,#1209);
#471=LINE('',#10695,#1210);
#472=LINE('',#10697,#1211);
#473=LINE('',#10703,#1212);
#474=LINE('',#10705,#1213);
#475=LINE('',#10707,#1214);
#476=LINE('',#10709,#1215);
#477=LINE('',#10711,#1216);
#478=LINE('',#10713,#1217);
#479=LINE('',#10715,#1218);
#480=LINE('',#10717,#1219);
#481=LINE('',#10719,#1220);
#482=LINE('',#10721,#1221);
#483=LINE('',#10723,#1222);
#484=LINE('',#10729,#1223);
#485=LINE('',#10731,#1224);
#486=LINE('',#10733,#1225);
#487=LINE('',#10735,#1226);
#488=LINE('',#10738,#1227);
#489=LINE('',#10740,#1228);
#490=LINE('',#10742,#1229);
#491=LINE('',#10744,#1230);
#492=LINE('',#10747,#1231);
#493=LINE('',#10749,#1232);
#494=LINE('',#10751,#1233);
#495=LINE('',#10753,#1234);
#496=LINE('',#10756,#1235);
#497=LINE('',#10758,#1236);
#498=LINE('',#10760,#1237);
#499=LINE('',#10762,#1238);
#500=LINE('',#10765,#1239);
#501=LINE('',#10767,#1240);
#502=LINE('',#10769,#1241);
#503=LINE('',#10783,#1242);
#504=LINE('',#10785,#1243);
#505=LINE('',#10787,#1244);
#506=LINE('',#10789,#1245);
#507=LINE('',#10793,#1246);
#508=LINE('',#10795,#1247);
#509=LINE('',#10797,#1248);
#510=LINE('',#10801,#1249);
#511=LINE('',#10803,#1250);
#512=LINE('',#10805,#1251);
#513=LINE('',#10809,#1252);
#514=LINE('',#10811,#1253);
#515=LINE('',#10829,#1254);
#516=LINE('',#10831,#1255);
#517=LINE('',#10833,#1256);
#518=LINE('',#10846,#1257);
#519=LINE('',#10859,#1258);
#520=LINE('',#10872,#1259);
#521=LINE('',#10885,#1260);
#522=LINE('',#10887,#1261);
#523=LINE('',#10889,#1262);
#524=LINE('',#10891,#1263);
#525=LINE('',#10893,#1264);
#526=LINE('',#10895,#1265);
#527=LINE('',#10897,#1266);
#528=LINE('',#10910,#1267);
#529=LINE('',#10923,#1268);
#530=LINE('',#10936,#1269);
#531=LINE('',#10938,#1270);
#532=LINE('',#10940,#1271);
#533=LINE('',#10942,#1272);
#534=LINE('',#10944,#1273);
#535=LINE('',#10946,#1274);
#536=LINE('',#10948,#1275);
#537=LINE('',#10950,#1276);
#538=LINE('',#10952,#1277);
#539=LINE('',#10954,#1278);
#540=LINE('',#10956,#1279);
#541=LINE('',#10968,#1280);
#542=LINE('',#10974,#1281);
#543=LINE('',#10987,#1282);
#544=LINE('',#11000,#1283);
#545=LINE('',#11002,#1284);
#546=LINE('',#11004,#1285);
#547=LINE('',#11006,#1286);
#548=LINE('',#11008,#1287);
#549=LINE('',#11010,#1288);
#550=LINE('',#11012,#1289);
#551=LINE('',#11014,#1290);
#552=LINE('',#11016,#1291);
#553=LINE('',#11018,#1292);
#554=LINE('',#11020,#1293);
#555=LINE('',#11022,#1294);
#556=LINE('',#11024,#1295);
#557=LINE('',#11026,#1296);
#558=LINE('',#11028,#1297);
#559=LINE('',#11030,#1298);
#560=LINE('',#11032,#1299);
#561=LINE('',#11034,#1300);
#562=LINE('',#11036,#1301);
#563=LINE('',#11038,#1302);
#564=LINE('',#11040,#1303);
#565=LINE('',#11042,#1304);
#566=LINE('',#11044,#1305);
#567=LINE('',#11057,#1306);
#568=LINE('',#11070,#1307);
#569=LINE('',#11083,#1308);
#570=LINE('',#11085,#1309);
#571=LINE('',#11095,#1310);
#572=LINE('',#11101,#1311);
#573=LINE('',#11114,#1312);
#574=LINE('',#11127,#1313);
#575=LINE('',#11140,#1314);
#576=LINE('',#11153,#1315);
#577=LINE('',#11166,#1316);
#578=LINE('',#11179,#1317);
#579=LINE('',#11181,#1318);
#580=LINE('',#11183,#1319);
#581=LINE('',#11196,#1320);
#582=LINE('',#11209,#1321);
#583=LINE('',#11222,#1322);
#584=LINE('',#11235,#1323);
#585=LINE('',#11248,#1324);
#586=LINE('',#11261,#1325);
#587=LINE('',#11263,#1326);
#588=LINE('',#11265,#1327);
#589=LINE('',#11269,#1328);
#590=LINE('',#11274,#1329);
#591=LINE('',#11276,#1330);
#592=LINE('',#11278,#1331);
#593=LINE('',#11291,#1332);
#594=LINE('',#11304,#1333);
#595=LINE('',#11317,#1334);
#596=LINE('',#11330,#1335);
#597=LINE('',#11332,#1336);
#598=LINE('',#11334,#1337);
#599=LINE('',#11336,#1338);
#600=LINE('',#11338,#1339);
#601=LINE('',#11340,#1340);
#602=LINE('',#11342,#1341);
#603=LINE('',#11355,#1342);
#604=LINE('',#11368,#1343);
#605=LINE('',#11381,#1344);
#606=LINE('',#11383,#1345);
#607=LINE('',#11385,#1346);
#608=LINE('',#11387,#1347);
#609=LINE('',#11389,#1348);
#610=LINE('',#11391,#1349);
#611=LINE('',#11393,#1350);
#612=LINE('',#11395,#1351);
#613=LINE('',#11397,#1352);
#614=LINE('',#11399,#1353);
#615=LINE('',#11401,#1354);
#616=LINE('',#11406,#1355);
#617=LINE('',#11408,#1356);
#618=LINE('',#11410,#1357);
#619=LINE('',#11412,#1358);
#620=LINE('',#11414,#1359);
#621=LINE('',#11416,#1360);
#622=LINE('',#11418,#1361);
#623=LINE('',#11420,#1362);
#624=LINE('',#11423,#1363);
#625=LINE('',#11425,#1364);
#626=LINE('',#11427,#1365);
#627=LINE('',#11429,#1366);
#628=LINE('',#11431,#1367);
#629=LINE('',#11433,#1368);
#630=LINE('',#11435,#1369);
#631=LINE('',#11437,#1370);
#632=LINE('',#11440,#1371);
#633=LINE('',#11442,#1372);
#634=LINE('',#11444,#1373);
#635=LINE('',#11446,#1374);
#636=LINE('',#11448,#1375);
#637=LINE('',#11461,#1376);
#638=LINE('',#11474,#1377);
#639=LINE('',#11487,#1378);
#640=LINE('',#11489,#1379);
#641=LINE('',#11491,#1380);
#642=LINE('',#11493,#1381);
#643=LINE('',#11495,#1382);
#644=LINE('',#11497,#1383);
#645=LINE('',#11499,#1384);
#646=LINE('',#11503,#1385);
#647=LINE('',#11507,#1386);
#648=LINE('',#11509,#1387);
#649=LINE('',#11511,#1388);
#650=LINE('',#11524,#1389);
#651=LINE('',#11528,#1390);
#652=LINE('',#11530,#1391);
#653=LINE('',#11532,#1392);
#654=LINE('',#11545,#1393);
#655=LINE('',#11558,#1394);
#656=LINE('',#11571,#1395);
#657=LINE('',#11584,#1396);
#658=LINE('',#11586,#1397);
#659=LINE('',#11596,#1398);
#660=LINE('',#11602,#1399);
#661=LINE('',#11615,#1400);
#662=LINE('',#11628,#1401);
#663=LINE('',#11630,#1402);
#664=LINE('',#11632,#1403);
#665=LINE('',#11645,#1404);
#666=LINE('',#11649,#1405);
#667=LINE('',#11651,#1406);
#668=LINE('',#11653,#1407);
#669=LINE('',#11666,#1408);
#670=LINE('',#11679,#1409);
#671=LINE('',#11692,#1410);
#672=LINE('',#11696,#1411);
#673=LINE('',#11709,#1412);
#674=LINE('',#11722,#1413);
#675=LINE('',#11735,#1414);
#676=LINE('',#11748,#1415);
#677=LINE('',#11750,#1416);
#678=LINE('',#11752,#1417);
#679=LINE('',#11765,#1418);
#680=LINE('',#11778,#1419);
#681=LINE('',#11799,#1420);
#682=LINE('',#11805,#1421);
#683=LINE('',#11818,#1422);
#684=LINE('',#11831,#1423);
#685=LINE('',#11844,#1424);
#686=LINE('',#11857,#1425);
#687=LINE('',#11870,#1426);
#688=LINE('',#11883,#1427);
#689=LINE('',#11897,#1428);
#690=LINE('',#11903,#1429);
#691=LINE('',#11920,#1430);
#692=LINE('',#11937,#1431);
#693=LINE('',#11954,#1432);
#694=LINE('',#11971,#1433);
#695=LINE('',#12000,#1434);
#696=LINE('',#12002,#1435);
#697=LINE('',#12004,#1436);
#698=LINE('',#12006,#1437);
#699=LINE('',#12008,#1438);
#700=LINE('',#12010,#1439);
#701=LINE('',#12012,#1440);
#702=LINE('',#12014,#1441);
#703=LINE('',#12024,#1442);
#704=LINE('',#12030,#1443);
#705=LINE('',#12043,#1444);
#706=LINE('',#12056,#1445);
#707=LINE('',#12069,#1446);
#708=LINE('',#12082,#1447);
#709=LINE('',#12084,#1448);
#710=LINE('',#12086,#1449);
#711=LINE('',#12088,#1450);
#712=LINE('',#12090,#1451);
#713=LINE('',#12103,#1452);
#714=LINE('',#12116,#1453);
#715=LINE('',#12129,#1454);
#716=LINE('',#12142,#1455);
#717=LINE('',#12144,#1456);
#718=LINE('',#12146,#1457);
#719=LINE('',#12159,#1458);
#720=LINE('',#12172,#1459);
#721=LINE('',#12185,#1460);
#722=LINE('',#12198,#1461);
#723=LINE('',#12200,#1462);
#724=LINE('',#12202,#1463);
#725=LINE('',#12215,#1464);
#726=LINE('',#12228,#1465);
#727=LINE('',#12232,#1466);
#728=LINE('',#12234,#1467);
#729=LINE('',#12236,#1468);
#730=LINE('',#12238,#1469);
#731=LINE('',#12240,#1470);
#732=LINE('',#12244,#1471);
#733=LINE('',#12248,#1472);
#734=LINE('',#12252,#1473);
#735=LINE('',#12265,#1474);
#736=LINE('',#12278,#1475);
#737=LINE('',#12280,#1476);
#738=LINE('',#12283,#1477);
#739=LINE('',#12285,#1478);
#740=LINE('',#12287,#1479);
#741=LINE('',#12289,#1480);
#742=LINE('',#12291,#1481);
#743=LINE('',#12293,#1482);
#744=LINE('',#12310,#1483);
#745=LINE('',#12316,#1484);
#746=LINE('',#12333,#1485);
#747=LINE('',#12350,#1486);
#748=LINE('',#12367,#1487);
#749=LINE('',#12373,#1488);
#750=LINE('',#12379,#1489);
#751=LINE('',#12384,#1490);
#752=LINE('',#12395,#1491);
#753=LINE('',#12401,#1492);
#754=LINE('',#12414,#1493);
#755=LINE('',#12427,#1494);
#756=LINE('',#12440,#1495);
#757=LINE('',#12453,#1496);
#758=LINE('',#12455,#1497);
#759=LINE('',#12457,#1498);
#760=LINE('',#12459,#1499);
#761=LINE('',#12461,#1500);
#762=LINE('',#12474,#1501);
#763=LINE('',#12487,#1502);
#764=LINE('',#12500,#1503);
#765=LINE('',#12513,#1504);
#766=LINE('',#12515,#1505);
#767=LINE('',#12517,#1506);
#768=LINE('',#12530,#1507);
#769=LINE('',#12543,#1508);
#770=LINE('',#12556,#1509);
#771=LINE('',#12569,#1510);
#772=LINE('',#12571,#1511);
#773=LINE('',#12573,#1512);
#774=LINE('',#12586,#1513);
#775=LINE('',#12599,#1514);
#776=LINE('',#12603,#1515);
#777=LINE('',#12605,#1516);
#778=LINE('',#12607,#1517);
#779=LINE('',#12609,#1518);
#780=LINE('',#12611,#1519);
#781=LINE('',#12615,#1520);
#782=LINE('',#12619,#1521);
#783=LINE('',#12623,#1522);
#784=LINE('',#12636,#1523);
#785=LINE('',#12649,#1524);
#786=LINE('',#12651,#1525);
#787=LINE('',#12654,#1526);
#788=LINE('',#12656,#1527);
#789=LINE('',#12658,#1528);
#790=LINE('',#12660,#1529);
#791=LINE('',#12662,#1530);
#792=LINE('',#12664,#1531);
#793=LINE('',#12681,#1532);
#794=LINE('',#12687,#1533);
#795=LINE('',#12704,#1534);
#796=LINE('',#12721,#1535);
#797=LINE('',#12738,#1536);
#798=LINE('',#12744,#1537);
#799=LINE('',#12750,#1538);
#800=LINE('',#12755,#1539);
#801=LINE('',#12759,#1540);
#802=LINE('',#12761,#1541);
#803=LINE('',#12763,#1542);
#804=LINE('',#12776,#1543);
#805=LINE('',#12780,#1544);
#806=LINE('',#12782,#1545);
#807=LINE('',#12784,#1546);
#808=LINE('',#12797,#1547);
#809=LINE('',#12810,#1548);
#810=LINE('',#12823,#1549);
#811=LINE('',#12836,#1550);
#812=LINE('',#12849,#1551);
#813=LINE('',#12862,#1552);
#814=LINE('',#12875,#1553);
#815=LINE('',#12877,#1554);
#816=LINE('',#12879,#1555);
#817=LINE('',#12881,#1556);
#818=LINE('',#12883,#1557);
#819=LINE('',#12885,#1558);
#820=LINE('',#12887,#1559);
#821=LINE('',#12889,#1560);
#822=LINE('',#12891,#1561);
#823=LINE('',#12893,#1562);
#824=LINE('',#12895,#1563);
#825=LINE('',#12909,#1564);
#826=LINE('',#12915,#1565);
#827=LINE('',#12932,#1566);
#828=LINE('',#12949,#1567);
#829=LINE('',#12966,#1568);
#830=LINE('',#12983,#1569);
#831=LINE('',#13000,#1570);
#832=LINE('',#13020,#1571);
#833=LINE('',#13022,#1572);
#834=LINE('',#13024,#1573);
#835=LINE('',#13026,#1574);
#836=LINE('',#13028,#1575);
#837=LINE('',#13030,#1576);
#838=LINE('',#13032,#1577);
#839=LINE('',#13045,#1578);
#840=LINE('',#13047,#1579);
#841=LINE('',#13049,#1580);
#842=LINE('',#13051,#1581);
#843=LINE('',#13053,#1582);
#844=LINE('',#13055,#1583);
#845=LINE('',#13057,#1584);
#846=LINE('',#13059,#1585);
#847=LINE('',#13061,#1586);
#848=LINE('',#13063,#1587);
#849=LINE('',#13065,#1588);
#850=LINE('',#13067,#1589);
#851=LINE('',#13069,#1590);
#852=LINE('',#13071,#1591);
#853=LINE('',#13073,#1592);
#854=LINE('',#13075,#1593);
#855=LINE('',#13077,#1594);
#856=LINE('',#13079,#1595);
#857=LINE('',#13081,#1596);
#858=LINE('',#13083,#1597);
#859=LINE('',#13085,#1598);
#860=LINE('',#13087,#1599);
#861=LINE('',#13089,#1600);
#862=LINE('',#13102,#1601);
#863=LINE('',#13104,#1602);
#864=LINE('',#13106,#1603);
#865=LINE('',#13108,#1604);
#866=LINE('',#13110,#1605);
#867=LINE('',#13112,#1606);
#868=LINE('',#13115,#1607);
#869=LINE('',#13117,#1608);
#870=LINE('',#13119,#1609);
#871=LINE('',#13121,#1610);
#872=LINE('',#13123,#1611);
#873=LINE('',#13136,#1612);
#874=LINE('',#13149,#1613);
#875=LINE('',#13162,#1614);
#876=LINE('',#13164,#1615);
#877=LINE('',#13166,#1616);
#878=LINE('',#13168,#1617);
#879=LINE('',#13170,#1618);
#880=LINE('',#13172,#1619);
#881=LINE('',#13174,#1620);
#882=LINE('',#13187,#1621);
#883=LINE('',#13189,#1622);
#884=LINE('',#13191,#1623);
#885=LINE('',#13204,#1624);
#886=LINE('',#13206,#1625);
#887=LINE('',#13208,#1626);
#888=LINE('',#13221,#1627);
#889=LINE('',#13234,#1628);
#890=LINE('',#13247,#1629);
#891=LINE('',#13260,#1630);
#892=LINE('',#13262,#1631);
#893=LINE('',#13265,#1632);
#894=LINE('',#13267,#1633);
#895=LINE('',#13269,#1634);
#896=LINE('',#13271,#1635);
#897=LINE('',#13273,#1636);
#898=LINE('',#13275,#1637);
#899=LINE('',#13277,#1638);
#900=LINE('',#13279,#1639);
#901=LINE('',#13281,#1640);
#902=LINE('',#13283,#1641);
#903=LINE('',#13285,#1642);
#904=LINE('',#13287,#1643);
#905=LINE('',#13289,#1644);
#906=LINE('',#13291,#1645);
#907=LINE('',#13293,#1646);
#908=LINE('',#13295,#1647);
#909=LINE('',#13297,#1648);
#910=LINE('',#13299,#1649);
#911=LINE('',#13301,#1650);
#912=LINE('',#13303,#1651);
#913=LINE('',#13306,#1652);
#914=LINE('',#13308,#1653);
#915=LINE('',#13310,#1654);
#916=LINE('',#13312,#1655);
#917=LINE('',#13314,#1656);
#918=LINE('',#13316,#1657);
#919=LINE('',#13318,#1658);
#920=LINE('',#13320,#1659);
#921=LINE('',#13322,#1660);
#922=LINE('',#13324,#1661);
#923=LINE('',#13326,#1662);
#924=LINE('',#13328,#1663);
#925=LINE('',#13330,#1664);
#926=LINE('',#13332,#1665);
#927=LINE('',#13334,#1666);
#928=LINE('',#13336,#1667);
#929=LINE('',#13338,#1668);
#930=LINE('',#13340,#1669);
#931=LINE('',#13342,#1670);
#932=LINE('',#13344,#1671);
#933=LINE('',#13347,#1672);
#934=LINE('',#13349,#1673);
#935=LINE('',#13351,#1674);
#936=LINE('',#13364,#1675);
#937=LINE('',#13377,#1676);
#938=LINE('',#13390,#1677);
#939=LINE('',#13403,#1678);
#940=LINE('',#13405,#1679);
#941=LINE('',#13407,#1680);
#942=LINE('',#13409,#1681);
#943=LINE('',#13411,#1682);
#944=LINE('',#13413,#1683);
#945=LINE('',#13415,#1684);
#946=LINE('',#13428,#1685);
#947=LINE('',#13441,#1686);
#948=LINE('',#13454,#1687);
#949=LINE('',#13456,#1688);
#950=LINE('',#13458,#1689);
#951=LINE('',#13460,#1690);
#952=LINE('',#13462,#1691);
#953=LINE('',#13464,#1692);
#954=LINE('',#13466,#1693);
#955=LINE('',#13468,#1694);
#956=LINE('',#13470,#1695);
#957=LINE('',#13472,#1696);
#958=LINE('',#13474,#1697);
#959=LINE('',#13479,#1698);
#960=LINE('',#13481,#1699);
#961=LINE('',#13483,#1700);
#962=LINE('',#13485,#1701);
#963=LINE('',#13487,#1702);
#964=LINE('',#13489,#1703);
#965=LINE('',#13491,#1704);
#966=LINE('',#13493,#1705);
#967=LINE('',#13496,#1706);
#968=LINE('',#13498,#1707);
#969=LINE('',#13500,#1708);
#970=LINE('',#13502,#1709);
#971=LINE('',#13504,#1710);
#972=LINE('',#13506,#1711);
#973=LINE('',#13508,#1712);
#974=LINE('',#13510,#1713);
#975=LINE('',#13520,#1714);
#976=LINE('',#13526,#1715);
#977=LINE('',#13539,#1716);
#978=LINE('',#13552,#1717);
#979=LINE('',#13565,#1718);
#980=LINE('',#13578,#1719);
#981=LINE('',#13580,#1720);
#982=LINE('',#13582,#1721);
#983=LINE('',#13584,#1722);
#984=LINE('',#13586,#1723);
#985=LINE('',#13599,#1724);
#986=LINE('',#13612,#1725);
#987=LINE('',#13625,#1726);
#988=LINE('',#13638,#1727);
#989=LINE('',#13640,#1728);
#990=LINE('',#13642,#1729);
#991=LINE('',#13655,#1730);
#992=LINE('',#13668,#1731);
#993=LINE('',#13681,#1732);
#994=LINE('',#13694,#1733);
#995=LINE('',#13696,#1734);
#996=LINE('',#13698,#1735);
#997=LINE('',#13711,#1736);
#998=LINE('',#13724,#1737);
#999=LINE('',#13728,#1738);
#1000=LINE('',#13730,#1739);
#1001=LINE('',#13732,#1740);
#1002=LINE('',#13734,#1741);
#1003=LINE('',#13736,#1742);
#1004=LINE('',#13740,#1743);
#1005=LINE('',#13744,#1744);
#1006=LINE('',#13748,#1745);
#1007=LINE('',#13761,#1746);
#1008=LINE('',#13774,#1747);
#1009=LINE('',#13776,#1748);
#1010=LINE('',#13779,#1749);
#1011=LINE('',#13781,#1750);
#1012=LINE('',#13783,#1751);
#1013=LINE('',#13785,#1752);
#1014=LINE('',#13787,#1753);
#1015=LINE('',#13789,#1754);
#1016=LINE('',#13806,#1755);
#1017=LINE('',#13812,#1756);
#1018=LINE('',#13829,#1757);
#1019=LINE('',#13846,#1758);
#1020=LINE('',#13863,#1759);
#1021=LINE('',#13869,#1760);
#1022=LINE('',#13886,#1761);
#1023=LINE('',#13891,#1762);
#1024=LINE('',#13895,#1763);
#1025=LINE('',#13897,#1764);
#1026=LINE('',#13899,#1765);
#1027=LINE('',#13901,#1766);
#1028=LINE('',#13903,#1767);
#1029=LINE('',#13905,#1768);
#1030=LINE('',#13907,#1769);
#1031=LINE('',#13920,#1770);
#1032=LINE('',#13922,#1771);
#1033=LINE('',#13924,#1772);
#1034=LINE('',#13926,#1773);
#1035=LINE('',#13928,#1774);
#1036=LINE('',#13930,#1775);
#1037=LINE('',#13932,#1776);
#1038=LINE('',#13934,#1777);
#1039=LINE('',#13936,#1778);
#1040=LINE('',#13938,#1779);
#1041=LINE('',#13940,#1780);
#1042=LINE('',#13942,#1781);
#1043=LINE('',#13944,#1782);
#1044=LINE('',#13946,#1783);
#1045=LINE('',#13948,#1784);
#1046=LINE('',#13950,#1785);
#1047=LINE('',#13952,#1786);
#1048=LINE('',#13954,#1787);
#1049=LINE('',#13956,#1788);
#1050=LINE('',#13958,#1789);
#1051=LINE('',#13960,#1790);
#1052=LINE('',#13962,#1791);
#1053=LINE('',#13964,#1792);
#1054=LINE('',#13977,#1793);
#1055=LINE('',#13979,#1794);
#1056=LINE('',#13981,#1795);
#1057=LINE('',#13983,#1796);
#1058=LINE('',#13985,#1797);
#1059=LINE('',#13987,#1798);
#1060=VECTOR('',#8337,1.);
#1061=VECTOR('',#8338,1.);
#1062=VECTOR('',#8339,1.);
#1063=VECTOR('',#8340,1.);
#1064=VECTOR('',#8343,1.);
#1065=VECTOR('',#8344,1.);
#1066=VECTOR('',#8351,1.);
#1067=VECTOR('',#8352,1.);
#1068=VECTOR('',#8353,1.);
#1069=VECTOR('',#8354,1.);
#1070=VECTOR('',#8355,1.);
#1071=VECTOR('',#8356,1.);
#1072=VECTOR('',#8357,1.);
#1073=VECTOR('',#8358,1.);
#1074=VECTOR('',#8359,1.);
#1075=VECTOR('',#8360,1.);
#1076=VECTOR('',#8361,1.);
#1077=VECTOR('',#8362,1.);
#1078=VECTOR('',#8363,1.);
#1079=VECTOR('',#8364,1.);
#1080=VECTOR('',#8365,1.);
#1081=VECTOR('',#8366,1.);
#1082=VECTOR('',#8367,1.);
#1083=VECTOR('',#8368,1.);
#1084=VECTOR('',#8369,1.);
#1085=VECTOR('',#8370,1.);
#1086=VECTOR('',#8371,1.);
#1087=VECTOR('',#8372,1.);
#1088=VECTOR('',#8373,1.);
#1089=VECTOR('',#8374,1.);
#1090=VECTOR('',#8377,1.);
#1091=VECTOR('',#8378,1.);
#1092=VECTOR('',#8379,1.);
#1093=VECTOR('',#8380,1.);
#1094=VECTOR('',#8381,1.);
#1095=VECTOR('',#8382,1.);
#1096=VECTOR('',#8385,1.);
#1097=VECTOR('',#8386,1.);
#1098=VECTOR('',#8387,1.);
#1099=VECTOR('',#8388,1.);
#1100=VECTOR('',#8391,1.);
#1101=VECTOR('',#8392,1.);
#1102=VECTOR('',#8399,1.);
#1103=VECTOR('',#8400,1.);
#1104=VECTOR('',#8401,1.);
#1105=VECTOR('',#8402,1.);
#1106=VECTOR('',#8403,1.);
#1107=VECTOR('',#8404,1.);
#1108=VECTOR('',#8409,1.);
#1109=VECTOR('',#8412,1.);
#1110=VECTOR('',#8413,1.);
#1111=VECTOR('',#8414,1.);
#1112=VECTOR('',#8415,1.);
#1113=VECTOR('',#8416,1.);
#1114=VECTOR('',#8417,1.);
#1115=VECTOR('',#8418,1.);
#1116=VECTOR('',#8419,1.);
#1117=VECTOR('',#8424,1.);
#1118=VECTOR('',#8425,1.);
#1119=VECTOR('',#8426,1.);
#1120=VECTOR('',#8427,1.);
#1121=VECTOR('',#8428,1.);
#1122=VECTOR('',#8429,1.);
#1123=VECTOR('',#8430,1.);
#1124=VECTOR('',#8431,1.);
#1125=VECTOR('',#8432,1.);
#1126=VECTOR('',#8443,1.);
#1127=VECTOR('',#8446,1.);
#1128=VECTOR('',#8449,1.);
#1129=VECTOR('',#8452,1.);
#1130=VECTOR('',#8455,1.);
#1131=VECTOR('',#8456,1.);
#1132=VECTOR('',#8457,1.);
#1133=VECTOR('',#8458,1.);
#1134=VECTOR('',#8459,1.);
#1135=VECTOR('',#8460,1.);
#1136=VECTOR('',#8461,1.);
#1137=VECTOR('',#8462,1.);
#1138=VECTOR('',#8463,1.);
#1139=VECTOR('',#8464,1.);
#1140=VECTOR('',#8465,1.);
#1141=VECTOR('',#8466,1.);
#1142=VECTOR('',#8467,1.);
#1143=VECTOR('',#8468,1.);
#1144=VECTOR('',#8469,1.);
#1145=VECTOR('',#8470,1.);
#1146=VECTOR('',#8471,1.);
#1147=VECTOR('',#8472,1.);
#1148=VECTOR('',#8473,1.);
#1149=VECTOR('',#8474,1.);
#1150=VECTOR('',#8475,1.);
#1151=VECTOR('',#8478,1.);
#1152=VECTOR('',#8479,1.);
#1153=VECTOR('',#8480,1.);
#1154=VECTOR('',#8481,1.);
#1155=VECTOR('',#8482,1.);
#1156=VECTOR('',#8485,1.);
#1157=VECTOR('',#8488,1.);
#1158=VECTOR('',#8489,1.);
#1159=VECTOR('',#8490,1.);
#1160=VECTOR('',#8491,1.);
#1161=VECTOR('',#8492,1.);
#1162=VECTOR('',#8493,1.);
#1163=VECTOR('',#8494,1.);
#1164=VECTOR('',#8495,1.);
#1165=VECTOR('',#8496,1.);
#1166=VECTOR('',#8499,1.);
#1167=VECTOR('',#8500,1.);
#1168=VECTOR('',#8507,1.);
#1169=VECTOR('',#8508,1.);
#1170=VECTOR('',#8509,1.);
#1171=VECTOR('',#8510,1.);
#1172=VECTOR('',#8511,1.);
#1173=VECTOR('',#8512,1.);
#1174=VECTOR('',#8513,1.);
#1175=VECTOR('',#8514,1.);
#1176=VECTOR('',#8515,1.);
#1177=VECTOR('',#8516,1.);
#1178=VECTOR('',#8517,1.);
#1179=VECTOR('',#8518,1.);
#1180=VECTOR('',#8519,1.);
#1181=VECTOR('',#8520,1.);
#1182=VECTOR('',#8521,1.);
#1183=VECTOR('',#8522,1.);
#1184=VECTOR('',#8523,1.);
#1185=VECTOR('',#8524,1.);
#1186=VECTOR('',#8525,1.);
#1187=VECTOR('',#8526,1.);
#1188=VECTOR('',#8527,1.);
#1189=VECTOR('',#8528,1.);
#1190=VECTOR('',#8529,1.);
#1191=VECTOR('',#8530,1.);
#1192=VECTOR('',#8531,1.);
#1193=VECTOR('',#8532,1.);
#1194=VECTOR('',#8533,1.);
#1195=VECTOR('',#8534,1.);
#1196=VECTOR('',#8535,1.);
#1197=VECTOR('',#8536,1.);
#1198=VECTOR('',#8537,1.);
#1199=VECTOR('',#8538,1.);
#1200=VECTOR('',#8539,1.);
#1201=VECTOR('',#8540,1.);
#1202=VECTOR('',#8541,1.);
#1203=VECTOR('',#8542,1.);
#1204=VECTOR('',#8543,1.);
#1205=VECTOR('',#8546,1.);
#1206=VECTOR('',#8547,1.);
#1207=VECTOR('',#8548,1.);
#1208=VECTOR('',#8549,1.);
#1209=VECTOR('',#8550,1.);
#1210=VECTOR('',#8551,1.);
#1211=VECTOR('',#8552,1.);
#1212=VECTOR('',#8553,1.);
#1213=VECTOR('',#8554,1.);
#1214=VECTOR('',#8555,1.);
#1215=VECTOR('',#8556,1.);
#1216=VECTOR('',#8557,1.);
#1217=VECTOR('',#8558,1.);
#1218=VECTOR('',#8559,1.);
#1219=VECTOR('',#8560,1.);
#1220=VECTOR('',#8561,1.);
#1221=VECTOR('',#8562,1.);
#1222=VECTOR('',#8563,1.);
#1223=VECTOR('',#8564,1.);
#1224=VECTOR('',#8565,1.);
#1225=VECTOR('',#8566,1.);
#1226=VECTOR('',#8569,1.);
#1227=VECTOR('',#8570,1.);
#1228=VECTOR('',#8571,1.);
#1229=VECTOR('',#8572,1.);
#1230=VECTOR('',#8575,1.);
#1231=VECTOR('',#8576,1.);
#1232=VECTOR('',#8577,1.);
#1233=VECTOR('',#8578,1.);
#1234=VECTOR('',#8581,1.);
#1235=VECTOR('',#8582,1.);
#1236=VECTOR('',#8583,1.);
#1237=VECTOR('',#8584,1.);
#1238=VECTOR('',#8587,1.);
#1239=VECTOR('',#8588,1.);
#1240=VECTOR('',#8589,1.);
#1241=VECTOR('',#8590,1.);
#1242=VECTOR('',#8617,1.);
#1243=VECTOR('',#8618,1.);
#1244=VECTOR('',#8619,1.);
#1245=VECTOR('',#8622,1.);
#1246=VECTOR('',#8627,1.);
#1247=VECTOR('',#8628,1.);
#1248=VECTOR('',#8631,1.);
#1249=VECTOR('',#8636,1.);
#1250=VECTOR('',#8637,1.);
#1251=VECTOR('',#8640,1.);
#1252=VECTOR('',#8645,1.);
#1253=VECTOR('',#8646,1.);
#1254=VECTOR('',#8673,1.);
#1255=VECTOR('',#8674,1.);
#1256=VECTOR('',#8675,1.);
#1257=VECTOR('',#8676,1.);
#1258=VECTOR('',#8677,1.);
#1259=VECTOR('',#8678,1.);
#1260=VECTOR('',#8679,1.);
#1261=VECTOR('',#8682,1.);
#1262=VECTOR('',#8683,1.);
#1263=VECTOR('',#8686,1.);
#1264=VECTOR('',#8687,1.);
#1265=VECTOR('',#8690,1.);
#1266=VECTOR('',#8691,1.);
#1267=VECTOR('',#8692,1.);
#1268=VECTOR('',#8693,1.);
#1269=VECTOR('',#8694,1.);
#1270=VECTOR('',#8697,1.);
#1271=VECTOR('',#8698,1.);
#1272=VECTOR('',#8701,1.);
#1273=VECTOR('',#8702,1.);
#1274=VECTOR('',#8705,1.);
#1275=VECTOR('',#8706,1.);
#1276=VECTOR('',#8709,1.);
#1277=VECTOR('',#8710,1.);
#1278=VECTOR('',#8713,1.);
#1279=VECTOR('',#8714,1.);
#1280=VECTOR('',#8721,1.);
#1281=VECTOR('',#8722,1.);
#1282=VECTOR('',#8723,1.);
#1283=VECTOR('',#8724,1.);
#1284=VECTOR('',#8727,1.);
#1285=VECTOR('',#8728,1.);
#1286=VECTOR('',#8731,1.);
#1287=VECTOR('',#8732,1.);
#1288=VECTOR('',#8735,1.);
#1289=VECTOR('',#8736,1.);
#1290=VECTOR('',#8739,1.);
#1291=VECTOR('',#8740,1.);
#1292=VECTOR('',#8743,1.);
#1293=VECTOR('',#8744,1.);
#1294=VECTOR('',#8747,1.);
#1295=VECTOR('',#8748,1.);
#1296=VECTOR('',#8751,1.);
#1297=VECTOR('',#8752,1.);
#1298=VECTOR('',#8755,1.);
#1299=VECTOR('',#8756,1.);
#1300=VECTOR('',#8759,1.);
#1301=VECTOR('',#8760,1.);
#1302=VECTOR('',#8763,1.);
#1303=VECTOR('',#8764,1.);
#1304=VECTOR('',#8767,1.);
#1305=VECTOR('',#8768,1.);
#1306=VECTOR('',#8769,1.);
#1307=VECTOR('',#8770,1.);
#1308=VECTOR('',#8771,1.);
#1309=VECTOR('',#8774,1.);
#1310=VECTOR('',#8777,1.);
#1311=VECTOR('',#8778,1.);
#1312=VECTOR('',#8779,1.);
#1313=VECTOR('',#8780,1.);
#1314=VECTOR('',#8781,1.);
#1315=VECTOR('',#8782,1.);
#1316=VECTOR('',#8783,1.);
#1317=VECTOR('',#8784,1.);
#1318=VECTOR('',#8787,1.);
#1319=VECTOR('',#8788,1.);
#1320=VECTOR('',#8789,1.);
#1321=VECTOR('',#8790,1.);
#1322=VECTOR('',#8791,1.);
#1323=VECTOR('',#8792,1.);
#1324=VECTOR('',#8793,1.);
#1325=VECTOR('',#8794,1.);
#1326=VECTOR('',#8797,1.);
#1327=VECTOR('',#8798,1.);
#1328=VECTOR('',#8803,1.);
#1329=VECTOR('',#8812,1.);
#1330=VECTOR('',#8813,1.);
#1331=VECTOR('',#8814,1.);
#1332=VECTOR('',#8815,1.);
#1333=VECTOR('',#8816,1.);
#1334=VECTOR('',#8817,1.);
#1335=VECTOR('',#8818,1.);
#1336=VECTOR('',#8821,1.);
#1337=VECTOR('',#8822,1.);
#1338=VECTOR('',#8825,1.);
#1339=VECTOR('',#8826,1.);
#1340=VECTOR('',#8829,1.);
#1341=VECTOR('',#8830,1.);
#1342=VECTOR('',#8831,1.);
#1343=VECTOR('',#8832,1.);
#1344=VECTOR('',#8833,1.);
#1345=VECTOR('',#8836,1.);
#1346=VECTOR('',#8837,1.);
#1347=VECTOR('',#8840,1.);
#1348=VECTOR('',#8841,1.);
#1349=VECTOR('',#8844,1.);
#1350=VECTOR('',#8845,1.);
#1351=VECTOR('',#8848,1.);
#1352=VECTOR('',#8849,1.);
#1353=VECTOR('',#8852,1.);
#1354=VECTOR('',#8853,1.);
#1355=VECTOR('',#8862,1.);
#1356=VECTOR('',#8863,1.);
#1357=VECTOR('',#8864,1.);
#1358=VECTOR('',#8867,1.);
#1359=VECTOR('',#8868,1.);
#1360=VECTOR('',#8871,1.);
#1361=VECTOR('',#8872,1.);
#1362=VECTOR('',#8875,1.);
#1363=VECTOR('',#8880,1.);
#1364=VECTOR('',#8881,1.);
#1365=VECTOR('',#8882,1.);
#1366=VECTOR('',#8885,1.);
#1367=VECTOR('',#8886,1.);
#1368=VECTOR('',#8889,1.);
#1369=VECTOR('',#8890,1.);
#1370=VECTOR('',#8893,1.);
#1371=VECTOR('',#8898,1.);
#1372=VECTOR('',#8899,1.);
#1373=VECTOR('',#8900,1.);
#1374=VECTOR('',#8903,1.);
#1375=VECTOR('',#8904,1.);
#1376=VECTOR('',#8905,1.);
#1377=VECTOR('',#8906,1.);
#1378=VECTOR('',#8907,1.);
#1379=VECTOR('',#8910,1.);
#1380=VECTOR('',#8911,1.);
#1381=VECTOR('',#8914,1.);
#1382=VECTOR('',#8915,1.);
#1383=VECTOR('',#8918,1.);
#1384=VECTOR('',#8919,1.);
#1385=VECTOR('',#8924,1.);
#1386=VECTOR('',#8929,1.);
#1387=VECTOR('',#8932,1.);
#1388=VECTOR('',#8933,1.);
#1389=VECTOR('',#8934,1.);
#1390=VECTOR('',#8939,1.);
#1391=VECTOR('',#8942,1.);
#1392=VECTOR('',#8943,1.);
#1393=VECTOR('',#8944,1.);
#1394=VECTOR('',#8945,1.);
#1395=VECTOR('',#8946,1.);
#1396=VECTOR('',#8947,1.);
#1397=VECTOR('',#8950,1.);
#1398=VECTOR('',#8953,1.);
#1399=VECTOR('',#8954,1.);
#1400=VECTOR('',#8955,1.);
#1401=VECTOR('',#8956,1.);
#1402=VECTOR('',#8959,1.);
#1403=VECTOR('',#8960,1.);
#1404=VECTOR('',#8961,1.);
#1405=VECTOR('',#8966,1.);
#1406=VECTOR('',#8969,1.);
#1407=VECTOR('',#8970,1.);
#1408=VECTOR('',#8971,1.);
#1409=VECTOR('',#8972,1.);
#1410=VECTOR('',#8973,1.);
#1411=VECTOR('',#8978,1.);
#1412=VECTOR('',#8979,1.);
#1413=VECTOR('',#8980,1.);
#1414=VECTOR('',#8981,1.);
#1415=VECTOR('',#8982,1.);
#1416=VECTOR('',#8985,1.);
#1417=VECTOR('',#8986,1.);
#1418=VECTOR('',#8987,1.);
#1419=VECTOR('',#8988,1.);
#1420=VECTOR('',#8991,1.);
#1421=VECTOR('',#8992,1.);
#1422=VECTOR('',#8993,1.);
#1423=VECTOR('',#8994,1.);
#1424=VECTOR('',#8995,1.);
#1425=VECTOR('',#8996,1.);
#1426=VECTOR('',#8997,1.);
#1427=VECTOR('',#8998,1.);
#1428=VECTOR('',#8999,1.);
#1429=VECTOR('',#9000,1.);
#1430=VECTOR('',#9001,1.);
#1431=VECTOR('',#9002,1.);
#1432=VECTOR('',#9003,1.);
#1433=VECTOR('',#9004,1.);
#1434=VECTOR('',#9011,1.);
#1435=VECTOR('',#9012,1.);
#1436=VECTOR('',#9013,1.);
#1437=VECTOR('',#9016,1.);
#1438=VECTOR('',#9017,1.);
#1439=VECTOR('',#9020,1.);
#1440=VECTOR('',#9021,1.);
#1441=VECTOR('',#9024,1.);
#1442=VECTOR('',#9027,1.);
#1443=VECTOR('',#9028,1.);
#1444=VECTOR('',#9029,1.);
#1445=VECTOR('',#9030,1.);
#1446=VECTOR('',#9031,1.);
#1447=VECTOR('',#9032,1.);
#1448=VECTOR('',#9035,1.);
#1449=VECTOR('',#9036,1.);
#1450=VECTOR('',#9039,1.);
#1451=VECTOR('',#9040,1.);
#1452=VECTOR('',#9041,1.);
#1453=VECTOR('',#9042,1.);
#1454=VECTOR('',#9043,1.);
#1455=VECTOR('',#9044,1.);
#1456=VECTOR('',#9047,1.);
#1457=VECTOR('',#9048,1.);
#1458=VECTOR('',#9049,1.);
#1459=VECTOR('',#9050,1.);
#1460=VECTOR('',#9051,1.);
#1461=VECTOR('',#9052,1.);
#1462=VECTOR('',#9055,1.);
#1463=VECTOR('',#9056,1.);
#1464=VECTOR('',#9057,1.);
#1465=VECTOR('',#9058,1.);
#1466=VECTOR('',#9063,1.);
#1467=VECTOR('',#9066,1.);
#1468=VECTOR('',#9067,1.);
#1469=VECTOR('',#9070,1.);
#1470=VECTOR('',#9071,1.);
#1471=VECTOR('',#9076,1.);
#1472=VECTOR('',#9081,1.);
#1473=VECTOR('',#9086,1.);
#1474=VECTOR('',#9087,1.);
#1475=VECTOR('',#9088,1.);
#1476=VECTOR('',#9091,1.);
#1477=VECTOR('',#9092,1.);
#1478=VECTOR('',#9093,1.);
#1479=VECTOR('',#9094,1.);
#1480=VECTOR('',#9097,1.);
#1481=VECTOR('',#9098,1.);
#1482=VECTOR('',#9099,1.);
#1483=VECTOR('',#9100,1.);
#1484=VECTOR('',#9107,1.);
#1485=VECTOR('',#9108,1.);
#1486=VECTOR('',#9109,1.);
#1487=VECTOR('',#9110,1.);
#1488=VECTOR('',#9117,1.);
#1489=VECTOR('',#9124,1.);
#1490=VECTOR('',#9133,1.);
#1491=VECTOR('',#9138,1.);
#1492=VECTOR('',#9139,1.);
#1493=VECTOR('',#9140,1.);
#1494=VECTOR('',#9141,1.);
#1495=VECTOR('',#9142,1.);
#1496=VECTOR('',#9143,1.);
#1497=VECTOR('',#9146,1.);
#1498=VECTOR('',#9147,1.);
#1499=VECTOR('',#9150,1.);
#1500=VECTOR('',#9151,1.);
#1501=VECTOR('',#9152,1.);
#1502=VECTOR('',#9153,1.);
#1503=VECTOR('',#9154,1.);
#1504=VECTOR('',#9155,1.);
#1505=VECTOR('',#9158,1.);
#1506=VECTOR('',#9159,1.);
#1507=VECTOR('',#9160,1.);
#1508=VECTOR('',#9161,1.);
#1509=VECTOR('',#9162,1.);
#1510=VECTOR('',#9163,1.);
#1511=VECTOR('',#9166,1.);
#1512=VECTOR('',#9167,1.);
#1513=VECTOR('',#9168,1.);
#1514=VECTOR('',#9169,1.);
#1515=VECTOR('',#9174,1.);
#1516=VECTOR('',#9177,1.);
#1517=VECTOR('',#9178,1.);
#1518=VECTOR('',#9181,1.);
#1519=VECTOR('',#9182,1.);
#1520=VECTOR('',#9187,1.);
#1521=VECTOR('',#9192,1.);
#1522=VECTOR('',#9197,1.);
#1523=VECTOR('',#9198,1.);
#1524=VECTOR('',#9199,1.);
#1525=VECTOR('',#9202,1.);
#1526=VECTOR('',#9203,1.);
#1527=VECTOR('',#9204,1.);
#1528=VECTOR('',#9205,1.);
#1529=VECTOR('',#9208,1.);
#1530=VECTOR('',#9209,1.);
#1531=VECTOR('',#9210,1.);
#1532=VECTOR('',#9211,1.);
#1533=VECTOR('',#9218,1.);
#1534=VECTOR('',#9219,1.);
#1535=VECTOR('',#9220,1.);
#1536=VECTOR('',#9221,1.);
#1537=VECTOR('',#9228,1.);
#1538=VECTOR('',#9235,1.);
#1539=VECTOR('',#9244,1.);
#1540=VECTOR('',#9251,1.);
#1541=VECTOR('',#9252,1.);
#1542=VECTOR('',#9253,1.);
#1543=VECTOR('',#9254,1.);
#1544=VECTOR('',#9259,1.);
#1545=VECTOR('',#9262,1.);
#1546=VECTOR('',#9263,1.);
#1547=VECTOR('',#9264,1.);
#1548=VECTOR('',#9265,1.);
#1549=VECTOR('',#9266,1.);
#1550=VECTOR('',#9267,1.);
#1551=VECTOR('',#9268,1.);
#1552=VECTOR('',#9269,1.);
#1553=VECTOR('',#9270,1.);
#1554=VECTOR('',#9273,1.);
#1555=VECTOR('',#9274,1.);
#1556=VECTOR('',#9277,1.);
#1557=VECTOR('',#9278,1.);
#1558=VECTOR('',#9281,1.);
#1559=VECTOR('',#9282,1.);
#1560=VECTOR('',#9285,1.);
#1561=VECTOR('',#9286,1.);
#1562=VECTOR('',#9289,1.);
#1563=VECTOR('',#9290,1.);
#1564=VECTOR('',#9291,1.);
#1565=VECTOR('',#9292,1.);
#1566=VECTOR('',#9293,1.);
#1567=VECTOR('',#9294,1.);
#1568=VECTOR('',#9295,1.);
#1569=VECTOR('',#9296,1.);
#1570=VECTOR('',#9297,1.);
#1571=VECTOR('',#9308,1.);
#1572=VECTOR('',#9309,1.);
#1573=VECTOR('',#9310,1.);
#1574=VECTOR('',#9313,1.);
#1575=VECTOR('',#9314,1.);
#1576=VECTOR('',#9317,1.);
#1577=VECTOR('',#9318,1.);
#1578=VECTOR('',#9319,1.);
#1579=VECTOR('',#9322,1.);
#1580=VECTOR('',#9323,1.);
#1581=VECTOR('',#9326,1.);
#1582=VECTOR('',#9327,1.);
#1583=VECTOR('',#9330,1.);
#1584=VECTOR('',#9331,1.);
#1585=VECTOR('',#9334,1.);
#1586=VECTOR('',#9335,1.);
#1587=VECTOR('',#9338,1.);
#1588=VECTOR('',#9339,1.);
#1589=VECTOR('',#9342,1.);
#1590=VECTOR('',#9343,1.);
#1591=VECTOR('',#9346,1.);
#1592=VECTOR('',#9347,1.);
#1593=VECTOR('',#9350,1.);
#1594=VECTOR('',#9351,1.);
#1595=VECTOR('',#9354,1.);
#1596=VECTOR('',#9355,1.);
#1597=VECTOR('',#9358,1.);
#1598=VECTOR('',#9359,1.);
#1599=VECTOR('',#9362,1.);
#1600=VECTOR('',#9363,1.);
#1601=VECTOR('',#9364,1.);
#1602=VECTOR('',#9367,1.);
#1603=VECTOR('',#9368,1.);
#1604=VECTOR('',#9371,1.);
#1605=VECTOR('',#9372,1.);
#1606=VECTOR('',#9375,1.);
#1607=VECTOR('',#9380,1.);
#1608=VECTOR('',#9381,1.);
#1609=VECTOR('',#9382,1.);
#1610=VECTOR('',#9385,1.);
#1611=VECTOR('',#9386,1.);
#1612=VECTOR('',#9387,1.);
#1613=VECTOR('',#9388,1.);
#1614=VECTOR('',#9389,1.);
#1615=VECTOR('',#9392,1.);
#1616=VECTOR('',#9393,1.);
#1617=VECTOR('',#9396,1.);
#1618=VECTOR('',#9397,1.);
#1619=VECTOR('',#9400,1.);
#1620=VECTOR('',#9401,1.);
#1621=VECTOR('',#9402,1.);
#1622=VECTOR('',#9405,1.);
#1623=VECTOR('',#9406,1.);
#1624=VECTOR('',#9407,1.);
#1625=VECTOR('',#9410,1.);
#1626=VECTOR('',#9411,1.);
#1627=VECTOR('',#9412,1.);
#1628=VECTOR('',#9413,1.);
#1629=VECTOR('',#9414,1.);
#1630=VECTOR('',#9415,1.);
#1631=VECTOR('',#9418,1.);
#1632=VECTOR('',#9423,1.);
#1633=VECTOR('',#9424,1.);
#1634=VECTOR('',#9425,1.);
#1635=VECTOR('',#9428,1.);
#1636=VECTOR('',#9429,1.);
#1637=VECTOR('',#9432,1.);
#1638=VECTOR('',#9433,1.);
#1639=VECTOR('',#9436,1.);
#1640=VECTOR('',#9437,1.);
#1641=VECTOR('',#9440,1.);
#1642=VECTOR('',#9441,1.);
#1643=VECTOR('',#9444,1.);
#1644=VECTOR('',#9445,1.);
#1645=VECTOR('',#9448,1.);
#1646=VECTOR('',#9449,1.);
#1647=VECTOR('',#9452,1.);
#1648=VECTOR('',#9453,1.);
#1649=VECTOR('',#9456,1.);
#1650=VECTOR('',#9457,1.);
#1651=VECTOR('',#9460,1.);
#1652=VECTOR('',#9465,1.);
#1653=VECTOR('',#9466,1.);
#1654=VECTOR('',#9467,1.);
#1655=VECTOR('',#9470,1.);
#1656=VECTOR('',#9471,1.);
#1657=VECTOR('',#9474,1.);
#1658=VECTOR('',#9475,1.);
#1659=VECTOR('',#9478,1.);
#1660=VECTOR('',#9479,1.);
#1661=VECTOR('',#9482,1.);
#1662=VECTOR('',#9483,1.);
#1663=VECTOR('',#9486,1.);
#1664=VECTOR('',#9487,1.);
#1665=VECTOR('',#9490,1.);
#1666=VECTOR('',#9491,1.);
#1667=VECTOR('',#9494,1.);
#1668=VECTOR('',#9495,1.);
#1669=VECTOR('',#9498,1.);
#1670=VECTOR('',#9499,1.);
#1671=VECTOR('',#9502,1.);
#1672=VECTOR('',#9507,1.);
#1673=VECTOR('',#9508,1.);
#1674=VECTOR('',#9509,1.);
#1675=VECTOR('',#9510,1.);
#1676=VECTOR('',#9511,1.);
#1677=VECTOR('',#9512,1.);
#1678=VECTOR('',#9513,1.);
#1679=VECTOR('',#9516,1.);
#1680=VECTOR('',#9517,1.);
#1681=VECTOR('',#9520,1.);
#1682=VECTOR('',#9521,1.);
#1683=VECTOR('',#9524,1.);
#1684=VECTOR('',#9525,1.);
#1685=VECTOR('',#9526,1.);
#1686=VECTOR('',#9527,1.);
#1687=VECTOR('',#9528,1.);
#1688=VECTOR('',#9531,1.);
#1689=VECTOR('',#9532,1.);
#1690=VECTOR('',#9535,1.);
#1691=VECTOR('',#9536,1.);
#1692=VECTOR('',#9539,1.);
#1693=VECTOR('',#9540,1.);
#1694=VECTOR('',#9543,1.);
#1695=VECTOR('',#9544,1.);
#1696=VECTOR('',#9547,1.);
#1697=VECTOR('',#9548,1.);
#1698=VECTOR('',#9557,1.);
#1699=VECTOR('',#9558,1.);
#1700=VECTOR('',#9559,1.);
#1701=VECTOR('',#9562,1.);
#1702=VECTOR('',#9563,1.);
#1703=VECTOR('',#9566,1.);
#1704=VECTOR('',#9567,1.);
#1705=VECTOR('',#9570,1.);
#1706=VECTOR('',#9575,1.);
#1707=VECTOR('',#9576,1.);
#1708=VECTOR('',#9577,1.);
#1709=VECTOR('',#9580,1.);
#1710=VECTOR('',#9581,1.);
#1711=VECTOR('',#9584,1.);
#1712=VECTOR('',#9585,1.);
#1713=VECTOR('',#9588,1.);
#1714=VECTOR('',#9591,1.);
#1715=VECTOR('',#9592,1.);
#1716=VECTOR('',#9593,1.);
#1717=VECTOR('',#9594,1.);
#1718=VECTOR('',#9595,1.);
#1719=VECTOR('',#9596,1.);
#1720=VECTOR('',#9599,1.);
#1721=VECTOR('',#9600,1.);
#1722=VECTOR('',#9603,1.);
#1723=VECTOR('',#9604,1.);
#1724=VECTOR('',#9605,1.);
#1725=VECTOR('',#9606,1.);
#1726=VECTOR('',#9607,1.);
#1727=VECTOR('',#9608,1.);
#1728=VECTOR('',#9611,1.);
#1729=VECTOR('',#9612,1.);
#1730=VECTOR('',#9613,1.);
#1731=VECTOR('',#9614,1.);
#1732=VECTOR('',#9615,1.);
#1733=VECTOR('',#9616,1.);
#1734=VECTOR('',#9619,1.);
#1735=VECTOR('',#9620,1.);
#1736=VECTOR('',#9621,1.);
#1737=VECTOR('',#9622,1.);
#1738=VECTOR('',#9627,1.);
#1739=VECTOR('',#9630,1.);
#1740=VECTOR('',#9631,1.);
#1741=VECTOR('',#9634,1.);
#1742=VECTOR('',#9635,1.);
#1743=VECTOR('',#9640,1.);
#1744=VECTOR('',#9645,1.);
#1745=VECTOR('',#9650,1.);
#1746=VECTOR('',#9651,1.);
#1747=VECTOR('',#9652,1.);
#1748=VECTOR('',#9655,1.);
#1749=VECTOR('',#9656,1.);
#1750=VECTOR('',#9657,1.);
#1751=VECTOR('',#9658,1.);
#1752=VECTOR('',#9661,1.);
#1753=VECTOR('',#9662,1.);
#1754=VECTOR('',#9663,1.);
#1755=VECTOR('',#9664,1.);
#1756=VECTOR('',#9671,1.);
#1757=VECTOR('',#9672,1.);
#1758=VECTOR('',#9673,1.);
#1759=VECTOR('',#9674,1.);
#1760=VECTOR('',#9681,1.);
#1761=VECTOR('',#9682,1.);
#1762=VECTOR('',#9691,1.);
#1763=VECTOR('',#9698,1.);
#1764=VECTOR('',#9699,1.);
#1765=VECTOR('',#9700,1.);
#1766=VECTOR('',#9703,1.);
#1767=VECTOR('',#9704,1.);
#1768=VECTOR('',#9707,1.);
#1769=VECTOR('',#9708,1.);
#1770=VECTOR('',#9709,1.);
#1771=VECTOR('',#9712,1.);
#1772=VECTOR('',#9713,1.);
#1773=VECTOR('',#9716,1.);
#1774=VECTOR('',#9717,1.);
#1775=VECTOR('',#9720,1.);
#1776=VECTOR('',#9721,1.);
#1777=VECTOR('',#9724,1.);
#1778=VECTOR('',#9725,1.);
#1779=VECTOR('',#9728,1.);
#1780=VECTOR('',#9729,1.);
#1781=VECTOR('',#9732,1.);
#1782=VECTOR('',#9733,1.);
#1783=VECTOR('',#9736,1.);
#1784=VECTOR('',#9737,1.);
#1785=VECTOR('',#9740,1.);
#1786=VECTOR('',#9741,1.);
#1787=VECTOR('',#9744,1.);
#1788=VECTOR('',#9745,1.);
#1789=VECTOR('',#9748,1.);
#1790=VECTOR('',#9749,1.);
#1791=VECTOR('',#9752,1.);
#1792=VECTOR('',#9753,1.);
#1793=VECTOR('',#9754,1.);
#1794=VECTOR('',#9757,1.);
#1795=VECTOR('',#9758,1.);
#1796=VECTOR('',#9761,1.);
#1797=VECTOR('',#9762,1.);
#1798=VECTOR('',#9765,1.);
#1799=ORIENTED_EDGE('',*,*,#4137,.T.);
#1800=ORIENTED_EDGE('',*,*,#4138,.T.);
#1801=ORIENTED_EDGE('',*,*,#4139,.T.);
#1802=ORIENTED_EDGE('',*,*,#4140,.T.);
#1803=ORIENTED_EDGE('',*,*,#4141,.T.);
#1804=ORIENTED_EDGE('',*,*,#4142,.T.);
#1805=ORIENTED_EDGE('',*,*,#4143,.T.);
#1806=ORIENTED_EDGE('',*,*,#4144,.T.);
#1807=ORIENTED_EDGE('',*,*,#4145,.T.);
#1808=ORIENTED_EDGE('',*,*,#4146,.T.);
#1809=ORIENTED_EDGE('',*,*,#4147,.T.);
#1810=ORIENTED_EDGE('',*,*,#4148,.T.);
#1811=ORIENTED_EDGE('',*,*,#4149,.T.);
#1812=ORIENTED_EDGE('',*,*,#4150,.T.);
#1813=ORIENTED_EDGE('',*,*,#4151,.T.);
#1814=ORIENTED_EDGE('',*,*,#4152,.T.);
#1815=ORIENTED_EDGE('',*,*,#4153,.T.);
#1816=ORIENTED_EDGE('',*,*,#4154,.T.);
#1817=ORIENTED_EDGE('',*,*,#4155,.T.);
#1818=ORIENTED_EDGE('',*,*,#4156,.T.);
#1819=ORIENTED_EDGE('',*,*,#4157,.T.);
#1820=ORIENTED_EDGE('',*,*,#4158,.T.);
#1821=ORIENTED_EDGE('',*,*,#4159,.T.);
#1822=ORIENTED_EDGE('',*,*,#4160,.T.);
#1823=ORIENTED_EDGE('',*,*,#4161,.T.);
#1824=ORIENTED_EDGE('',*,*,#4162,.T.);
#1825=ORIENTED_EDGE('',*,*,#4163,.T.);
#1826=ORIENTED_EDGE('',*,*,#4164,.T.);
#1827=ORIENTED_EDGE('',*,*,#4165,.T.);
#1828=ORIENTED_EDGE('',*,*,#4166,.T.);
#1829=ORIENTED_EDGE('',*,*,#4167,.T.);
#1830=ORIENTED_EDGE('',*,*,#4168,.T.);
#1831=ORIENTED_EDGE('',*,*,#4169,.T.);
#1832=ORIENTED_EDGE('',*,*,#4170,.T.);
#1833=ORIENTED_EDGE('',*,*,#4171,.T.);
#1834=ORIENTED_EDGE('',*,*,#4172,.T.);
#1835=ORIENTED_EDGE('',*,*,#4173,.T.);
#1836=ORIENTED_EDGE('',*,*,#4174,.T.);
#1837=ORIENTED_EDGE('',*,*,#4175,.T.);
#1838=ORIENTED_EDGE('',*,*,#4176,.T.);
#1839=ORIENTED_EDGE('',*,*,#4177,.T.);
#1840=ORIENTED_EDGE('',*,*,#4178,.T.);
#1841=ORIENTED_EDGE('',*,*,#4179,.T.);
#1842=ORIENTED_EDGE('',*,*,#4180,.T.);
#1843=ORIENTED_EDGE('',*,*,#4181,.T.);
#1844=ORIENTED_EDGE('',*,*,#4182,.T.);
#1845=ORIENTED_EDGE('',*,*,#4183,.T.);
#1846=ORIENTED_EDGE('',*,*,#4184,.T.);
#1847=ORIENTED_EDGE('',*,*,#4185,.T.);
#1848=ORIENTED_EDGE('',*,*,#4186,.T.);
#1849=ORIENTED_EDGE('',*,*,#4187,.T.);
#1850=ORIENTED_EDGE('',*,*,#4188,.T.);
#1851=ORIENTED_EDGE('',*,*,#4189,.T.);
#1852=ORIENTED_EDGE('',*,*,#4190,.T.);
#1853=ORIENTED_EDGE('',*,*,#4191,.T.);
#1854=ORIENTED_EDGE('',*,*,#4192,.T.);
#1855=ORIENTED_EDGE('',*,*,#4193,.T.);
#1856=ORIENTED_EDGE('',*,*,#4194,.T.);
#1857=ORIENTED_EDGE('',*,*,#4195,.T.);
#1858=ORIENTED_EDGE('',*,*,#4196,.T.);
#1859=ORIENTED_EDGE('',*,*,#4197,.T.);
#1860=ORIENTED_EDGE('',*,*,#4198,.T.);
#1861=ORIENTED_EDGE('',*,*,#4199,.T.);
#1862=ORIENTED_EDGE('',*,*,#4200,.T.);
#1863=ORIENTED_EDGE('',*,*,#4201,.T.);
#1864=ORIENTED_EDGE('',*,*,#4202,.T.);
#1865=ORIENTED_EDGE('',*,*,#4203,.T.);
#1866=ORIENTED_EDGE('',*,*,#4204,.T.);
#1867=ORIENTED_EDGE('',*,*,#4205,.T.);
#1868=ORIENTED_EDGE('',*,*,#4206,.T.);
#1869=ORIENTED_EDGE('',*,*,#4207,.T.);
#1870=ORIENTED_EDGE('',*,*,#4208,.T.);
#1871=ORIENTED_EDGE('',*,*,#4209,.T.);
#1872=ORIENTED_EDGE('',*,*,#4210,.T.);
#1873=ORIENTED_EDGE('',*,*,#4211,.T.);
#1874=ORIENTED_EDGE('',*,*,#4212,.T.);
#1875=ORIENTED_EDGE('',*,*,#4213,.T.);
#1876=ORIENTED_EDGE('',*,*,#4214,.T.);
#1877=ORIENTED_EDGE('',*,*,#4215,.T.);
#1878=ORIENTED_EDGE('',*,*,#4216,.T.);
#1879=ORIENTED_EDGE('',*,*,#4217,.T.);
#1880=ORIENTED_EDGE('',*,*,#4218,.T.);
#1881=ORIENTED_EDGE('',*,*,#4219,.T.);
#1882=ORIENTED_EDGE('',*,*,#4220,.T.);
#1883=ORIENTED_EDGE('',*,*,#4221,.T.);
#1884=ORIENTED_EDGE('',*,*,#4222,.T.);
#1885=ORIENTED_EDGE('',*,*,#4223,.T.);
#1886=ORIENTED_EDGE('',*,*,#4224,.T.);
#1887=ORIENTED_EDGE('',*,*,#4225,.T.);
#1888=ORIENTED_EDGE('',*,*,#4226,.T.);
#1889=ORIENTED_EDGE('',*,*,#4227,.T.);
#1890=ORIENTED_EDGE('',*,*,#4228,.T.);
#1891=ORIENTED_EDGE('',*,*,#4229,.T.);
#1892=ORIENTED_EDGE('',*,*,#4230,.T.);
#1893=ORIENTED_EDGE('',*,*,#4231,.T.);
#1894=ORIENTED_EDGE('',*,*,#4232,.T.);
#1895=ORIENTED_EDGE('',*,*,#4233,.T.);
#1896=ORIENTED_EDGE('',*,*,#4234,.T.);
#1897=ORIENTED_EDGE('',*,*,#4235,.T.);
#1898=ORIENTED_EDGE('',*,*,#4236,.T.);
#1899=ORIENTED_EDGE('',*,*,#4237,.T.);
#1900=ORIENTED_EDGE('',*,*,#4238,.T.);
#1901=ORIENTED_EDGE('',*,*,#4239,.T.);
#1902=ORIENTED_EDGE('',*,*,#4240,.T.);
#1903=ORIENTED_EDGE('',*,*,#4241,.T.);
#1904=ORIENTED_EDGE('',*,*,#4242,.T.);
#1905=ORIENTED_EDGE('',*,*,#4243,.T.);
#1906=ORIENTED_EDGE('',*,*,#4244,.T.);
#1907=ORIENTED_EDGE('',*,*,#4245,.T.);
#1908=ORIENTED_EDGE('',*,*,#4246,.T.);
#1909=ORIENTED_EDGE('',*,*,#4247,.T.);
#1910=ORIENTED_EDGE('',*,*,#4248,.T.);
#1911=ORIENTED_EDGE('',*,*,#4249,.T.);
#1912=ORIENTED_EDGE('',*,*,#4250,.T.);
#1913=ORIENTED_EDGE('',*,*,#4251,.T.);
#1914=ORIENTED_EDGE('',*,*,#4252,.T.);
#1915=ORIENTED_EDGE('',*,*,#4253,.T.);
#1916=ORIENTED_EDGE('',*,*,#4254,.T.);
#1917=ORIENTED_EDGE('',*,*,#4255,.T.);
#1918=ORIENTED_EDGE('',*,*,#4256,.T.);
#1919=ORIENTED_EDGE('',*,*,#4257,.T.);
#1920=ORIENTED_EDGE('',*,*,#4258,.T.);
#1921=ORIENTED_EDGE('',*,*,#4259,.T.);
#1922=ORIENTED_EDGE('',*,*,#4260,.T.);
#1923=ORIENTED_EDGE('',*,*,#4261,.T.);
#1924=ORIENTED_EDGE('',*,*,#4262,.T.);
#1925=ORIENTED_EDGE('',*,*,#4263,.T.);
#1926=ORIENTED_EDGE('',*,*,#4264,.T.);
#1927=ORIENTED_EDGE('',*,*,#4265,.T.);
#1928=ORIENTED_EDGE('',*,*,#4266,.T.);
#1929=ORIENTED_EDGE('',*,*,#4267,.T.);
#1930=ORIENTED_EDGE('',*,*,#4268,.T.);
#1931=ORIENTED_EDGE('',*,*,#4269,.T.);
#1932=ORIENTED_EDGE('',*,*,#4270,.T.);
#1933=ORIENTED_EDGE('',*,*,#4271,.T.);
#1934=ORIENTED_EDGE('',*,*,#4272,.T.);
#1935=ORIENTED_EDGE('',*,*,#4273,.T.);
#1936=ORIENTED_EDGE('',*,*,#4274,.T.);
#1937=ORIENTED_EDGE('',*,*,#4275,.T.);
#1938=ORIENTED_EDGE('',*,*,#4276,.T.);
#1939=ORIENTED_EDGE('',*,*,#4277,.T.);
#1940=ORIENTED_EDGE('',*,*,#4278,.T.);
#1941=ORIENTED_EDGE('',*,*,#4279,.T.);
#1942=ORIENTED_EDGE('',*,*,#4280,.T.);
#1943=ORIENTED_EDGE('',*,*,#4281,.T.);
#1944=ORIENTED_EDGE('',*,*,#4282,.T.);
#1945=ORIENTED_EDGE('',*,*,#4283,.T.);
#1946=ORIENTED_EDGE('',*,*,#4284,.T.);
#1947=ORIENTED_EDGE('',*,*,#4285,.T.);
#1948=ORIENTED_EDGE('',*,*,#4286,.T.);
#1949=ORIENTED_EDGE('',*,*,#4287,.T.);
#1950=ORIENTED_EDGE('',*,*,#4288,.T.);
#1951=ORIENTED_EDGE('',*,*,#4289,.T.);
#1952=ORIENTED_EDGE('',*,*,#4290,.T.);
#1953=ORIENTED_EDGE('',*,*,#4291,.T.);
#1954=ORIENTED_EDGE('',*,*,#4292,.T.);
#1955=ORIENTED_EDGE('',*,*,#4293,.T.);
#1956=ORIENTED_EDGE('',*,*,#4294,.T.);
#1957=ORIENTED_EDGE('',*,*,#4295,.T.);
#1958=ORIENTED_EDGE('',*,*,#4296,.T.);
#1959=ORIENTED_EDGE('',*,*,#4297,.T.);
#1960=ORIENTED_EDGE('',*,*,#4298,.T.);
#1961=ORIENTED_EDGE('',*,*,#4299,.T.);
#1962=ORIENTED_EDGE('',*,*,#4300,.T.);
#1963=ORIENTED_EDGE('',*,*,#4301,.T.);
#1964=ORIENTED_EDGE('',*,*,#4302,.T.);
#1965=ORIENTED_EDGE('',*,*,#4303,.T.);
#1966=ORIENTED_EDGE('',*,*,#4304,.T.);
#1967=ORIENTED_EDGE('',*,*,#4305,.T.);
#1968=ORIENTED_EDGE('',*,*,#4306,.T.);
#1969=ORIENTED_EDGE('',*,*,#4307,.T.);
#1970=ORIENTED_EDGE('',*,*,#4308,.T.);
#1971=ORIENTED_EDGE('',*,*,#4309,.T.);
#1972=ORIENTED_EDGE('',*,*,#4310,.T.);
#1973=ORIENTED_EDGE('',*,*,#4311,.F.);
#1974=ORIENTED_EDGE('',*,*,#4312,.F.);
#1975=ORIENTED_EDGE('',*,*,#4313,.F.);
#1976=ORIENTED_EDGE('',*,*,#4314,.F.);
#1977=ORIENTED_EDGE('',*,*,#4315,.F.);
#1978=ORIENTED_EDGE('',*,*,#4316,.T.);
#1979=ORIENTED_EDGE('',*,*,#4317,.F.);
#1980=ORIENTED_EDGE('',*,*,#4318,.T.);
#1981=ORIENTED_EDGE('',*,*,#4319,.T.);
#1982=ORIENTED_EDGE('',*,*,#4320,.T.);
#1983=ORIENTED_EDGE('',*,*,#4321,.T.);
#1984=ORIENTED_EDGE('',*,*,#4322,.T.);
#1985=ORIENTED_EDGE('',*,*,#4323,.T.);
#1986=ORIENTED_EDGE('',*,*,#4324,.T.);
#1987=ORIENTED_EDGE('',*,*,#4325,.T.);
#1988=ORIENTED_EDGE('',*,*,#4326,.T.);
#1989=ORIENTED_EDGE('',*,*,#4327,.T.);
#1990=ORIENTED_EDGE('',*,*,#4328,.T.);
#1991=ORIENTED_EDGE('',*,*,#4329,.T.);
#1992=ORIENTED_EDGE('',*,*,#4330,.T.);
#1993=ORIENTED_EDGE('',*,*,#4331,.T.);
#1994=ORIENTED_EDGE('',*,*,#4332,.T.);
#1995=ORIENTED_EDGE('',*,*,#4333,.T.);
#1996=ORIENTED_EDGE('',*,*,#4334,.T.);
#1997=ORIENTED_EDGE('',*,*,#4335,.T.);
#1998=ORIENTED_EDGE('',*,*,#4336,.T.);
#1999=ORIENTED_EDGE('',*,*,#4337,.T.);
#2000=ORIENTED_EDGE('',*,*,#4338,.T.);
#2001=ORIENTED_EDGE('',*,*,#4339,.T.);
#2002=ORIENTED_EDGE('',*,*,#4340,.T.);
#2003=ORIENTED_EDGE('',*,*,#4341,.T.);
#2004=ORIENTED_EDGE('',*,*,#4342,.T.);
#2005=ORIENTED_EDGE('',*,*,#4343,.T.);
#2006=ORIENTED_EDGE('',*,*,#4344,.T.);
#2007=ORIENTED_EDGE('',*,*,#4345,.T.);
#2008=ORIENTED_EDGE('',*,*,#4346,.T.);
#2009=ORIENTED_EDGE('',*,*,#4347,.T.);
#2010=ORIENTED_EDGE('',*,*,#4348,.T.);
#2011=ORIENTED_EDGE('',*,*,#4349,.T.);
#2012=ORIENTED_EDGE('',*,*,#4350,.T.);
#2013=ORIENTED_EDGE('',*,*,#4351,.T.);
#2014=ORIENTED_EDGE('',*,*,#4352,.T.);
#2015=ORIENTED_EDGE('',*,*,#4353,.T.);
#2016=ORIENTED_EDGE('',*,*,#4354,.T.);
#2017=ORIENTED_EDGE('',*,*,#4355,.T.);
#2018=ORIENTED_EDGE('',*,*,#4356,.T.);
#2019=ORIENTED_EDGE('',*,*,#4357,.T.);
#2020=ORIENTED_EDGE('',*,*,#4358,.T.);
#2021=ORIENTED_EDGE('',*,*,#4359,.T.);
#2022=ORIENTED_EDGE('',*,*,#4360,.T.);
#2023=ORIENTED_EDGE('',*,*,#4361,.T.);
#2024=ORIENTED_EDGE('',*,*,#4362,.T.);
#2025=ORIENTED_EDGE('',*,*,#4363,.T.);
#2026=ORIENTED_EDGE('',*,*,#4364,.T.);
#2027=ORIENTED_EDGE('',*,*,#4365,.T.);
#2028=ORIENTED_EDGE('',*,*,#4366,.T.);
#2029=ORIENTED_EDGE('',*,*,#4367,.T.);
#2030=ORIENTED_EDGE('',*,*,#4368,.T.);
#2031=ORIENTED_EDGE('',*,*,#4369,.T.);
#2032=ORIENTED_EDGE('',*,*,#4370,.T.);
#2033=ORIENTED_EDGE('',*,*,#4371,.T.);
#2034=ORIENTED_EDGE('',*,*,#4372,.T.);
#2035=ORIENTED_EDGE('',*,*,#4373,.T.);
#2036=ORIENTED_EDGE('',*,*,#4374,.T.);
#2037=ORIENTED_EDGE('',*,*,#4375,.T.);
#2038=ORIENTED_EDGE('',*,*,#4376,.T.);
#2039=ORIENTED_EDGE('',*,*,#4377,.T.);
#2040=ORIENTED_EDGE('',*,*,#4378,.T.);
#2041=ORIENTED_EDGE('',*,*,#4379,.T.);
#2042=ORIENTED_EDGE('',*,*,#4380,.T.);
#2043=ORIENTED_EDGE('',*,*,#4381,.T.);
#2044=ORIENTED_EDGE('',*,*,#4382,.T.);
#2045=ORIENTED_EDGE('',*,*,#4383,.T.);
#2046=ORIENTED_EDGE('',*,*,#4384,.T.);
#2047=ORIENTED_EDGE('',*,*,#4385,.T.);
#2048=ORIENTED_EDGE('',*,*,#4386,.T.);
#2049=ORIENTED_EDGE('',*,*,#4387,.T.);
#2050=ORIENTED_EDGE('',*,*,#4388,.T.);
#2051=ORIENTED_EDGE('',*,*,#4389,.T.);
#2052=ORIENTED_EDGE('',*,*,#4390,.T.);
#2053=ORIENTED_EDGE('',*,*,#4391,.T.);
#2054=ORIENTED_EDGE('',*,*,#4392,.T.);
#2055=ORIENTED_EDGE('',*,*,#4393,.T.);
#2056=ORIENTED_EDGE('',*,*,#4394,.T.);
#2057=ORIENTED_EDGE('',*,*,#4395,.T.);
#2058=ORIENTED_EDGE('',*,*,#4396,.T.);
#2059=ORIENTED_EDGE('',*,*,#4397,.T.);
#2060=ORIENTED_EDGE('',*,*,#4398,.T.);
#2061=ORIENTED_EDGE('',*,*,#4399,.T.);
#2062=ORIENTED_EDGE('',*,*,#4400,.T.);
#2063=ORIENTED_EDGE('',*,*,#4401,.T.);
#2064=ORIENTED_EDGE('',*,*,#4402,.T.);
#2065=ORIENTED_EDGE('',*,*,#4403,.T.);
#2066=ORIENTED_EDGE('',*,*,#4404,.T.);
#2067=ORIENTED_EDGE('',*,*,#4405,.T.);
#2068=ORIENTED_EDGE('',*,*,#4406,.T.);
#2069=ORIENTED_EDGE('',*,*,#4407,.T.);
#2070=ORIENTED_EDGE('',*,*,#4408,.T.);
#2071=ORIENTED_EDGE('',*,*,#4409,.T.);
#2072=ORIENTED_EDGE('',*,*,#4410,.T.);
#2073=ORIENTED_EDGE('',*,*,#4411,.T.);
#2074=ORIENTED_EDGE('',*,*,#4412,.T.);
#2075=ORIENTED_EDGE('',*,*,#4413,.T.);
#2076=ORIENTED_EDGE('',*,*,#4414,.T.);
#2077=ORIENTED_EDGE('',*,*,#4415,.T.);
#2078=ORIENTED_EDGE('',*,*,#4416,.T.);
#2079=ORIENTED_EDGE('',*,*,#4417,.T.);
#2080=ORIENTED_EDGE('',*,*,#4418,.T.);
#2081=ORIENTED_EDGE('',*,*,#4419,.T.);
#2082=ORIENTED_EDGE('',*,*,#4420,.T.);
#2083=ORIENTED_EDGE('',*,*,#4421,.T.);
#2084=ORIENTED_EDGE('',*,*,#4422,.T.);
#2085=ORIENTED_EDGE('',*,*,#4423,.T.);
#2086=ORIENTED_EDGE('',*,*,#4424,.T.);
#2087=ORIENTED_EDGE('',*,*,#4425,.T.);
#2088=ORIENTED_EDGE('',*,*,#4426,.T.);
#2089=ORIENTED_EDGE('',*,*,#4427,.T.);
#2090=ORIENTED_EDGE('',*,*,#4428,.T.);
#2091=ORIENTED_EDGE('',*,*,#4429,.T.);
#2092=ORIENTED_EDGE('',*,*,#4430,.T.);
#2093=ORIENTED_EDGE('',*,*,#4431,.T.);
#2094=ORIENTED_EDGE('',*,*,#4432,.T.);
#2095=ORIENTED_EDGE('',*,*,#4433,.T.);
#2096=ORIENTED_EDGE('',*,*,#4434,.T.);
#2097=ORIENTED_EDGE('',*,*,#4435,.T.);
#2098=ORIENTED_EDGE('',*,*,#4436,.T.);
#2099=ORIENTED_EDGE('',*,*,#4437,.T.);
#2100=ORIENTED_EDGE('',*,*,#4438,.T.);
#2101=ORIENTED_EDGE('',*,*,#4439,.T.);
#2102=ORIENTED_EDGE('',*,*,#4440,.T.);
#2103=ORIENTED_EDGE('',*,*,#4441,.T.);
#2104=ORIENTED_EDGE('',*,*,#4442,.T.);
#2105=ORIENTED_EDGE('',*,*,#4443,.T.);
#2106=ORIENTED_EDGE('',*,*,#4444,.T.);
#2107=ORIENTED_EDGE('',*,*,#4445,.T.);
#2108=ORIENTED_EDGE('',*,*,#4446,.T.);
#2109=ORIENTED_EDGE('',*,*,#4447,.T.);
#2110=ORIENTED_EDGE('',*,*,#4448,.T.);
#2111=ORIENTED_EDGE('',*,*,#4449,.T.);
#2112=ORIENTED_EDGE('',*,*,#4450,.T.);
#2113=ORIENTED_EDGE('',*,*,#4451,.T.);
#2114=ORIENTED_EDGE('',*,*,#4452,.T.);
#2115=ORIENTED_EDGE('',*,*,#4453,.T.);
#2116=ORIENTED_EDGE('',*,*,#4454,.T.);
#2117=ORIENTED_EDGE('',*,*,#4455,.T.);
#2118=ORIENTED_EDGE('',*,*,#4456,.T.);
#2119=ORIENTED_EDGE('',*,*,#4457,.T.);
#2120=ORIENTED_EDGE('',*,*,#4458,.T.);
#2121=ORIENTED_EDGE('',*,*,#4459,.T.);
#2122=ORIENTED_EDGE('',*,*,#4460,.T.);
#2123=ORIENTED_EDGE('',*,*,#4461,.T.);
#2124=ORIENTED_EDGE('',*,*,#4462,.T.);
#2125=ORIENTED_EDGE('',*,*,#4463,.T.);
#2126=ORIENTED_EDGE('',*,*,#4464,.T.);
#2127=ORIENTED_EDGE('',*,*,#4465,.T.);
#2128=ORIENTED_EDGE('',*,*,#4466,.T.);
#2129=ORIENTED_EDGE('',*,*,#4467,.T.);
#2130=ORIENTED_EDGE('',*,*,#4468,.T.);
#2131=ORIENTED_EDGE('',*,*,#4469,.T.);
#2132=ORIENTED_EDGE('',*,*,#4470,.T.);
#2133=ORIENTED_EDGE('',*,*,#4471,.T.);
#2134=ORIENTED_EDGE('',*,*,#4472,.T.);
#2135=ORIENTED_EDGE('',*,*,#4473,.T.);
#2136=ORIENTED_EDGE('',*,*,#4474,.T.);
#2137=ORIENTED_EDGE('',*,*,#4475,.T.);
#2138=ORIENTED_EDGE('',*,*,#4476,.T.);
#2139=ORIENTED_EDGE('',*,*,#4477,.T.);
#2140=ORIENTED_EDGE('',*,*,#4478,.T.);
#2141=ORIENTED_EDGE('',*,*,#4479,.F.);
#2142=ORIENTED_EDGE('',*,*,#4480,.F.);
#2143=ORIENTED_EDGE('',*,*,#4481,.T.);
#2144=ORIENTED_EDGE('',*,*,#4482,.T.);
#2145=ORIENTED_EDGE('',*,*,#4483,.F.);
#2146=ORIENTED_EDGE('',*,*,#4484,.F.);
#2147=ORIENTED_EDGE('',*,*,#4485,.F.);
#2148=ORIENTED_EDGE('',*,*,#4486,.F.);
#2149=ORIENTED_EDGE('',*,*,#4487,.T.);
#2150=ORIENTED_EDGE('',*,*,#4488,.T.);
#2151=ORIENTED_EDGE('',*,*,#4489,.F.);
#2152=ORIENTED_EDGE('',*,*,#4490,.F.);
#2153=ORIENTED_EDGE('',*,*,#4491,.T.);
#2154=ORIENTED_EDGE('',*,*,#4492,.T.);
#2155=ORIENTED_EDGE('',*,*,#4493,.F.);
#2156=ORIENTED_EDGE('',*,*,#4477,.F.);
#2157=ORIENTED_EDGE('',*,*,#4494,.T.);
#2158=ORIENTED_EDGE('',*,*,#4483,.T.);
#2159=ORIENTED_EDGE('',*,*,#4495,.F.);
#2160=ORIENTED_EDGE('',*,*,#4492,.F.);
#2161=ORIENTED_EDGE('',*,*,#4496,.T.);
#2162=ORIENTED_EDGE('',*,*,#4479,.T.);
#2163=ORIENTED_EDGE('',*,*,#4497,.F.);
#2164=ORIENTED_EDGE('',*,*,#4488,.F.);
#2165=ORIENTED_EDGE('',*,*,#4498,.T.);
#2166=ORIENTED_EDGE('',*,*,#4490,.T.);
#2167=ORIENTED_EDGE('',*,*,#4499,.F.);
#2168=ORIENTED_EDGE('',*,*,#4481,.F.);
#2169=ORIENTED_EDGE('',*,*,#4500,.T.);
#2170=ORIENTED_EDGE('',*,*,#4486,.T.);
#2171=ORIENTED_EDGE('',*,*,#4310,.F.);
#2172=ORIENTED_EDGE('',*,*,#4501,.F.);
#2173=ORIENTED_EDGE('',*,*,#4502,.T.);
#2174=ORIENTED_EDGE('',*,*,#4503,.T.);
#2175=ORIENTED_EDGE('',*,*,#4317,.T.);
#2176=ORIENTED_EDGE('',*,*,#4504,.F.);
#2177=ORIENTED_EDGE('',*,*,#4505,.F.);
#2178=ORIENTED_EDGE('',*,*,#4501,.T.);
#2179=ORIENTED_EDGE('',*,*,#4316,.F.);
#2180=ORIENTED_EDGE('',*,*,#4506,.F.);
#2181=ORIENTED_EDGE('',*,*,#4507,.T.);
#2182=ORIENTED_EDGE('',*,*,#4504,.T.);
#2183=ORIENTED_EDGE('',*,*,#4315,.T.);
#2184=ORIENTED_EDGE('',*,*,#4508,.F.);
#2185=ORIENTED_EDGE('',*,*,#4509,.F.);
#2186=ORIENTED_EDGE('',*,*,#4506,.T.);
#2187=ORIENTED_EDGE('',*,*,#4314,.T.);
#2188=ORIENTED_EDGE('',*,*,#4510,.F.);
#2189=ORIENTED_EDGE('',*,*,#4511,.F.);
#2190=ORIENTED_EDGE('',*,*,#4508,.T.);
#2191=ORIENTED_EDGE('',*,*,#4313,.T.);
#2192=ORIENTED_EDGE('',*,*,#4512,.F.);
#2193=ORIENTED_EDGE('',*,*,#4513,.F.);
#2194=ORIENTED_EDGE('',*,*,#4510,.T.);
#2195=ORIENTED_EDGE('',*,*,#4312,.T.);
#2196=ORIENTED_EDGE('',*,*,#4514,.F.);
#2197=ORIENTED_EDGE('',*,*,#4515,.F.);
#2198=ORIENTED_EDGE('',*,*,#4512,.T.);
#2199=ORIENTED_EDGE('',*,*,#4516,.T.);
#2200=ORIENTED_EDGE('',*,*,#4309,.F.);
#2201=ORIENTED_EDGE('',*,*,#4517,.T.);
#2202=ORIENTED_EDGE('',*,*,#4308,.F.);
#2203=ORIENTED_EDGE('',*,*,#4518,.T.);
#2204=ORIENTED_EDGE('',*,*,#4307,.F.);
#2205=ORIENTED_EDGE('',*,*,#4519,.T.);
#2206=ORIENTED_EDGE('',*,*,#4306,.F.);
#2207=ORIENTED_EDGE('',*,*,#4311,.T.);
#2208=ORIENTED_EDGE('',*,*,#4503,.F.);
#2209=ORIENTED_EDGE('',*,*,#4520,.F.);
#2210=ORIENTED_EDGE('',*,*,#4514,.T.);
#2211=ORIENTED_EDGE('',*,*,#4519,.F.);
#2212=ORIENTED_EDGE('',*,*,#4518,.F.);
#2213=ORIENTED_EDGE('',*,*,#4517,.F.);
#2214=ORIENTED_EDGE('',*,*,#4516,.F.);
#2215=ORIENTED_EDGE('',*,*,#4494,.F.);
#2216=ORIENTED_EDGE('',*,*,#4480,.T.);
#2217=ORIENTED_EDGE('',*,*,#4496,.F.);
#2218=ORIENTED_EDGE('',*,*,#4491,.F.);
#2219=ORIENTED_EDGE('',*,*,#4498,.F.);
#2220=ORIENTED_EDGE('',*,*,#4487,.F.);
#2221=ORIENTED_EDGE('',*,*,#4500,.F.);
#2222=ORIENTED_EDGE('',*,*,#4484,.T.);
#2223=ORIENTED_EDGE('',*,*,#4502,.F.);
#2224=ORIENTED_EDGE('',*,*,#4505,.T.);
#2225=ORIENTED_EDGE('',*,*,#4507,.F.);
#2226=ORIENTED_EDGE('',*,*,#4509,.T.);
#2227=ORIENTED_EDGE('',*,*,#4511,.T.);
#2228=ORIENTED_EDGE('',*,*,#4513,.T.);
#2229=ORIENTED_EDGE('',*,*,#4515,.T.);
#2230=ORIENTED_EDGE('',*,*,#4520,.T.);
#2231=ORIENTED_EDGE('',*,*,#4478,.F.);
#2232=ORIENTED_EDGE('',*,*,#4493,.T.);
#2233=ORIENTED_EDGE('',*,*,#4482,.F.);
#2234=ORIENTED_EDGE('',*,*,#4499,.T.);
#2235=ORIENTED_EDGE('',*,*,#4485,.T.);
#2236=ORIENTED_EDGE('',*,*,#4497,.T.);
#2237=ORIENTED_EDGE('',*,*,#4489,.T.);
#2238=ORIENTED_EDGE('',*,*,#4495,.T.);
#2239=ORIENTED_EDGE('',*,*,#4289,.F.);
#2240=ORIENTED_EDGE('',*,*,#4521,.F.);
#2241=ORIENTED_EDGE('',*,*,#4522,.T.);
#2242=ORIENTED_EDGE('',*,*,#4523,.T.);
#2243=ORIENTED_EDGE('',*,*,#4290,.F.);
#2244=ORIENTED_EDGE('',*,*,#4523,.F.);
#2245=ORIENTED_EDGE('',*,*,#4524,.T.);
#2246=ORIENTED_EDGE('',*,*,#4525,.T.);
#2247=ORIENTED_EDGE('',*,*,#4291,.F.);
#2248=ORIENTED_EDGE('',*,*,#4525,.F.);
#2249=ORIENTED_EDGE('',*,*,#4526,.T.);
#2250=ORIENTED_EDGE('',*,*,#4527,.T.);
#2251=ORIENTED_EDGE('',*,*,#4292,.F.);
#2252=ORIENTED_EDGE('',*,*,#4527,.F.);
#2253=ORIENTED_EDGE('',*,*,#4528,.T.);
#2254=ORIENTED_EDGE('',*,*,#4529,.T.);
#2255=ORIENTED_EDGE('',*,*,#4293,.F.);
#2256=ORIENTED_EDGE('',*,*,#4529,.F.);
#2257=ORIENTED_EDGE('',*,*,#4530,.T.);
#2258=ORIENTED_EDGE('',*,*,#4531,.T.);
#2259=ORIENTED_EDGE('',*,*,#4294,.F.);
#2260=ORIENTED_EDGE('',*,*,#4531,.F.);
#2261=ORIENTED_EDGE('',*,*,#4532,.T.);
#2262=ORIENTED_EDGE('',*,*,#4533,.T.);
#2263=ORIENTED_EDGE('',*,*,#4295,.F.);
#2264=ORIENTED_EDGE('',*,*,#4533,.F.);
#2265=ORIENTED_EDGE('',*,*,#4534,.T.);
#2266=ORIENTED_EDGE('',*,*,#4535,.T.);
#2267=ORIENTED_EDGE('',*,*,#4296,.F.);
#2268=ORIENTED_EDGE('',*,*,#4535,.F.);
#2269=ORIENTED_EDGE('',*,*,#4536,.T.);
#2270=ORIENTED_EDGE('',*,*,#4537,.T.);
#2271=ORIENTED_EDGE('',*,*,#4297,.F.);
#2272=ORIENTED_EDGE('',*,*,#4537,.F.);
#2273=ORIENTED_EDGE('',*,*,#4538,.T.);
#2274=ORIENTED_EDGE('',*,*,#4539,.T.);
#2275=ORIENTED_EDGE('',*,*,#4298,.F.);
#2276=ORIENTED_EDGE('',*,*,#4539,.F.);
#2277=ORIENTED_EDGE('',*,*,#4540,.T.);
#2278=ORIENTED_EDGE('',*,*,#4541,.T.);
#2279=ORIENTED_EDGE('',*,*,#4299,.F.);
#2280=ORIENTED_EDGE('',*,*,#4541,.F.);
#2281=ORIENTED_EDGE('',*,*,#4542,.T.);
#2282=ORIENTED_EDGE('',*,*,#4543,.T.);
#2283=ORIENTED_EDGE('',*,*,#4300,.F.);
#2284=ORIENTED_EDGE('',*,*,#4543,.F.);
#2285=ORIENTED_EDGE('',*,*,#4544,.T.);
#2286=ORIENTED_EDGE('',*,*,#4545,.T.);
#2287=ORIENTED_EDGE('',*,*,#4301,.F.);
#2288=ORIENTED_EDGE('',*,*,#4545,.F.);
#2289=ORIENTED_EDGE('',*,*,#4546,.T.);
#2290=ORIENTED_EDGE('',*,*,#4547,.T.);
#2291=ORIENTED_EDGE('',*,*,#4302,.F.);
#2292=ORIENTED_EDGE('',*,*,#4547,.F.);
#2293=ORIENTED_EDGE('',*,*,#4548,.T.);
#2294=ORIENTED_EDGE('',*,*,#4549,.T.);
#2295=ORIENTED_EDGE('',*,*,#4303,.F.);
#2296=ORIENTED_EDGE('',*,*,#4549,.F.);
#2297=ORIENTED_EDGE('',*,*,#4550,.T.);
#2298=ORIENTED_EDGE('',*,*,#4551,.T.);
#2299=ORIENTED_EDGE('',*,*,#4304,.F.);
#2300=ORIENTED_EDGE('',*,*,#4551,.F.);
#2301=ORIENTED_EDGE('',*,*,#4552,.T.);
#2302=ORIENTED_EDGE('',*,*,#4553,.T.);
#2303=ORIENTED_EDGE('',*,*,#4305,.F.);
#2304=ORIENTED_EDGE('',*,*,#4553,.F.);
#2305=ORIENTED_EDGE('',*,*,#4554,.T.);
#2306=ORIENTED_EDGE('',*,*,#4521,.T.);
#2307=ORIENTED_EDGE('',*,*,#4522,.F.);
#2308=ORIENTED_EDGE('',*,*,#4554,.F.);
#2309=ORIENTED_EDGE('',*,*,#4552,.F.);
#2310=ORIENTED_EDGE('',*,*,#4550,.F.);
#2311=ORIENTED_EDGE('',*,*,#4548,.F.);
#2312=ORIENTED_EDGE('',*,*,#4546,.F.);
#2313=ORIENTED_EDGE('',*,*,#4544,.F.);
#2314=ORIENTED_EDGE('',*,*,#4542,.F.);
#2315=ORIENTED_EDGE('',*,*,#4540,.F.);
#2316=ORIENTED_EDGE('',*,*,#4538,.F.);
#2317=ORIENTED_EDGE('',*,*,#4536,.F.);
#2318=ORIENTED_EDGE('',*,*,#4534,.F.);
#2319=ORIENTED_EDGE('',*,*,#4532,.F.);
#2320=ORIENTED_EDGE('',*,*,#4530,.F.);
#2321=ORIENTED_EDGE('',*,*,#4528,.F.);
#2322=ORIENTED_EDGE('',*,*,#4526,.F.);
#2323=ORIENTED_EDGE('',*,*,#4524,.F.);
#2324=ORIENTED_EDGE('',*,*,#4318,.F.);
#2325=ORIENTED_EDGE('',*,*,#4555,.F.);
#2326=ORIENTED_EDGE('',*,*,#4556,.T.);
#2327=ORIENTED_EDGE('',*,*,#4557,.T.);
#2328=ORIENTED_EDGE('',*,*,#4319,.F.);
#2329=ORIENTED_EDGE('',*,*,#4557,.F.);
#2330=ORIENTED_EDGE('',*,*,#4558,.T.);
#2331=ORIENTED_EDGE('',*,*,#4559,.T.);
#2332=ORIENTED_EDGE('',*,*,#4320,.F.);
#2333=ORIENTED_EDGE('',*,*,#4559,.F.);
#2334=ORIENTED_EDGE('',*,*,#4560,.T.);
#2335=ORIENTED_EDGE('',*,*,#4561,.T.);
#2336=ORIENTED_EDGE('',*,*,#4321,.F.);
#2337=ORIENTED_EDGE('',*,*,#4561,.F.);
#2338=ORIENTED_EDGE('',*,*,#4562,.T.);
#2339=ORIENTED_EDGE('',*,*,#4563,.T.);
#2340=ORIENTED_EDGE('',*,*,#4322,.F.);
#2341=ORIENTED_EDGE('',*,*,#4563,.F.);
#2342=ORIENTED_EDGE('',*,*,#4564,.T.);
#2343=ORIENTED_EDGE('',*,*,#4565,.T.);
#2344=ORIENTED_EDGE('',*,*,#4323,.F.);
#2345=ORIENTED_EDGE('',*,*,#4565,.F.);
#2346=ORIENTED_EDGE('',*,*,#4566,.T.);
#2347=ORIENTED_EDGE('',*,*,#4567,.T.);
#2348=ORIENTED_EDGE('',*,*,#4324,.F.);
#2349=ORIENTED_EDGE('',*,*,#4567,.F.);
#2350=ORIENTED_EDGE('',*,*,#4568,.T.);
#2351=ORIENTED_EDGE('',*,*,#4569,.T.);
#2352=ORIENTED_EDGE('',*,*,#4325,.F.);
#2353=ORIENTED_EDGE('',*,*,#4569,.F.);
#2354=ORIENTED_EDGE('',*,*,#4570,.T.);
#2355=ORIENTED_EDGE('',*,*,#4571,.T.);
#2356=ORIENTED_EDGE('',*,*,#4326,.F.);
#2357=ORIENTED_EDGE('',*,*,#4571,.F.);
#2358=ORIENTED_EDGE('',*,*,#4572,.T.);
#2359=ORIENTED_EDGE('',*,*,#4573,.T.);
#2360=ORIENTED_EDGE('',*,*,#4327,.F.);
#2361=ORIENTED_EDGE('',*,*,#4573,.F.);
#2362=ORIENTED_EDGE('',*,*,#4574,.T.);
#2363=ORIENTED_EDGE('',*,*,#4575,.T.);
#2364=ORIENTED_EDGE('',*,*,#4328,.F.);
#2365=ORIENTED_EDGE('',*,*,#4575,.F.);
#2366=ORIENTED_EDGE('',*,*,#4576,.T.);
#2367=ORIENTED_EDGE('',*,*,#4577,.T.);
#2368=ORIENTED_EDGE('',*,*,#4329,.F.);
#2369=ORIENTED_EDGE('',*,*,#4577,.F.);
#2370=ORIENTED_EDGE('',*,*,#4578,.T.);
#2371=ORIENTED_EDGE('',*,*,#4579,.T.);
#2372=ORIENTED_EDGE('',*,*,#4330,.F.);
#2373=ORIENTED_EDGE('',*,*,#4579,.F.);
#2374=ORIENTED_EDGE('',*,*,#4580,.T.);
#2375=ORIENTED_EDGE('',*,*,#4581,.T.);
#2376=ORIENTED_EDGE('',*,*,#4331,.F.);
#2377=ORIENTED_EDGE('',*,*,#4581,.F.);
#2378=ORIENTED_EDGE('',*,*,#4582,.T.);
#2379=ORIENTED_EDGE('',*,*,#4583,.T.);
#2380=ORIENTED_EDGE('',*,*,#4332,.F.);
#2381=ORIENTED_EDGE('',*,*,#4583,.F.);
#2382=ORIENTED_EDGE('',*,*,#4584,.T.);
#2383=ORIENTED_EDGE('',*,*,#4585,.T.);
#2384=ORIENTED_EDGE('',*,*,#4333,.F.);
#2385=ORIENTED_EDGE('',*,*,#4585,.F.);
#2386=ORIENTED_EDGE('',*,*,#4586,.T.);
#2387=ORIENTED_EDGE('',*,*,#4587,.T.);
#2388=ORIENTED_EDGE('',*,*,#4334,.F.);
#2389=ORIENTED_EDGE('',*,*,#4587,.F.);
#2390=ORIENTED_EDGE('',*,*,#4588,.T.);
#2391=ORIENTED_EDGE('',*,*,#4589,.T.);
#2392=ORIENTED_EDGE('',*,*,#4335,.F.);
#2393=ORIENTED_EDGE('',*,*,#4589,.F.);
#2394=ORIENTED_EDGE('',*,*,#4590,.T.);
#2395=ORIENTED_EDGE('',*,*,#4555,.T.);
#2396=ORIENTED_EDGE('',*,*,#4556,.F.);
#2397=ORIENTED_EDGE('',*,*,#4590,.F.);
#2398=ORIENTED_EDGE('',*,*,#4588,.F.);
#2399=ORIENTED_EDGE('',*,*,#4586,.F.);
#2400=ORIENTED_EDGE('',*,*,#4584,.F.);
#2401=ORIENTED_EDGE('',*,*,#4582,.F.);
#2402=ORIENTED_EDGE('',*,*,#4580,.F.);
#2403=ORIENTED_EDGE('',*,*,#4578,.F.);
#2404=ORIENTED_EDGE('',*,*,#4576,.F.);
#2405=ORIENTED_EDGE('',*,*,#4574,.F.);
#2406=ORIENTED_EDGE('',*,*,#4572,.F.);
#2407=ORIENTED_EDGE('',*,*,#4570,.F.);
#2408=ORIENTED_EDGE('',*,*,#4568,.F.);
#2409=ORIENTED_EDGE('',*,*,#4566,.F.);
#2410=ORIENTED_EDGE('',*,*,#4564,.F.);
#2411=ORIENTED_EDGE('',*,*,#4562,.F.);
#2412=ORIENTED_EDGE('',*,*,#4560,.F.);
#2413=ORIENTED_EDGE('',*,*,#4558,.F.);
#2414=ORIENTED_EDGE('',*,*,#4272,.F.);
#2415=ORIENTED_EDGE('',*,*,#4591,.F.);
#2416=ORIENTED_EDGE('',*,*,#4592,.T.);
#2417=ORIENTED_EDGE('',*,*,#4593,.T.);
#2418=ORIENTED_EDGE('',*,*,#4273,.F.);
#2419=ORIENTED_EDGE('',*,*,#4593,.F.);
#2420=ORIENTED_EDGE('',*,*,#4594,.T.);
#2421=ORIENTED_EDGE('',*,*,#4595,.T.);
#2422=ORIENTED_EDGE('',*,*,#4274,.F.);
#2423=ORIENTED_EDGE('',*,*,#4595,.F.);
#2424=ORIENTED_EDGE('',*,*,#4596,.T.);
#2425=ORIENTED_EDGE('',*,*,#4597,.T.);
#2426=ORIENTED_EDGE('',*,*,#4275,.F.);
#2427=ORIENTED_EDGE('',*,*,#4597,.F.);
#2428=ORIENTED_EDGE('',*,*,#4598,.T.);
#2429=ORIENTED_EDGE('',*,*,#4599,.T.);
#2430=ORIENTED_EDGE('',*,*,#4276,.F.);
#2431=ORIENTED_EDGE('',*,*,#4599,.F.);
#2432=ORIENTED_EDGE('',*,*,#4600,.T.);
#2433=ORIENTED_EDGE('',*,*,#4601,.T.);
#2434=ORIENTED_EDGE('',*,*,#4277,.F.);
#2435=ORIENTED_EDGE('',*,*,#4601,.F.);
#2436=ORIENTED_EDGE('',*,*,#4602,.T.);
#2437=ORIENTED_EDGE('',*,*,#4603,.T.);
#2438=ORIENTED_EDGE('',*,*,#4278,.F.);
#2439=ORIENTED_EDGE('',*,*,#4603,.F.);
#2440=ORIENTED_EDGE('',*,*,#4604,.T.);
#2441=ORIENTED_EDGE('',*,*,#4605,.T.);
#2442=ORIENTED_EDGE('',*,*,#4279,.F.);
#2443=ORIENTED_EDGE('',*,*,#4605,.F.);
#2444=ORIENTED_EDGE('',*,*,#4606,.T.);
#2445=ORIENTED_EDGE('',*,*,#4607,.T.);
#2446=ORIENTED_EDGE('',*,*,#4280,.F.);
#2447=ORIENTED_EDGE('',*,*,#4607,.F.);
#2448=ORIENTED_EDGE('',*,*,#4608,.T.);
#2449=ORIENTED_EDGE('',*,*,#4609,.T.);
#2450=ORIENTED_EDGE('',*,*,#4281,.F.);
#2451=ORIENTED_EDGE('',*,*,#4609,.F.);
#2452=ORIENTED_EDGE('',*,*,#4610,.T.);
#2453=ORIENTED_EDGE('',*,*,#4611,.T.);
#2454=ORIENTED_EDGE('',*,*,#4282,.F.);
#2455=ORIENTED_EDGE('',*,*,#4611,.F.);
#2456=ORIENTED_EDGE('',*,*,#4612,.T.);
#2457=ORIENTED_EDGE('',*,*,#4613,.T.);
#2458=ORIENTED_EDGE('',*,*,#4283,.F.);
#2459=ORIENTED_EDGE('',*,*,#4613,.F.);
#2460=ORIENTED_EDGE('',*,*,#4614,.T.);
#2461=ORIENTED_EDGE('',*,*,#4615,.T.);
#2462=ORIENTED_EDGE('',*,*,#4284,.F.);
#2463=ORIENTED_EDGE('',*,*,#4615,.F.);
#2464=ORIENTED_EDGE('',*,*,#4616,.T.);
#2465=ORIENTED_EDGE('',*,*,#4617,.T.);
#2466=ORIENTED_EDGE('',*,*,#4285,.F.);
#2467=ORIENTED_EDGE('',*,*,#4617,.F.);
#2468=ORIENTED_EDGE('',*,*,#4618,.T.);
#2469=ORIENTED_EDGE('',*,*,#4619,.T.);
#2470=ORIENTED_EDGE('',*,*,#4286,.F.);
#2471=ORIENTED_EDGE('',*,*,#4619,.F.);
#2472=ORIENTED_EDGE('',*,*,#4620,.T.);
#2473=ORIENTED_EDGE('',*,*,#4621,.T.);
#2474=ORIENTED_EDGE('',*,*,#4287,.F.);
#2475=ORIENTED_EDGE('',*,*,#4621,.F.);
#2476=ORIENTED_EDGE('',*,*,#4622,.T.);
#2477=ORIENTED_EDGE('',*,*,#4623,.T.);
#2478=ORIENTED_EDGE('',*,*,#4288,.F.);
#2479=ORIENTED_EDGE('',*,*,#4623,.F.);
#2480=ORIENTED_EDGE('',*,*,#4624,.T.);
#2481=ORIENTED_EDGE('',*,*,#4591,.T.);
#2482=ORIENTED_EDGE('',*,*,#4592,.F.);
#2483=ORIENTED_EDGE('',*,*,#4624,.F.);
#2484=ORIENTED_EDGE('',*,*,#4622,.F.);
#2485=ORIENTED_EDGE('',*,*,#4620,.F.);
#2486=ORIENTED_EDGE('',*,*,#4618,.F.);
#2487=ORIENTED_EDGE('',*,*,#4616,.F.);
#2488=ORIENTED_EDGE('',*,*,#4614,.F.);
#2489=ORIENTED_EDGE('',*,*,#4612,.F.);
#2490=ORIENTED_EDGE('',*,*,#4610,.F.);
#2491=ORIENTED_EDGE('',*,*,#4608,.F.);
#2492=ORIENTED_EDGE('',*,*,#4606,.F.);
#2493=ORIENTED_EDGE('',*,*,#4604,.F.);
#2494=ORIENTED_EDGE('',*,*,#4602,.F.);
#2495=ORIENTED_EDGE('',*,*,#4600,.F.);
#2496=ORIENTED_EDGE('',*,*,#4598,.F.);
#2497=ORIENTED_EDGE('',*,*,#4596,.F.);
#2498=ORIENTED_EDGE('',*,*,#4594,.F.);
#2499=ORIENTED_EDGE('',*,*,#4336,.F.);
#2500=ORIENTED_EDGE('',*,*,#4625,.F.);
#2501=ORIENTED_EDGE('',*,*,#4626,.T.);
#2502=ORIENTED_EDGE('',*,*,#4627,.T.);
#2503=ORIENTED_EDGE('',*,*,#4337,.F.);
#2504=ORIENTED_EDGE('',*,*,#4627,.F.);
#2505=ORIENTED_EDGE('',*,*,#4628,.T.);
#2506=ORIENTED_EDGE('',*,*,#4629,.T.);
#2507=ORIENTED_EDGE('',*,*,#4338,.F.);
#2508=ORIENTED_EDGE('',*,*,#4629,.F.);
#2509=ORIENTED_EDGE('',*,*,#4630,.T.);
#2510=ORIENTED_EDGE('',*,*,#4631,.T.);
#2511=ORIENTED_EDGE('',*,*,#4339,.F.);
#2512=ORIENTED_EDGE('',*,*,#4631,.F.);
#2513=ORIENTED_EDGE('',*,*,#4632,.T.);
#2514=ORIENTED_EDGE('',*,*,#4633,.T.);
#2515=ORIENTED_EDGE('',*,*,#4340,.F.);
#2516=ORIENTED_EDGE('',*,*,#4633,.F.);
#2517=ORIENTED_EDGE('',*,*,#4634,.T.);
#2518=ORIENTED_EDGE('',*,*,#4635,.T.);
#2519=ORIENTED_EDGE('',*,*,#4341,.F.);
#2520=ORIENTED_EDGE('',*,*,#4635,.F.);
#2521=ORIENTED_EDGE('',*,*,#4636,.T.);
#2522=ORIENTED_EDGE('',*,*,#4637,.T.);
#2523=ORIENTED_EDGE('',*,*,#4342,.F.);
#2524=ORIENTED_EDGE('',*,*,#4637,.F.);
#2525=ORIENTED_EDGE('',*,*,#4638,.T.);
#2526=ORIENTED_EDGE('',*,*,#4639,.T.);
#2527=ORIENTED_EDGE('',*,*,#4343,.F.);
#2528=ORIENTED_EDGE('',*,*,#4639,.F.);
#2529=ORIENTED_EDGE('',*,*,#4640,.T.);
#2530=ORIENTED_EDGE('',*,*,#4641,.T.);
#2531=ORIENTED_EDGE('',*,*,#4344,.F.);
#2532=ORIENTED_EDGE('',*,*,#4641,.F.);
#2533=ORIENTED_EDGE('',*,*,#4642,.T.);
#2534=ORIENTED_EDGE('',*,*,#4643,.T.);
#2535=ORIENTED_EDGE('',*,*,#4345,.F.);
#2536=ORIENTED_EDGE('',*,*,#4643,.F.);
#2537=ORIENTED_EDGE('',*,*,#4644,.T.);
#2538=ORIENTED_EDGE('',*,*,#4645,.T.);
#2539=ORIENTED_EDGE('',*,*,#4346,.F.);
#2540=ORIENTED_EDGE('',*,*,#4645,.F.);
#2541=ORIENTED_EDGE('',*,*,#4646,.T.);
#2542=ORIENTED_EDGE('',*,*,#4647,.T.);
#2543=ORIENTED_EDGE('',*,*,#4347,.F.);
#2544=ORIENTED_EDGE('',*,*,#4647,.F.);
#2545=ORIENTED_EDGE('',*,*,#4648,.T.);
#2546=ORIENTED_EDGE('',*,*,#4649,.T.);
#2547=ORIENTED_EDGE('',*,*,#4348,.F.);
#2548=ORIENTED_EDGE('',*,*,#4649,.F.);
#2549=ORIENTED_EDGE('',*,*,#4650,.T.);
#2550=ORIENTED_EDGE('',*,*,#4651,.T.);
#2551=ORIENTED_EDGE('',*,*,#4349,.F.);
#2552=ORIENTED_EDGE('',*,*,#4651,.F.);
#2553=ORIENTED_EDGE('',*,*,#4652,.T.);
#2554=ORIENTED_EDGE('',*,*,#4653,.T.);
#2555=ORIENTED_EDGE('',*,*,#4350,.F.);
#2556=ORIENTED_EDGE('',*,*,#4653,.F.);
#2557=ORIENTED_EDGE('',*,*,#4654,.T.);
#2558=ORIENTED_EDGE('',*,*,#4655,.T.);
#2559=ORIENTED_EDGE('',*,*,#4351,.F.);
#2560=ORIENTED_EDGE('',*,*,#4655,.F.);
#2561=ORIENTED_EDGE('',*,*,#4656,.T.);
#2562=ORIENTED_EDGE('',*,*,#4657,.T.);
#2563=ORIENTED_EDGE('',*,*,#4352,.F.);
#2564=ORIENTED_EDGE('',*,*,#4657,.F.);
#2565=ORIENTED_EDGE('',*,*,#4658,.T.);
#2566=ORIENTED_EDGE('',*,*,#4625,.T.);
#2567=ORIENTED_EDGE('',*,*,#4626,.F.);
#2568=ORIENTED_EDGE('',*,*,#4658,.F.);
#2569=ORIENTED_EDGE('',*,*,#4656,.F.);
#2570=ORIENTED_EDGE('',*,*,#4654,.F.);
#2571=ORIENTED_EDGE('',*,*,#4652,.F.);
#2572=ORIENTED_EDGE('',*,*,#4650,.F.);
#2573=ORIENTED_EDGE('',*,*,#4648,.F.);
#2574=ORIENTED_EDGE('',*,*,#4646,.F.);
#2575=ORIENTED_EDGE('',*,*,#4644,.F.);
#2576=ORIENTED_EDGE('',*,*,#4642,.F.);
#2577=ORIENTED_EDGE('',*,*,#4640,.F.);
#2578=ORIENTED_EDGE('',*,*,#4638,.F.);
#2579=ORIENTED_EDGE('',*,*,#4636,.F.);
#2580=ORIENTED_EDGE('',*,*,#4634,.F.);
#2581=ORIENTED_EDGE('',*,*,#4632,.F.);
#2582=ORIENTED_EDGE('',*,*,#4630,.F.);
#2583=ORIENTED_EDGE('',*,*,#4628,.F.);
#2584=ORIENTED_EDGE('',*,*,#4268,.F.);
#2585=ORIENTED_EDGE('',*,*,#4659,.F.);
#2586=ORIENTED_EDGE('',*,*,#4660,.T.);
#2587=ORIENTED_EDGE('',*,*,#4661,.T.);
#2588=ORIENTED_EDGE('',*,*,#4269,.F.);
#2589=ORIENTED_EDGE('',*,*,#4661,.F.);
#2590=ORIENTED_EDGE('',*,*,#4662,.T.);
#2591=ORIENTED_EDGE('',*,*,#4663,.T.);
#2592=ORIENTED_EDGE('',*,*,#4270,.F.);
#2593=ORIENTED_EDGE('',*,*,#4663,.F.);
#2594=ORIENTED_EDGE('',*,*,#4664,.T.);
#2595=ORIENTED_EDGE('',*,*,#4665,.T.);
#2596=ORIENTED_EDGE('',*,*,#4271,.F.);
#2597=ORIENTED_EDGE('',*,*,#4665,.F.);
#2598=ORIENTED_EDGE('',*,*,#4666,.T.);
#2599=ORIENTED_EDGE('',*,*,#4659,.T.);
#2600=ORIENTED_EDGE('',*,*,#4660,.F.);
#2601=ORIENTED_EDGE('',*,*,#4666,.F.);
#2602=ORIENTED_EDGE('',*,*,#4664,.F.);
#2603=ORIENTED_EDGE('',*,*,#4662,.F.);
#2604=ORIENTED_EDGE('',*,*,#4353,.F.);
#2605=ORIENTED_EDGE('',*,*,#4667,.F.);
#2606=ORIENTED_EDGE('',*,*,#4668,.T.);
#2607=ORIENTED_EDGE('',*,*,#4669,.T.);
#2608=ORIENTED_EDGE('',*,*,#4354,.F.);
#2609=ORIENTED_EDGE('',*,*,#4669,.F.);
#2610=ORIENTED_EDGE('',*,*,#4670,.T.);
#2611=ORIENTED_EDGE('',*,*,#4671,.T.);
#2612=ORIENTED_EDGE('',*,*,#4355,.F.);
#2613=ORIENTED_EDGE('',*,*,#4671,.F.);
#2614=ORIENTED_EDGE('',*,*,#4672,.T.);
#2615=ORIENTED_EDGE('',*,*,#4673,.T.);
#2616=ORIENTED_EDGE('',*,*,#4356,.F.);
#2617=ORIENTED_EDGE('',*,*,#4673,.F.);
#2618=ORIENTED_EDGE('',*,*,#4674,.T.);
#2619=ORIENTED_EDGE('',*,*,#4667,.T.);
#2620=ORIENTED_EDGE('',*,*,#4668,.F.);
#2621=ORIENTED_EDGE('',*,*,#4674,.F.);
#2622=ORIENTED_EDGE('',*,*,#4672,.F.);
#2623=ORIENTED_EDGE('',*,*,#4670,.F.);
#2624=ORIENTED_EDGE('',*,*,#4249,.F.);
#2625=ORIENTED_EDGE('',*,*,#4675,.F.);
#2626=ORIENTED_EDGE('',*,*,#4676,.T.);
#2627=ORIENTED_EDGE('',*,*,#4677,.T.);
#2628=ORIENTED_EDGE('',*,*,#4250,.F.);
#2629=ORIENTED_EDGE('',*,*,#4677,.F.);
#2630=ORIENTED_EDGE('',*,*,#4678,.T.);
#2631=ORIENTED_EDGE('',*,*,#4679,.T.);
#2632=ORIENTED_EDGE('',*,*,#4251,.F.);
#2633=ORIENTED_EDGE('',*,*,#4679,.F.);
#2634=ORIENTED_EDGE('',*,*,#4680,.T.);
#2635=ORIENTED_EDGE('',*,*,#4681,.T.);
#2636=ORIENTED_EDGE('',*,*,#4252,.F.);
#2637=ORIENTED_EDGE('',*,*,#4681,.F.);
#2638=ORIENTED_EDGE('',*,*,#4682,.T.);
#2639=ORIENTED_EDGE('',*,*,#4683,.T.);
#2640=ORIENTED_EDGE('',*,*,#4253,.F.);
#2641=ORIENTED_EDGE('',*,*,#4683,.F.);
#2642=ORIENTED_EDGE('',*,*,#4684,.T.);
#2643=ORIENTED_EDGE('',*,*,#4685,.T.);
#2644=ORIENTED_EDGE('',*,*,#4254,.F.);
#2645=ORIENTED_EDGE('',*,*,#4685,.F.);
#2646=ORIENTED_EDGE('',*,*,#4686,.T.);
#2647=ORIENTED_EDGE('',*,*,#4687,.T.);
#2648=ORIENTED_EDGE('',*,*,#4255,.F.);
#2649=ORIENTED_EDGE('',*,*,#4687,.F.);
#2650=ORIENTED_EDGE('',*,*,#4688,.T.);
#2651=ORIENTED_EDGE('',*,*,#4689,.T.);
#2652=ORIENTED_EDGE('',*,*,#4256,.F.);
#2653=ORIENTED_EDGE('',*,*,#4689,.F.);
#2654=ORIENTED_EDGE('',*,*,#4690,.T.);
#2655=ORIENTED_EDGE('',*,*,#4691,.T.);
#2656=ORIENTED_EDGE('',*,*,#4257,.F.);
#2657=ORIENTED_EDGE('',*,*,#4691,.F.);
#2658=ORIENTED_EDGE('',*,*,#4692,.T.);
#2659=ORIENTED_EDGE('',*,*,#4693,.T.);
#2660=ORIENTED_EDGE('',*,*,#4258,.F.);
#2661=ORIENTED_EDGE('',*,*,#4693,.F.);
#2662=ORIENTED_EDGE('',*,*,#4694,.T.);
#2663=ORIENTED_EDGE('',*,*,#4695,.T.);
#2664=ORIENTED_EDGE('',*,*,#4259,.F.);
#2665=ORIENTED_EDGE('',*,*,#4695,.F.);
#2666=ORIENTED_EDGE('',*,*,#4696,.T.);
#2667=ORIENTED_EDGE('',*,*,#4697,.T.);
#2668=ORIENTED_EDGE('',*,*,#4260,.F.);
#2669=ORIENTED_EDGE('',*,*,#4697,.F.);
#2670=ORIENTED_EDGE('',*,*,#4698,.T.);
#2671=ORIENTED_EDGE('',*,*,#4699,.T.);
#2672=ORIENTED_EDGE('',*,*,#4261,.F.);
#2673=ORIENTED_EDGE('',*,*,#4699,.F.);
#2674=ORIENTED_EDGE('',*,*,#4700,.T.);
#2675=ORIENTED_EDGE('',*,*,#4701,.T.);
#2676=ORIENTED_EDGE('',*,*,#4262,.F.);
#2677=ORIENTED_EDGE('',*,*,#4701,.F.);
#2678=ORIENTED_EDGE('',*,*,#4702,.T.);
#2679=ORIENTED_EDGE('',*,*,#4703,.T.);
#2680=ORIENTED_EDGE('',*,*,#4263,.F.);
#2681=ORIENTED_EDGE('',*,*,#4703,.F.);
#2682=ORIENTED_EDGE('',*,*,#4704,.T.);
#2683=ORIENTED_EDGE('',*,*,#4705,.T.);
#2684=ORIENTED_EDGE('',*,*,#4264,.F.);
#2685=ORIENTED_EDGE('',*,*,#4705,.F.);
#2686=ORIENTED_EDGE('',*,*,#4706,.T.);
#2687=ORIENTED_EDGE('',*,*,#4707,.T.);
#2688=ORIENTED_EDGE('',*,*,#4265,.F.);
#2689=ORIENTED_EDGE('',*,*,#4707,.F.);
#2690=ORIENTED_EDGE('',*,*,#4708,.T.);
#2691=ORIENTED_EDGE('',*,*,#4709,.T.);
#2692=ORIENTED_EDGE('',*,*,#4266,.F.);
#2693=ORIENTED_EDGE('',*,*,#4709,.F.);
#2694=ORIENTED_EDGE('',*,*,#4710,.T.);
#2695=ORIENTED_EDGE('',*,*,#4711,.T.);
#2696=ORIENTED_EDGE('',*,*,#4267,.F.);
#2697=ORIENTED_EDGE('',*,*,#4711,.F.);
#2698=ORIENTED_EDGE('',*,*,#4712,.T.);
#2699=ORIENTED_EDGE('',*,*,#4675,.T.);
#2700=ORIENTED_EDGE('',*,*,#4676,.F.);
#2701=ORIENTED_EDGE('',*,*,#4712,.F.);
#2702=ORIENTED_EDGE('',*,*,#4710,.F.);
#2703=ORIENTED_EDGE('',*,*,#4708,.F.);
#2704=ORIENTED_EDGE('',*,*,#4706,.F.);
#2705=ORIENTED_EDGE('',*,*,#4704,.F.);
#2706=ORIENTED_EDGE('',*,*,#4702,.F.);
#2707=ORIENTED_EDGE('',*,*,#4700,.F.);
#2708=ORIENTED_EDGE('',*,*,#4698,.F.);
#2709=ORIENTED_EDGE('',*,*,#4696,.F.);
#2710=ORIENTED_EDGE('',*,*,#4694,.F.);
#2711=ORIENTED_EDGE('',*,*,#4692,.F.);
#2712=ORIENTED_EDGE('',*,*,#4690,.F.);
#2713=ORIENTED_EDGE('',*,*,#4688,.F.);
#2714=ORIENTED_EDGE('',*,*,#4686,.F.);
#2715=ORIENTED_EDGE('',*,*,#4684,.F.);
#2716=ORIENTED_EDGE('',*,*,#4682,.F.);
#2717=ORIENTED_EDGE('',*,*,#4680,.F.);
#2718=ORIENTED_EDGE('',*,*,#4678,.F.);
#2719=ORIENTED_EDGE('',*,*,#4357,.F.);
#2720=ORIENTED_EDGE('',*,*,#4713,.F.);
#2721=ORIENTED_EDGE('',*,*,#4714,.T.);
#2722=ORIENTED_EDGE('',*,*,#4715,.T.);
#2723=ORIENTED_EDGE('',*,*,#4358,.F.);
#2724=ORIENTED_EDGE('',*,*,#4715,.F.);
#2725=ORIENTED_EDGE('',*,*,#4716,.T.);
#2726=ORIENTED_EDGE('',*,*,#4717,.T.);
#2727=ORIENTED_EDGE('',*,*,#4359,.F.);
#2728=ORIENTED_EDGE('',*,*,#4717,.F.);
#2729=ORIENTED_EDGE('',*,*,#4718,.T.);
#2730=ORIENTED_EDGE('',*,*,#4719,.T.);
#2731=ORIENTED_EDGE('',*,*,#4360,.F.);
#2732=ORIENTED_EDGE('',*,*,#4719,.F.);
#2733=ORIENTED_EDGE('',*,*,#4720,.T.);
#2734=ORIENTED_EDGE('',*,*,#4721,.T.);
#2735=ORIENTED_EDGE('',*,*,#4361,.F.);
#2736=ORIENTED_EDGE('',*,*,#4721,.F.);
#2737=ORIENTED_EDGE('',*,*,#4722,.T.);
#2738=ORIENTED_EDGE('',*,*,#4723,.T.);
#2739=ORIENTED_EDGE('',*,*,#4362,.F.);
#2740=ORIENTED_EDGE('',*,*,#4723,.F.);
#2741=ORIENTED_EDGE('',*,*,#4724,.T.);
#2742=ORIENTED_EDGE('',*,*,#4725,.T.);
#2743=ORIENTED_EDGE('',*,*,#4363,.F.);
#2744=ORIENTED_EDGE('',*,*,#4725,.F.);
#2745=ORIENTED_EDGE('',*,*,#4726,.T.);
#2746=ORIENTED_EDGE('',*,*,#4727,.T.);
#2747=ORIENTED_EDGE('',*,*,#4364,.F.);
#2748=ORIENTED_EDGE('',*,*,#4727,.F.);
#2749=ORIENTED_EDGE('',*,*,#4728,.T.);
#2750=ORIENTED_EDGE('',*,*,#4729,.T.);
#2751=ORIENTED_EDGE('',*,*,#4365,.F.);
#2752=ORIENTED_EDGE('',*,*,#4729,.F.);
#2753=ORIENTED_EDGE('',*,*,#4730,.T.);
#2754=ORIENTED_EDGE('',*,*,#4731,.T.);
#2755=ORIENTED_EDGE('',*,*,#4366,.F.);
#2756=ORIENTED_EDGE('',*,*,#4731,.F.);
#2757=ORIENTED_EDGE('',*,*,#4732,.T.);
#2758=ORIENTED_EDGE('',*,*,#4733,.T.);
#2759=ORIENTED_EDGE('',*,*,#4367,.F.);
#2760=ORIENTED_EDGE('',*,*,#4733,.F.);
#2761=ORIENTED_EDGE('',*,*,#4734,.T.);
#2762=ORIENTED_EDGE('',*,*,#4735,.T.);
#2763=ORIENTED_EDGE('',*,*,#4368,.F.);
#2764=ORIENTED_EDGE('',*,*,#4735,.F.);
#2765=ORIENTED_EDGE('',*,*,#4736,.T.);
#2766=ORIENTED_EDGE('',*,*,#4737,.T.);
#2767=ORIENTED_EDGE('',*,*,#4369,.F.);
#2768=ORIENTED_EDGE('',*,*,#4737,.F.);
#2769=ORIENTED_EDGE('',*,*,#4738,.T.);
#2770=ORIENTED_EDGE('',*,*,#4739,.T.);
#2771=ORIENTED_EDGE('',*,*,#4370,.F.);
#2772=ORIENTED_EDGE('',*,*,#4739,.F.);
#2773=ORIENTED_EDGE('',*,*,#4740,.T.);
#2774=ORIENTED_EDGE('',*,*,#4741,.T.);
#2775=ORIENTED_EDGE('',*,*,#4371,.F.);
#2776=ORIENTED_EDGE('',*,*,#4741,.F.);
#2777=ORIENTED_EDGE('',*,*,#4742,.T.);
#2778=ORIENTED_EDGE('',*,*,#4743,.T.);
#2779=ORIENTED_EDGE('',*,*,#4372,.F.);
#2780=ORIENTED_EDGE('',*,*,#4743,.F.);
#2781=ORIENTED_EDGE('',*,*,#4744,.T.);
#2782=ORIENTED_EDGE('',*,*,#4745,.T.);
#2783=ORIENTED_EDGE('',*,*,#4373,.F.);
#2784=ORIENTED_EDGE('',*,*,#4745,.F.);
#2785=ORIENTED_EDGE('',*,*,#4746,.T.);
#2786=ORIENTED_EDGE('',*,*,#4747,.T.);
#2787=ORIENTED_EDGE('',*,*,#4374,.F.);
#2788=ORIENTED_EDGE('',*,*,#4747,.F.);
#2789=ORIENTED_EDGE('',*,*,#4748,.T.);
#2790=ORIENTED_EDGE('',*,*,#4749,.T.);
#2791=ORIENTED_EDGE('',*,*,#4375,.F.);
#2792=ORIENTED_EDGE('',*,*,#4749,.F.);
#2793=ORIENTED_EDGE('',*,*,#4750,.T.);
#2794=ORIENTED_EDGE('',*,*,#4713,.T.);
#2795=ORIENTED_EDGE('',*,*,#4714,.F.);
#2796=ORIENTED_EDGE('',*,*,#4750,.F.);
#2797=ORIENTED_EDGE('',*,*,#4748,.F.);
#2798=ORIENTED_EDGE('',*,*,#4746,.F.);
#2799=ORIENTED_EDGE('',*,*,#4744,.F.);
#2800=ORIENTED_EDGE('',*,*,#4742,.F.);
#2801=ORIENTED_EDGE('',*,*,#4740,.F.);
#2802=ORIENTED_EDGE('',*,*,#4738,.F.);
#2803=ORIENTED_EDGE('',*,*,#4736,.F.);
#2804=ORIENTED_EDGE('',*,*,#4734,.F.);
#2805=ORIENTED_EDGE('',*,*,#4732,.F.);
#2806=ORIENTED_EDGE('',*,*,#4730,.F.);
#2807=ORIENTED_EDGE('',*,*,#4728,.F.);
#2808=ORIENTED_EDGE('',*,*,#4726,.F.);
#2809=ORIENTED_EDGE('',*,*,#4724,.F.);
#2810=ORIENTED_EDGE('',*,*,#4722,.F.);
#2811=ORIENTED_EDGE('',*,*,#4720,.F.);
#2812=ORIENTED_EDGE('',*,*,#4718,.F.);
#2813=ORIENTED_EDGE('',*,*,#4716,.F.);
#2814=ORIENTED_EDGE('',*,*,#4241,.F.);
#2815=ORIENTED_EDGE('',*,*,#4751,.F.);
#2816=ORIENTED_EDGE('',*,*,#4752,.T.);
#2817=ORIENTED_EDGE('',*,*,#4753,.T.);
#2818=ORIENTED_EDGE('',*,*,#4242,.F.);
#2819=ORIENTED_EDGE('',*,*,#4753,.F.);
#2820=ORIENTED_EDGE('',*,*,#4754,.T.);
#2821=ORIENTED_EDGE('',*,*,#4755,.T.);
#2822=ORIENTED_EDGE('',*,*,#4243,.F.);
#2823=ORIENTED_EDGE('',*,*,#4755,.F.);
#2824=ORIENTED_EDGE('',*,*,#4756,.T.);
#2825=ORIENTED_EDGE('',*,*,#4757,.T.);
#2826=ORIENTED_EDGE('',*,*,#4244,.F.);
#2827=ORIENTED_EDGE('',*,*,#4757,.F.);
#2828=ORIENTED_EDGE('',*,*,#4758,.T.);
#2829=ORIENTED_EDGE('',*,*,#4759,.T.);
#2830=ORIENTED_EDGE('',*,*,#4245,.F.);
#2831=ORIENTED_EDGE('',*,*,#4759,.F.);
#2832=ORIENTED_EDGE('',*,*,#4760,.T.);
#2833=ORIENTED_EDGE('',*,*,#4761,.T.);
#2834=ORIENTED_EDGE('',*,*,#4246,.F.);
#2835=ORIENTED_EDGE('',*,*,#4761,.F.);
#2836=ORIENTED_EDGE('',*,*,#4762,.T.);
#2837=ORIENTED_EDGE('',*,*,#4763,.T.);
#2838=ORIENTED_EDGE('',*,*,#4247,.F.);
#2839=ORIENTED_EDGE('',*,*,#4763,.F.);
#2840=ORIENTED_EDGE('',*,*,#4764,.T.);
#2841=ORIENTED_EDGE('',*,*,#4765,.T.);
#2842=ORIENTED_EDGE('',*,*,#4766,.F.);
#2843=ORIENTED_EDGE('',*,*,#4767,.F.);
#2844=ORIENTED_EDGE('',*,*,#4768,.T.);
#2845=ORIENTED_EDGE('',*,*,#4769,.T.);
#2846=ORIENTED_EDGE('',*,*,#4770,.F.);
#2847=ORIENTED_EDGE('',*,*,#4769,.F.);
#2848=ORIENTED_EDGE('',*,*,#4771,.T.);
#2849=ORIENTED_EDGE('',*,*,#4772,.T.);
#2850=ORIENTED_EDGE('',*,*,#4773,.F.);
#2851=ORIENTED_EDGE('',*,*,#4772,.F.);
#2852=ORIENTED_EDGE('',*,*,#4774,.T.);
#2853=ORIENTED_EDGE('',*,*,#4775,.T.);
#2854=ORIENTED_EDGE('',*,*,#4776,.F.);
#2855=ORIENTED_EDGE('',*,*,#4775,.F.);
#2856=ORIENTED_EDGE('',*,*,#4777,.T.);
#2857=ORIENTED_EDGE('',*,*,#4778,.T.);
#2858=ORIENTED_EDGE('',*,*,#4779,.F.);
#2859=ORIENTED_EDGE('',*,*,#4778,.F.);
#2860=ORIENTED_EDGE('',*,*,#4780,.T.);
#2861=ORIENTED_EDGE('',*,*,#4781,.T.);
#2862=ORIENTED_EDGE('',*,*,#4782,.F.);
#2863=ORIENTED_EDGE('',*,*,#4781,.F.);
#2864=ORIENTED_EDGE('',*,*,#4783,.T.);
#2865=ORIENTED_EDGE('',*,*,#4767,.T.);
#2866=ORIENTED_EDGE('',*,*,#4248,.F.);
#2867=ORIENTED_EDGE('',*,*,#4765,.F.);
#2868=ORIENTED_EDGE('',*,*,#4784,.T.);
#2869=ORIENTED_EDGE('',*,*,#4751,.T.);
#2870=ORIENTED_EDGE('',*,*,#4768,.F.);
#2871=ORIENTED_EDGE('',*,*,#4783,.F.);
#2872=ORIENTED_EDGE('',*,*,#4780,.F.);
#2873=ORIENTED_EDGE('',*,*,#4777,.F.);
#2874=ORIENTED_EDGE('',*,*,#4774,.F.);
#2875=ORIENTED_EDGE('',*,*,#4771,.F.);
#2876=ORIENTED_EDGE('',*,*,#4752,.F.);
#2877=ORIENTED_EDGE('',*,*,#4784,.F.);
#2878=ORIENTED_EDGE('',*,*,#4764,.F.);
#2879=ORIENTED_EDGE('',*,*,#4762,.F.);
#2880=ORIENTED_EDGE('',*,*,#4760,.F.);
#2881=ORIENTED_EDGE('',*,*,#4758,.F.);
#2882=ORIENTED_EDGE('',*,*,#4756,.F.);
#2883=ORIENTED_EDGE('',*,*,#4754,.F.);
#2884=ORIENTED_EDGE('',*,*,#4766,.T.);
#2885=ORIENTED_EDGE('',*,*,#4770,.T.);
#2886=ORIENTED_EDGE('',*,*,#4773,.T.);
#2887=ORIENTED_EDGE('',*,*,#4776,.T.);
#2888=ORIENTED_EDGE('',*,*,#4779,.T.);
#2889=ORIENTED_EDGE('',*,*,#4782,.T.);
#2890=ORIENTED_EDGE('',*,*,#4376,.F.);
#2891=ORIENTED_EDGE('',*,*,#4785,.F.);
#2892=ORIENTED_EDGE('',*,*,#4786,.T.);
#2893=ORIENTED_EDGE('',*,*,#4787,.T.);
#2894=ORIENTED_EDGE('',*,*,#4377,.F.);
#2895=ORIENTED_EDGE('',*,*,#4787,.F.);
#2896=ORIENTED_EDGE('',*,*,#4788,.T.);
#2897=ORIENTED_EDGE('',*,*,#4789,.T.);
#2898=ORIENTED_EDGE('',*,*,#4378,.F.);
#2899=ORIENTED_EDGE('',*,*,#4789,.F.);
#2900=ORIENTED_EDGE('',*,*,#4790,.T.);
#2901=ORIENTED_EDGE('',*,*,#4791,.T.);
#2902=ORIENTED_EDGE('',*,*,#4379,.F.);
#2903=ORIENTED_EDGE('',*,*,#4791,.F.);
#2904=ORIENTED_EDGE('',*,*,#4792,.T.);
#2905=ORIENTED_EDGE('',*,*,#4785,.T.);
#2906=ORIENTED_EDGE('',*,*,#4786,.F.);
#2907=ORIENTED_EDGE('',*,*,#4792,.F.);
#2908=ORIENTED_EDGE('',*,*,#4790,.F.);
#2909=ORIENTED_EDGE('',*,*,#4788,.F.);
#2910=ORIENTED_EDGE('',*,*,#4213,.F.);
#2911=ORIENTED_EDGE('',*,*,#4793,.F.);
#2912=ORIENTED_EDGE('',*,*,#4794,.T.);
#2913=ORIENTED_EDGE('',*,*,#4795,.T.);
#2914=ORIENTED_EDGE('',*,*,#4214,.F.);
#2915=ORIENTED_EDGE('',*,*,#4795,.F.);
#2916=ORIENTED_EDGE('',*,*,#4796,.T.);
#2917=ORIENTED_EDGE('',*,*,#4797,.T.);
#2918=ORIENTED_EDGE('',*,*,#4215,.F.);
#2919=ORIENTED_EDGE('',*,*,#4797,.F.);
#2920=ORIENTED_EDGE('',*,*,#4798,.T.);
#2921=ORIENTED_EDGE('',*,*,#4799,.T.);
#2922=ORIENTED_EDGE('',*,*,#4216,.F.);
#2923=ORIENTED_EDGE('',*,*,#4799,.F.);
#2924=ORIENTED_EDGE('',*,*,#4800,.T.);
#2925=ORIENTED_EDGE('',*,*,#4801,.T.);
#2926=ORIENTED_EDGE('',*,*,#4217,.F.);
#2927=ORIENTED_EDGE('',*,*,#4801,.F.);
#2928=ORIENTED_EDGE('',*,*,#4802,.T.);
#2929=ORIENTED_EDGE('',*,*,#4803,.T.);
#2930=ORIENTED_EDGE('',*,*,#4218,.F.);
#2931=ORIENTED_EDGE('',*,*,#4803,.F.);
#2932=ORIENTED_EDGE('',*,*,#4804,.T.);
#2933=ORIENTED_EDGE('',*,*,#4805,.T.);
#2934=ORIENTED_EDGE('',*,*,#4219,.F.);
#2935=ORIENTED_EDGE('',*,*,#4805,.F.);
#2936=ORIENTED_EDGE('',*,*,#4806,.T.);
#2937=ORIENTED_EDGE('',*,*,#4807,.T.);
#2938=ORIENTED_EDGE('',*,*,#4220,.F.);
#2939=ORIENTED_EDGE('',*,*,#4807,.F.);
#2940=ORIENTED_EDGE('',*,*,#4808,.T.);
#2941=ORIENTED_EDGE('',*,*,#4809,.T.);
#2942=ORIENTED_EDGE('',*,*,#4221,.F.);
#2943=ORIENTED_EDGE('',*,*,#4809,.F.);
#2944=ORIENTED_EDGE('',*,*,#4810,.T.);
#2945=ORIENTED_EDGE('',*,*,#4811,.T.);
#2946=ORIENTED_EDGE('',*,*,#4222,.F.);
#2947=ORIENTED_EDGE('',*,*,#4811,.F.);
#2948=ORIENTED_EDGE('',*,*,#4812,.T.);
#2949=ORIENTED_EDGE('',*,*,#4813,.T.);
#2950=ORIENTED_EDGE('',*,*,#4223,.F.);
#2951=ORIENTED_EDGE('',*,*,#4813,.F.);
#2952=ORIENTED_EDGE('',*,*,#4814,.T.);
#2953=ORIENTED_EDGE('',*,*,#4815,.T.);
#2954=ORIENTED_EDGE('',*,*,#4224,.F.);
#2955=ORIENTED_EDGE('',*,*,#4815,.F.);
#2956=ORIENTED_EDGE('',*,*,#4816,.T.);
#2957=ORIENTED_EDGE('',*,*,#4817,.T.);
#2958=ORIENTED_EDGE('',*,*,#4225,.F.);
#2959=ORIENTED_EDGE('',*,*,#4817,.F.);
#2960=ORIENTED_EDGE('',*,*,#4818,.T.);
#2961=ORIENTED_EDGE('',*,*,#4819,.T.);
#2962=ORIENTED_EDGE('',*,*,#4226,.F.);
#2963=ORIENTED_EDGE('',*,*,#4819,.F.);
#2964=ORIENTED_EDGE('',*,*,#4820,.T.);
#2965=ORIENTED_EDGE('',*,*,#4821,.T.);
#2966=ORIENTED_EDGE('',*,*,#4227,.F.);
#2967=ORIENTED_EDGE('',*,*,#4821,.F.);
#2968=ORIENTED_EDGE('',*,*,#4822,.T.);
#2969=ORIENTED_EDGE('',*,*,#4823,.T.);
#2970=ORIENTED_EDGE('',*,*,#4228,.F.);
#2971=ORIENTED_EDGE('',*,*,#4823,.F.);
#2972=ORIENTED_EDGE('',*,*,#4824,.T.);
#2973=ORIENTED_EDGE('',*,*,#4825,.T.);
#2974=ORIENTED_EDGE('',*,*,#4229,.F.);
#2975=ORIENTED_EDGE('',*,*,#4825,.F.);
#2976=ORIENTED_EDGE('',*,*,#4826,.T.);
#2977=ORIENTED_EDGE('',*,*,#4827,.T.);
#2978=ORIENTED_EDGE('',*,*,#4230,.F.);
#2979=ORIENTED_EDGE('',*,*,#4827,.F.);
#2980=ORIENTED_EDGE('',*,*,#4828,.T.);
#2981=ORIENTED_EDGE('',*,*,#4829,.T.);
#2982=ORIENTED_EDGE('',*,*,#4231,.F.);
#2983=ORIENTED_EDGE('',*,*,#4829,.F.);
#2984=ORIENTED_EDGE('',*,*,#4830,.T.);
#2985=ORIENTED_EDGE('',*,*,#4831,.T.);
#2986=ORIENTED_EDGE('',*,*,#4232,.F.);
#2987=ORIENTED_EDGE('',*,*,#4831,.F.);
#2988=ORIENTED_EDGE('',*,*,#4832,.T.);
#2989=ORIENTED_EDGE('',*,*,#4833,.T.);
#2990=ORIENTED_EDGE('',*,*,#4233,.F.);
#2991=ORIENTED_EDGE('',*,*,#4833,.F.);
#2992=ORIENTED_EDGE('',*,*,#4834,.T.);
#2993=ORIENTED_EDGE('',*,*,#4835,.T.);
#2994=ORIENTED_EDGE('',*,*,#4234,.F.);
#2995=ORIENTED_EDGE('',*,*,#4835,.F.);
#2996=ORIENTED_EDGE('',*,*,#4836,.T.);
#2997=ORIENTED_EDGE('',*,*,#4837,.T.);
#2998=ORIENTED_EDGE('',*,*,#4235,.F.);
#2999=ORIENTED_EDGE('',*,*,#4837,.F.);
#3000=ORIENTED_EDGE('',*,*,#4838,.T.);
#3001=ORIENTED_EDGE('',*,*,#4839,.T.);
#3002=ORIENTED_EDGE('',*,*,#4236,.F.);
#3003=ORIENTED_EDGE('',*,*,#4839,.F.);
#3004=ORIENTED_EDGE('',*,*,#4840,.T.);
#3005=ORIENTED_EDGE('',*,*,#4841,.T.);
#3006=ORIENTED_EDGE('',*,*,#4237,.F.);
#3007=ORIENTED_EDGE('',*,*,#4841,.F.);
#3008=ORIENTED_EDGE('',*,*,#4842,.T.);
#3009=ORIENTED_EDGE('',*,*,#4843,.T.);
#3010=ORIENTED_EDGE('',*,*,#4238,.F.);
#3011=ORIENTED_EDGE('',*,*,#4843,.F.);
#3012=ORIENTED_EDGE('',*,*,#4844,.T.);
#3013=ORIENTED_EDGE('',*,*,#4845,.T.);
#3014=ORIENTED_EDGE('',*,*,#4239,.F.);
#3015=ORIENTED_EDGE('',*,*,#4845,.F.);
#3016=ORIENTED_EDGE('',*,*,#4846,.T.);
#3017=ORIENTED_EDGE('',*,*,#4847,.T.);
#3018=ORIENTED_EDGE('',*,*,#4848,.F.);
#3019=ORIENTED_EDGE('',*,*,#4849,.F.);
#3020=ORIENTED_EDGE('',*,*,#4850,.T.);
#3021=ORIENTED_EDGE('',*,*,#4851,.T.);
#3022=ORIENTED_EDGE('',*,*,#4852,.F.);
#3023=ORIENTED_EDGE('',*,*,#4851,.F.);
#3024=ORIENTED_EDGE('',*,*,#4853,.T.);
#3025=ORIENTED_EDGE('',*,*,#4854,.T.);
#3026=ORIENTED_EDGE('',*,*,#4855,.F.);
#3027=ORIENTED_EDGE('',*,*,#4854,.F.);
#3028=ORIENTED_EDGE('',*,*,#4856,.T.);
#3029=ORIENTED_EDGE('',*,*,#4857,.T.);
#3030=ORIENTED_EDGE('',*,*,#4858,.F.);
#3031=ORIENTED_EDGE('',*,*,#4857,.F.);
#3032=ORIENTED_EDGE('',*,*,#4859,.T.);
#3033=ORIENTED_EDGE('',*,*,#4860,.T.);
#3034=ORIENTED_EDGE('',*,*,#4861,.F.);
#3035=ORIENTED_EDGE('',*,*,#4860,.F.);
#3036=ORIENTED_EDGE('',*,*,#4862,.T.);
#3037=ORIENTED_EDGE('',*,*,#4863,.T.);
#3038=ORIENTED_EDGE('',*,*,#4864,.F.);
#3039=ORIENTED_EDGE('',*,*,#4863,.F.);
#3040=ORIENTED_EDGE('',*,*,#4865,.T.);
#3041=ORIENTED_EDGE('',*,*,#4866,.T.);
#3042=ORIENTED_EDGE('',*,*,#4867,.F.);
#3043=ORIENTED_EDGE('',*,*,#4866,.F.);
#3044=ORIENTED_EDGE('',*,*,#4868,.T.);
#3045=ORIENTED_EDGE('',*,*,#4869,.T.);
#3046=ORIENTED_EDGE('',*,*,#4870,.F.);
#3047=ORIENTED_EDGE('',*,*,#4869,.F.);
#3048=ORIENTED_EDGE('',*,*,#4871,.T.);
#3049=ORIENTED_EDGE('',*,*,#4872,.T.);
#3050=ORIENTED_EDGE('',*,*,#4873,.F.);
#3051=ORIENTED_EDGE('',*,*,#4872,.F.);
#3052=ORIENTED_EDGE('',*,*,#4874,.T.);
#3053=ORIENTED_EDGE('',*,*,#4875,.T.);
#3054=ORIENTED_EDGE('',*,*,#4876,.F.);
#3055=ORIENTED_EDGE('',*,*,#4875,.F.);
#3056=ORIENTED_EDGE('',*,*,#4877,.T.);
#3057=ORIENTED_EDGE('',*,*,#4849,.T.);
#3058=ORIENTED_EDGE('',*,*,#4240,.F.);
#3059=ORIENTED_EDGE('',*,*,#4847,.F.);
#3060=ORIENTED_EDGE('',*,*,#4878,.T.);
#3061=ORIENTED_EDGE('',*,*,#4793,.T.);
#3062=ORIENTED_EDGE('',*,*,#4850,.F.);
#3063=ORIENTED_EDGE('',*,*,#4877,.F.);
#3064=ORIENTED_EDGE('',*,*,#4874,.F.);
#3065=ORIENTED_EDGE('',*,*,#4871,.F.);
#3066=ORIENTED_EDGE('',*,*,#4868,.F.);
#3067=ORIENTED_EDGE('',*,*,#4865,.F.);
#3068=ORIENTED_EDGE('',*,*,#4862,.F.);
#3069=ORIENTED_EDGE('',*,*,#4859,.F.);
#3070=ORIENTED_EDGE('',*,*,#4856,.F.);
#3071=ORIENTED_EDGE('',*,*,#4853,.F.);
#3072=ORIENTED_EDGE('',*,*,#4794,.F.);
#3073=ORIENTED_EDGE('',*,*,#4878,.F.);
#3074=ORIENTED_EDGE('',*,*,#4846,.F.);
#3075=ORIENTED_EDGE('',*,*,#4844,.F.);
#3076=ORIENTED_EDGE('',*,*,#4842,.F.);
#3077=ORIENTED_EDGE('',*,*,#4840,.F.);
#3078=ORIENTED_EDGE('',*,*,#4838,.F.);
#3079=ORIENTED_EDGE('',*,*,#4836,.F.);
#3080=ORIENTED_EDGE('',*,*,#4834,.F.);
#3081=ORIENTED_EDGE('',*,*,#4832,.F.);
#3082=ORIENTED_EDGE('',*,*,#4830,.F.);
#3083=ORIENTED_EDGE('',*,*,#4828,.F.);
#3084=ORIENTED_EDGE('',*,*,#4826,.F.);
#3085=ORIENTED_EDGE('',*,*,#4824,.F.);
#3086=ORIENTED_EDGE('',*,*,#4822,.F.);
#3087=ORIENTED_EDGE('',*,*,#4820,.F.);
#3088=ORIENTED_EDGE('',*,*,#4818,.F.);
#3089=ORIENTED_EDGE('',*,*,#4816,.F.);
#3090=ORIENTED_EDGE('',*,*,#4814,.F.);
#3091=ORIENTED_EDGE('',*,*,#4812,.F.);
#3092=ORIENTED_EDGE('',*,*,#4810,.F.);
#3093=ORIENTED_EDGE('',*,*,#4808,.F.);
#3094=ORIENTED_EDGE('',*,*,#4806,.F.);
#3095=ORIENTED_EDGE('',*,*,#4804,.F.);
#3096=ORIENTED_EDGE('',*,*,#4802,.F.);
#3097=ORIENTED_EDGE('',*,*,#4800,.F.);
#3098=ORIENTED_EDGE('',*,*,#4798,.F.);
#3099=ORIENTED_EDGE('',*,*,#4796,.F.);
#3100=ORIENTED_EDGE('',*,*,#4848,.T.);
#3101=ORIENTED_EDGE('',*,*,#4852,.T.);
#3102=ORIENTED_EDGE('',*,*,#4855,.T.);
#3103=ORIENTED_EDGE('',*,*,#4858,.T.);
#3104=ORIENTED_EDGE('',*,*,#4861,.T.);
#3105=ORIENTED_EDGE('',*,*,#4864,.T.);
#3106=ORIENTED_EDGE('',*,*,#4867,.T.);
#3107=ORIENTED_EDGE('',*,*,#4870,.T.);
#3108=ORIENTED_EDGE('',*,*,#4873,.T.);
#3109=ORIENTED_EDGE('',*,*,#4876,.T.);
#3110=ORIENTED_EDGE('',*,*,#4380,.F.);
#3111=ORIENTED_EDGE('',*,*,#4879,.F.);
#3112=ORIENTED_EDGE('',*,*,#4880,.T.);
#3113=ORIENTED_EDGE('',*,*,#4881,.T.);
#3114=ORIENTED_EDGE('',*,*,#4381,.F.);
#3115=ORIENTED_EDGE('',*,*,#4881,.F.);
#3116=ORIENTED_EDGE('',*,*,#4882,.T.);
#3117=ORIENTED_EDGE('',*,*,#4883,.T.);
#3118=ORIENTED_EDGE('',*,*,#4382,.F.);
#3119=ORIENTED_EDGE('',*,*,#4883,.F.);
#3120=ORIENTED_EDGE('',*,*,#4884,.T.);
#3121=ORIENTED_EDGE('',*,*,#4885,.T.);
#3122=ORIENTED_EDGE('',*,*,#4383,.F.);
#3123=ORIENTED_EDGE('',*,*,#4885,.F.);
#3124=ORIENTED_EDGE('',*,*,#4886,.T.);
#3125=ORIENTED_EDGE('',*,*,#4887,.T.);
#3126=ORIENTED_EDGE('',*,*,#4384,.F.);
#3127=ORIENTED_EDGE('',*,*,#4887,.F.);
#3128=ORIENTED_EDGE('',*,*,#4888,.T.);
#3129=ORIENTED_EDGE('',*,*,#4889,.T.);
#3130=ORIENTED_EDGE('',*,*,#4385,.F.);
#3131=ORIENTED_EDGE('',*,*,#4889,.F.);
#3132=ORIENTED_EDGE('',*,*,#4890,.T.);
#3133=ORIENTED_EDGE('',*,*,#4891,.T.);
#3134=ORIENTED_EDGE('',*,*,#4386,.F.);
#3135=ORIENTED_EDGE('',*,*,#4891,.F.);
#3136=ORIENTED_EDGE('',*,*,#4892,.T.);
#3137=ORIENTED_EDGE('',*,*,#4893,.T.);
#3138=ORIENTED_EDGE('',*,*,#4387,.F.);
#3139=ORIENTED_EDGE('',*,*,#4893,.F.);
#3140=ORIENTED_EDGE('',*,*,#4894,.T.);
#3141=ORIENTED_EDGE('',*,*,#4895,.T.);
#3142=ORIENTED_EDGE('',*,*,#4388,.F.);
#3143=ORIENTED_EDGE('',*,*,#4895,.F.);
#3144=ORIENTED_EDGE('',*,*,#4896,.T.);
#3145=ORIENTED_EDGE('',*,*,#4897,.T.);
#3146=ORIENTED_EDGE('',*,*,#4389,.F.);
#3147=ORIENTED_EDGE('',*,*,#4897,.F.);
#3148=ORIENTED_EDGE('',*,*,#4898,.T.);
#3149=ORIENTED_EDGE('',*,*,#4899,.T.);
#3150=ORIENTED_EDGE('',*,*,#4390,.F.);
#3151=ORIENTED_EDGE('',*,*,#4899,.F.);
#3152=ORIENTED_EDGE('',*,*,#4900,.T.);
#3153=ORIENTED_EDGE('',*,*,#4901,.T.);
#3154=ORIENTED_EDGE('',*,*,#4391,.F.);
#3155=ORIENTED_EDGE('',*,*,#4901,.F.);
#3156=ORIENTED_EDGE('',*,*,#4902,.T.);
#3157=ORIENTED_EDGE('',*,*,#4903,.T.);
#3158=ORIENTED_EDGE('',*,*,#4392,.F.);
#3159=ORIENTED_EDGE('',*,*,#4903,.F.);
#3160=ORIENTED_EDGE('',*,*,#4904,.T.);
#3161=ORIENTED_EDGE('',*,*,#4905,.T.);
#3162=ORIENTED_EDGE('',*,*,#4393,.F.);
#3163=ORIENTED_EDGE('',*,*,#4905,.F.);
#3164=ORIENTED_EDGE('',*,*,#4906,.T.);
#3165=ORIENTED_EDGE('',*,*,#4907,.T.);
#3166=ORIENTED_EDGE('',*,*,#4394,.F.);
#3167=ORIENTED_EDGE('',*,*,#4907,.F.);
#3168=ORIENTED_EDGE('',*,*,#4908,.T.);
#3169=ORIENTED_EDGE('',*,*,#4909,.T.);
#3170=ORIENTED_EDGE('',*,*,#4395,.F.);
#3171=ORIENTED_EDGE('',*,*,#4909,.F.);
#3172=ORIENTED_EDGE('',*,*,#4910,.T.);
#3173=ORIENTED_EDGE('',*,*,#4911,.T.);
#3174=ORIENTED_EDGE('',*,*,#4396,.F.);
#3175=ORIENTED_EDGE('',*,*,#4911,.F.);
#3176=ORIENTED_EDGE('',*,*,#4912,.T.);
#3177=ORIENTED_EDGE('',*,*,#4913,.T.);
#3178=ORIENTED_EDGE('',*,*,#4397,.F.);
#3179=ORIENTED_EDGE('',*,*,#4913,.F.);
#3180=ORIENTED_EDGE('',*,*,#4914,.T.);
#3181=ORIENTED_EDGE('',*,*,#4915,.T.);
#3182=ORIENTED_EDGE('',*,*,#4398,.F.);
#3183=ORIENTED_EDGE('',*,*,#4915,.F.);
#3184=ORIENTED_EDGE('',*,*,#4916,.T.);
#3185=ORIENTED_EDGE('',*,*,#4917,.T.);
#3186=ORIENTED_EDGE('',*,*,#4399,.F.);
#3187=ORIENTED_EDGE('',*,*,#4917,.F.);
#3188=ORIENTED_EDGE('',*,*,#4918,.T.);
#3189=ORIENTED_EDGE('',*,*,#4919,.T.);
#3190=ORIENTED_EDGE('',*,*,#4400,.F.);
#3191=ORIENTED_EDGE('',*,*,#4919,.F.);
#3192=ORIENTED_EDGE('',*,*,#4920,.T.);
#3193=ORIENTED_EDGE('',*,*,#4921,.T.);
#3194=ORIENTED_EDGE('',*,*,#4401,.F.);
#3195=ORIENTED_EDGE('',*,*,#4921,.F.);
#3196=ORIENTED_EDGE('',*,*,#4922,.T.);
#3197=ORIENTED_EDGE('',*,*,#4923,.T.);
#3198=ORIENTED_EDGE('',*,*,#4402,.F.);
#3199=ORIENTED_EDGE('',*,*,#4923,.F.);
#3200=ORIENTED_EDGE('',*,*,#4924,.T.);
#3201=ORIENTED_EDGE('',*,*,#4925,.T.);
#3202=ORIENTED_EDGE('',*,*,#4403,.F.);
#3203=ORIENTED_EDGE('',*,*,#4925,.F.);
#3204=ORIENTED_EDGE('',*,*,#4926,.T.);
#3205=ORIENTED_EDGE('',*,*,#4927,.T.);
#3206=ORIENTED_EDGE('',*,*,#4404,.F.);
#3207=ORIENTED_EDGE('',*,*,#4927,.F.);
#3208=ORIENTED_EDGE('',*,*,#4928,.T.);
#3209=ORIENTED_EDGE('',*,*,#4929,.T.);
#3210=ORIENTED_EDGE('',*,*,#4405,.F.);
#3211=ORIENTED_EDGE('',*,*,#4929,.F.);
#3212=ORIENTED_EDGE('',*,*,#4930,.T.);
#3213=ORIENTED_EDGE('',*,*,#4931,.T.);
#3214=ORIENTED_EDGE('',*,*,#4406,.F.);
#3215=ORIENTED_EDGE('',*,*,#4931,.F.);
#3216=ORIENTED_EDGE('',*,*,#4932,.T.);
#3217=ORIENTED_EDGE('',*,*,#4933,.T.);
#3218=ORIENTED_EDGE('',*,*,#4934,.F.);
#3219=ORIENTED_EDGE('',*,*,#4935,.F.);
#3220=ORIENTED_EDGE('',*,*,#4936,.T.);
#3221=ORIENTED_EDGE('',*,*,#4937,.T.);
#3222=ORIENTED_EDGE('',*,*,#4938,.F.);
#3223=ORIENTED_EDGE('',*,*,#4937,.F.);
#3224=ORIENTED_EDGE('',*,*,#4939,.T.);
#3225=ORIENTED_EDGE('',*,*,#4940,.T.);
#3226=ORIENTED_EDGE('',*,*,#4941,.F.);
#3227=ORIENTED_EDGE('',*,*,#4940,.F.);
#3228=ORIENTED_EDGE('',*,*,#4942,.T.);
#3229=ORIENTED_EDGE('',*,*,#4943,.T.);
#3230=ORIENTED_EDGE('',*,*,#4944,.F.);
#3231=ORIENTED_EDGE('',*,*,#4943,.F.);
#3232=ORIENTED_EDGE('',*,*,#4945,.T.);
#3233=ORIENTED_EDGE('',*,*,#4946,.T.);
#3234=ORIENTED_EDGE('',*,*,#4947,.F.);
#3235=ORIENTED_EDGE('',*,*,#4946,.F.);
#3236=ORIENTED_EDGE('',*,*,#4948,.T.);
#3237=ORIENTED_EDGE('',*,*,#4949,.T.);
#3238=ORIENTED_EDGE('',*,*,#4950,.F.);
#3239=ORIENTED_EDGE('',*,*,#4949,.F.);
#3240=ORIENTED_EDGE('',*,*,#4951,.T.);
#3241=ORIENTED_EDGE('',*,*,#4952,.T.);
#3242=ORIENTED_EDGE('',*,*,#4953,.F.);
#3243=ORIENTED_EDGE('',*,*,#4952,.F.);
#3244=ORIENTED_EDGE('',*,*,#4954,.T.);
#3245=ORIENTED_EDGE('',*,*,#4955,.T.);
#3246=ORIENTED_EDGE('',*,*,#4956,.F.);
#3247=ORIENTED_EDGE('',*,*,#4955,.F.);
#3248=ORIENTED_EDGE('',*,*,#4957,.T.);
#3249=ORIENTED_EDGE('',*,*,#4958,.T.);
#3250=ORIENTED_EDGE('',*,*,#4959,.F.);
#3251=ORIENTED_EDGE('',*,*,#4958,.F.);
#3252=ORIENTED_EDGE('',*,*,#4960,.T.);
#3253=ORIENTED_EDGE('',*,*,#4961,.T.);
#3254=ORIENTED_EDGE('',*,*,#4962,.F.);
#3255=ORIENTED_EDGE('',*,*,#4961,.F.);
#3256=ORIENTED_EDGE('',*,*,#4963,.T.);
#3257=ORIENTED_EDGE('',*,*,#4935,.T.);
#3258=ORIENTED_EDGE('',*,*,#4407,.F.);
#3259=ORIENTED_EDGE('',*,*,#4933,.F.);
#3260=ORIENTED_EDGE('',*,*,#4964,.T.);
#3261=ORIENTED_EDGE('',*,*,#4879,.T.);
#3262=ORIENTED_EDGE('',*,*,#4936,.F.);
#3263=ORIENTED_EDGE('',*,*,#4963,.F.);
#3264=ORIENTED_EDGE('',*,*,#4960,.F.);
#3265=ORIENTED_EDGE('',*,*,#4957,.F.);
#3266=ORIENTED_EDGE('',*,*,#4954,.F.);
#3267=ORIENTED_EDGE('',*,*,#4951,.F.);
#3268=ORIENTED_EDGE('',*,*,#4948,.F.);
#3269=ORIENTED_EDGE('',*,*,#4945,.F.);
#3270=ORIENTED_EDGE('',*,*,#4942,.F.);
#3271=ORIENTED_EDGE('',*,*,#4939,.F.);
#3272=ORIENTED_EDGE('',*,*,#4880,.F.);
#3273=ORIENTED_EDGE('',*,*,#4964,.F.);
#3274=ORIENTED_EDGE('',*,*,#4932,.F.);
#3275=ORIENTED_EDGE('',*,*,#4930,.F.);
#3276=ORIENTED_EDGE('',*,*,#4928,.F.);
#3277=ORIENTED_EDGE('',*,*,#4926,.F.);
#3278=ORIENTED_EDGE('',*,*,#4924,.F.);
#3279=ORIENTED_EDGE('',*,*,#4922,.F.);
#3280=ORIENTED_EDGE('',*,*,#4920,.F.);
#3281=ORIENTED_EDGE('',*,*,#4918,.F.);
#3282=ORIENTED_EDGE('',*,*,#4916,.F.);
#3283=ORIENTED_EDGE('',*,*,#4914,.F.);
#3284=ORIENTED_EDGE('',*,*,#4912,.F.);
#3285=ORIENTED_EDGE('',*,*,#4910,.F.);
#3286=ORIENTED_EDGE('',*,*,#4908,.F.);
#3287=ORIENTED_EDGE('',*,*,#4906,.F.);
#3288=ORIENTED_EDGE('',*,*,#4904,.F.);
#3289=ORIENTED_EDGE('',*,*,#4902,.F.);
#3290=ORIENTED_EDGE('',*,*,#4900,.F.);
#3291=ORIENTED_EDGE('',*,*,#4898,.F.);
#3292=ORIENTED_EDGE('',*,*,#4896,.F.);
#3293=ORIENTED_EDGE('',*,*,#4894,.F.);
#3294=ORIENTED_EDGE('',*,*,#4892,.F.);
#3295=ORIENTED_EDGE('',*,*,#4890,.F.);
#3296=ORIENTED_EDGE('',*,*,#4888,.F.);
#3297=ORIENTED_EDGE('',*,*,#4886,.F.);
#3298=ORIENTED_EDGE('',*,*,#4884,.F.);
#3299=ORIENTED_EDGE('',*,*,#4882,.F.);
#3300=ORIENTED_EDGE('',*,*,#4934,.T.);
#3301=ORIENTED_EDGE('',*,*,#4938,.T.);
#3302=ORIENTED_EDGE('',*,*,#4941,.T.);
#3303=ORIENTED_EDGE('',*,*,#4944,.T.);
#3304=ORIENTED_EDGE('',*,*,#4947,.T.);
#3305=ORIENTED_EDGE('',*,*,#4950,.T.);
#3306=ORIENTED_EDGE('',*,*,#4953,.T.);
#3307=ORIENTED_EDGE('',*,*,#4956,.T.);
#3308=ORIENTED_EDGE('',*,*,#4959,.T.);
#3309=ORIENTED_EDGE('',*,*,#4962,.T.);
#3310=ORIENTED_EDGE('',*,*,#4196,.F.);
#3311=ORIENTED_EDGE('',*,*,#4965,.F.);
#3312=ORIENTED_EDGE('',*,*,#4966,.T.);
#3313=ORIENTED_EDGE('',*,*,#4967,.T.);
#3314=ORIENTED_EDGE('',*,*,#4197,.F.);
#3315=ORIENTED_EDGE('',*,*,#4967,.F.);
#3316=ORIENTED_EDGE('',*,*,#4968,.T.);
#3317=ORIENTED_EDGE('',*,*,#4969,.T.);
#3318=ORIENTED_EDGE('',*,*,#4198,.F.);
#3319=ORIENTED_EDGE('',*,*,#4969,.F.);
#3320=ORIENTED_EDGE('',*,*,#4970,.T.);
#3321=ORIENTED_EDGE('',*,*,#4971,.T.);
#3322=ORIENTED_EDGE('',*,*,#4199,.F.);
#3323=ORIENTED_EDGE('',*,*,#4971,.F.);
#3324=ORIENTED_EDGE('',*,*,#4972,.T.);
#3325=ORIENTED_EDGE('',*,*,#4973,.T.);
#3326=ORIENTED_EDGE('',*,*,#4200,.F.);
#3327=ORIENTED_EDGE('',*,*,#4973,.F.);
#3328=ORIENTED_EDGE('',*,*,#4974,.T.);
#3329=ORIENTED_EDGE('',*,*,#4975,.T.);
#3330=ORIENTED_EDGE('',*,*,#4201,.F.);
#3331=ORIENTED_EDGE('',*,*,#4975,.F.);
#3332=ORIENTED_EDGE('',*,*,#4976,.T.);
#3333=ORIENTED_EDGE('',*,*,#4977,.T.);
#3334=ORIENTED_EDGE('',*,*,#4202,.F.);
#3335=ORIENTED_EDGE('',*,*,#4977,.F.);
#3336=ORIENTED_EDGE('',*,*,#4978,.T.);
#3337=ORIENTED_EDGE('',*,*,#4979,.T.);
#3338=ORIENTED_EDGE('',*,*,#4203,.F.);
#3339=ORIENTED_EDGE('',*,*,#4979,.F.);
#3340=ORIENTED_EDGE('',*,*,#4980,.T.);
#3341=ORIENTED_EDGE('',*,*,#4981,.T.);
#3342=ORIENTED_EDGE('',*,*,#4204,.F.);
#3343=ORIENTED_EDGE('',*,*,#4981,.F.);
#3344=ORIENTED_EDGE('',*,*,#4982,.T.);
#3345=ORIENTED_EDGE('',*,*,#4983,.T.);
#3346=ORIENTED_EDGE('',*,*,#4205,.F.);
#3347=ORIENTED_EDGE('',*,*,#4983,.F.);
#3348=ORIENTED_EDGE('',*,*,#4984,.T.);
#3349=ORIENTED_EDGE('',*,*,#4985,.T.);
#3350=ORIENTED_EDGE('',*,*,#4206,.F.);
#3351=ORIENTED_EDGE('',*,*,#4985,.F.);
#3352=ORIENTED_EDGE('',*,*,#4986,.T.);
#3353=ORIENTED_EDGE('',*,*,#4987,.T.);
#3354=ORIENTED_EDGE('',*,*,#4207,.F.);
#3355=ORIENTED_EDGE('',*,*,#4987,.F.);
#3356=ORIENTED_EDGE('',*,*,#4988,.T.);
#3357=ORIENTED_EDGE('',*,*,#4989,.T.);
#3358=ORIENTED_EDGE('',*,*,#4208,.F.);
#3359=ORIENTED_EDGE('',*,*,#4989,.F.);
#3360=ORIENTED_EDGE('',*,*,#4990,.T.);
#3361=ORIENTED_EDGE('',*,*,#4991,.T.);
#3362=ORIENTED_EDGE('',*,*,#4209,.F.);
#3363=ORIENTED_EDGE('',*,*,#4991,.F.);
#3364=ORIENTED_EDGE('',*,*,#4992,.T.);
#3365=ORIENTED_EDGE('',*,*,#4993,.T.);
#3366=ORIENTED_EDGE('',*,*,#4210,.F.);
#3367=ORIENTED_EDGE('',*,*,#4993,.F.);
#3368=ORIENTED_EDGE('',*,*,#4994,.T.);
#3369=ORIENTED_EDGE('',*,*,#4995,.T.);
#3370=ORIENTED_EDGE('',*,*,#4211,.F.);
#3371=ORIENTED_EDGE('',*,*,#4995,.F.);
#3372=ORIENTED_EDGE('',*,*,#4996,.T.);
#3373=ORIENTED_EDGE('',*,*,#4997,.T.);
#3374=ORIENTED_EDGE('',*,*,#4998,.F.);
#3375=ORIENTED_EDGE('',*,*,#4999,.F.);
#3376=ORIENTED_EDGE('',*,*,#5000,.T.);
#3377=ORIENTED_EDGE('',*,*,#5001,.T.);
#3378=ORIENTED_EDGE('',*,*,#5002,.F.);
#3379=ORIENTED_EDGE('',*,*,#5001,.F.);
#3380=ORIENTED_EDGE('',*,*,#5003,.T.);
#3381=ORIENTED_EDGE('',*,*,#5004,.T.);
#3382=ORIENTED_EDGE('',*,*,#5005,.F.);
#3383=ORIENTED_EDGE('',*,*,#5004,.F.);
#3384=ORIENTED_EDGE('',*,*,#5006,.T.);
#3385=ORIENTED_EDGE('',*,*,#5007,.T.);
#3386=ORIENTED_EDGE('',*,*,#5008,.F.);
#3387=ORIENTED_EDGE('',*,*,#5007,.F.);
#3388=ORIENTED_EDGE('',*,*,#5009,.T.);
#3389=ORIENTED_EDGE('',*,*,#5010,.T.);
#3390=ORIENTED_EDGE('',*,*,#5011,.F.);
#3391=ORIENTED_EDGE('',*,*,#5010,.F.);
#3392=ORIENTED_EDGE('',*,*,#5012,.T.);
#3393=ORIENTED_EDGE('',*,*,#5013,.T.);
#3394=ORIENTED_EDGE('',*,*,#5014,.F.);
#3395=ORIENTED_EDGE('',*,*,#5013,.F.);
#3396=ORIENTED_EDGE('',*,*,#5015,.T.);
#3397=ORIENTED_EDGE('',*,*,#5016,.T.);
#3398=ORIENTED_EDGE('',*,*,#5017,.F.);
#3399=ORIENTED_EDGE('',*,*,#5016,.F.);
#3400=ORIENTED_EDGE('',*,*,#5018,.T.);
#3401=ORIENTED_EDGE('',*,*,#4999,.T.);
#3402=ORIENTED_EDGE('',*,*,#4212,.F.);
#3403=ORIENTED_EDGE('',*,*,#4997,.F.);
#3404=ORIENTED_EDGE('',*,*,#5019,.T.);
#3405=ORIENTED_EDGE('',*,*,#4965,.T.);
#3406=ORIENTED_EDGE('',*,*,#5000,.F.);
#3407=ORIENTED_EDGE('',*,*,#5018,.F.);
#3408=ORIENTED_EDGE('',*,*,#5015,.F.);
#3409=ORIENTED_EDGE('',*,*,#5012,.F.);
#3410=ORIENTED_EDGE('',*,*,#5009,.F.);
#3411=ORIENTED_EDGE('',*,*,#5006,.F.);
#3412=ORIENTED_EDGE('',*,*,#5003,.F.);
#3413=ORIENTED_EDGE('',*,*,#4966,.F.);
#3414=ORIENTED_EDGE('',*,*,#5019,.F.);
#3415=ORIENTED_EDGE('',*,*,#4996,.F.);
#3416=ORIENTED_EDGE('',*,*,#4994,.F.);
#3417=ORIENTED_EDGE('',*,*,#4992,.F.);
#3418=ORIENTED_EDGE('',*,*,#4990,.F.);
#3419=ORIENTED_EDGE('',*,*,#4988,.F.);
#3420=ORIENTED_EDGE('',*,*,#4986,.F.);
#3421=ORIENTED_EDGE('',*,*,#4984,.F.);
#3422=ORIENTED_EDGE('',*,*,#4982,.F.);
#3423=ORIENTED_EDGE('',*,*,#4980,.F.);
#3424=ORIENTED_EDGE('',*,*,#4978,.F.);
#3425=ORIENTED_EDGE('',*,*,#4976,.F.);
#3426=ORIENTED_EDGE('',*,*,#4974,.F.);
#3427=ORIENTED_EDGE('',*,*,#4972,.F.);
#3428=ORIENTED_EDGE('',*,*,#4970,.F.);
#3429=ORIENTED_EDGE('',*,*,#4968,.F.);
#3430=ORIENTED_EDGE('',*,*,#4998,.T.);
#3431=ORIENTED_EDGE('',*,*,#5002,.T.);
#3432=ORIENTED_EDGE('',*,*,#5005,.T.);
#3433=ORIENTED_EDGE('',*,*,#5008,.T.);
#3434=ORIENTED_EDGE('',*,*,#5011,.T.);
#3435=ORIENTED_EDGE('',*,*,#5014,.T.);
#3436=ORIENTED_EDGE('',*,*,#5017,.T.);
#3437=ORIENTED_EDGE('',*,*,#4408,.F.);
#3438=ORIENTED_EDGE('',*,*,#5020,.F.);
#3439=ORIENTED_EDGE('',*,*,#5021,.T.);
#3440=ORIENTED_EDGE('',*,*,#5022,.T.);
#3441=ORIENTED_EDGE('',*,*,#4409,.F.);
#3442=ORIENTED_EDGE('',*,*,#5022,.F.);
#3443=ORIENTED_EDGE('',*,*,#5023,.T.);
#3444=ORIENTED_EDGE('',*,*,#5024,.T.);
#3445=ORIENTED_EDGE('',*,*,#4410,.F.);
#3446=ORIENTED_EDGE('',*,*,#5024,.F.);
#3447=ORIENTED_EDGE('',*,*,#5025,.T.);
#3448=ORIENTED_EDGE('',*,*,#5026,.T.);
#3449=ORIENTED_EDGE('',*,*,#4411,.F.);
#3450=ORIENTED_EDGE('',*,*,#5026,.F.);
#3451=ORIENTED_EDGE('',*,*,#5027,.T.);
#3452=ORIENTED_EDGE('',*,*,#5028,.T.);
#3453=ORIENTED_EDGE('',*,*,#4412,.F.);
#3454=ORIENTED_EDGE('',*,*,#5028,.F.);
#3455=ORIENTED_EDGE('',*,*,#5029,.T.);
#3456=ORIENTED_EDGE('',*,*,#5030,.T.);
#3457=ORIENTED_EDGE('',*,*,#4413,.F.);
#3458=ORIENTED_EDGE('',*,*,#5030,.F.);
#3459=ORIENTED_EDGE('',*,*,#5031,.T.);
#3460=ORIENTED_EDGE('',*,*,#5032,.T.);
#3461=ORIENTED_EDGE('',*,*,#4414,.F.);
#3462=ORIENTED_EDGE('',*,*,#5032,.F.);
#3463=ORIENTED_EDGE('',*,*,#5033,.T.);
#3464=ORIENTED_EDGE('',*,*,#5034,.T.);
#3465=ORIENTED_EDGE('',*,*,#4415,.F.);
#3466=ORIENTED_EDGE('',*,*,#5034,.F.);
#3467=ORIENTED_EDGE('',*,*,#5035,.T.);
#3468=ORIENTED_EDGE('',*,*,#5036,.T.);
#3469=ORIENTED_EDGE('',*,*,#4416,.F.);
#3470=ORIENTED_EDGE('',*,*,#5036,.F.);
#3471=ORIENTED_EDGE('',*,*,#5037,.T.);
#3472=ORIENTED_EDGE('',*,*,#5038,.T.);
#3473=ORIENTED_EDGE('',*,*,#4417,.F.);
#3474=ORIENTED_EDGE('',*,*,#5038,.F.);
#3475=ORIENTED_EDGE('',*,*,#5039,.T.);
#3476=ORIENTED_EDGE('',*,*,#5040,.T.);
#3477=ORIENTED_EDGE('',*,*,#4418,.F.);
#3478=ORIENTED_EDGE('',*,*,#5040,.F.);
#3479=ORIENTED_EDGE('',*,*,#5041,.T.);
#3480=ORIENTED_EDGE('',*,*,#5042,.T.);
#3481=ORIENTED_EDGE('',*,*,#4419,.F.);
#3482=ORIENTED_EDGE('',*,*,#5042,.F.);
#3483=ORIENTED_EDGE('',*,*,#5043,.T.);
#3484=ORIENTED_EDGE('',*,*,#5044,.T.);
#3485=ORIENTED_EDGE('',*,*,#4420,.F.);
#3486=ORIENTED_EDGE('',*,*,#5044,.F.);
#3487=ORIENTED_EDGE('',*,*,#5045,.T.);
#3488=ORIENTED_EDGE('',*,*,#5046,.T.);
#3489=ORIENTED_EDGE('',*,*,#4421,.F.);
#3490=ORIENTED_EDGE('',*,*,#5046,.F.);
#3491=ORIENTED_EDGE('',*,*,#5047,.T.);
#3492=ORIENTED_EDGE('',*,*,#5048,.T.);
#3493=ORIENTED_EDGE('',*,*,#4422,.F.);
#3494=ORIENTED_EDGE('',*,*,#5048,.F.);
#3495=ORIENTED_EDGE('',*,*,#5049,.T.);
#3496=ORIENTED_EDGE('',*,*,#5050,.T.);
#3497=ORIENTED_EDGE('',*,*,#4423,.F.);
#3498=ORIENTED_EDGE('',*,*,#5050,.F.);
#3499=ORIENTED_EDGE('',*,*,#5051,.T.);
#3500=ORIENTED_EDGE('',*,*,#5052,.T.);
#3501=ORIENTED_EDGE('',*,*,#4424,.F.);
#3502=ORIENTED_EDGE('',*,*,#5052,.F.);
#3503=ORIENTED_EDGE('',*,*,#5053,.T.);
#3504=ORIENTED_EDGE('',*,*,#5054,.T.);
#3505=ORIENTED_EDGE('',*,*,#4425,.F.);
#3506=ORIENTED_EDGE('',*,*,#5054,.F.);
#3507=ORIENTED_EDGE('',*,*,#5055,.T.);
#3508=ORIENTED_EDGE('',*,*,#5056,.T.);
#3509=ORIENTED_EDGE('',*,*,#4426,.F.);
#3510=ORIENTED_EDGE('',*,*,#5056,.F.);
#3511=ORIENTED_EDGE('',*,*,#5057,.T.);
#3512=ORIENTED_EDGE('',*,*,#5020,.T.);
#3513=ORIENTED_EDGE('',*,*,#5021,.F.);
#3514=ORIENTED_EDGE('',*,*,#5057,.F.);
#3515=ORIENTED_EDGE('',*,*,#5055,.F.);
#3516=ORIENTED_EDGE('',*,*,#5053,.F.);
#3517=ORIENTED_EDGE('',*,*,#5051,.F.);
#3518=ORIENTED_EDGE('',*,*,#5049,.F.);
#3519=ORIENTED_EDGE('',*,*,#5047,.F.);
#3520=ORIENTED_EDGE('',*,*,#5045,.F.);
#3521=ORIENTED_EDGE('',*,*,#5043,.F.);
#3522=ORIENTED_EDGE('',*,*,#5041,.F.);
#3523=ORIENTED_EDGE('',*,*,#5039,.F.);
#3524=ORIENTED_EDGE('',*,*,#5037,.F.);
#3525=ORIENTED_EDGE('',*,*,#5035,.F.);
#3526=ORIENTED_EDGE('',*,*,#5033,.F.);
#3527=ORIENTED_EDGE('',*,*,#5031,.F.);
#3528=ORIENTED_EDGE('',*,*,#5029,.F.);
#3529=ORIENTED_EDGE('',*,*,#5027,.F.);
#3530=ORIENTED_EDGE('',*,*,#5025,.F.);
#3531=ORIENTED_EDGE('',*,*,#5023,.F.);
#3532=ORIENTED_EDGE('',*,*,#4179,.F.);
#3533=ORIENTED_EDGE('',*,*,#5058,.F.);
#3534=ORIENTED_EDGE('',*,*,#5059,.T.);
#3535=ORIENTED_EDGE('',*,*,#5060,.T.);
#3536=ORIENTED_EDGE('',*,*,#4180,.F.);
#3537=ORIENTED_EDGE('',*,*,#5060,.F.);
#3538=ORIENTED_EDGE('',*,*,#5061,.T.);
#3539=ORIENTED_EDGE('',*,*,#5062,.T.);
#3540=ORIENTED_EDGE('',*,*,#4181,.F.);
#3541=ORIENTED_EDGE('',*,*,#5062,.F.);
#3542=ORIENTED_EDGE('',*,*,#5063,.T.);
#3543=ORIENTED_EDGE('',*,*,#5064,.T.);
#3544=ORIENTED_EDGE('',*,*,#4182,.F.);
#3545=ORIENTED_EDGE('',*,*,#5064,.F.);
#3546=ORIENTED_EDGE('',*,*,#5065,.T.);
#3547=ORIENTED_EDGE('',*,*,#5066,.T.);
#3548=ORIENTED_EDGE('',*,*,#4183,.F.);
#3549=ORIENTED_EDGE('',*,*,#5066,.F.);
#3550=ORIENTED_EDGE('',*,*,#5067,.T.);
#3551=ORIENTED_EDGE('',*,*,#5068,.T.);
#3552=ORIENTED_EDGE('',*,*,#4184,.F.);
#3553=ORIENTED_EDGE('',*,*,#5068,.F.);
#3554=ORIENTED_EDGE('',*,*,#5069,.T.);
#3555=ORIENTED_EDGE('',*,*,#5070,.T.);
#3556=ORIENTED_EDGE('',*,*,#4185,.F.);
#3557=ORIENTED_EDGE('',*,*,#5070,.F.);
#3558=ORIENTED_EDGE('',*,*,#5071,.T.);
#3559=ORIENTED_EDGE('',*,*,#5072,.T.);
#3560=ORIENTED_EDGE('',*,*,#4186,.F.);
#3561=ORIENTED_EDGE('',*,*,#5072,.F.);
#3562=ORIENTED_EDGE('',*,*,#5073,.T.);
#3563=ORIENTED_EDGE('',*,*,#5074,.T.);
#3564=ORIENTED_EDGE('',*,*,#4187,.F.);
#3565=ORIENTED_EDGE('',*,*,#5074,.F.);
#3566=ORIENTED_EDGE('',*,*,#5075,.T.);
#3567=ORIENTED_EDGE('',*,*,#5076,.T.);
#3568=ORIENTED_EDGE('',*,*,#4188,.F.);
#3569=ORIENTED_EDGE('',*,*,#5076,.F.);
#3570=ORIENTED_EDGE('',*,*,#5077,.T.);
#3571=ORIENTED_EDGE('',*,*,#5078,.T.);
#3572=ORIENTED_EDGE('',*,*,#4189,.F.);
#3573=ORIENTED_EDGE('',*,*,#5078,.F.);
#3574=ORIENTED_EDGE('',*,*,#5079,.T.);
#3575=ORIENTED_EDGE('',*,*,#5080,.T.);
#3576=ORIENTED_EDGE('',*,*,#4190,.F.);
#3577=ORIENTED_EDGE('',*,*,#5080,.F.);
#3578=ORIENTED_EDGE('',*,*,#5081,.T.);
#3579=ORIENTED_EDGE('',*,*,#5082,.T.);
#3580=ORIENTED_EDGE('',*,*,#4191,.F.);
#3581=ORIENTED_EDGE('',*,*,#5082,.F.);
#3582=ORIENTED_EDGE('',*,*,#5083,.T.);
#3583=ORIENTED_EDGE('',*,*,#5084,.T.);
#3584=ORIENTED_EDGE('',*,*,#4192,.F.);
#3585=ORIENTED_EDGE('',*,*,#5084,.F.);
#3586=ORIENTED_EDGE('',*,*,#5085,.T.);
#3587=ORIENTED_EDGE('',*,*,#5086,.T.);
#3588=ORIENTED_EDGE('',*,*,#4193,.F.);
#3589=ORIENTED_EDGE('',*,*,#5086,.F.);
#3590=ORIENTED_EDGE('',*,*,#5087,.T.);
#3591=ORIENTED_EDGE('',*,*,#5088,.T.);
#3592=ORIENTED_EDGE('',*,*,#4194,.F.);
#3593=ORIENTED_EDGE('',*,*,#5088,.F.);
#3594=ORIENTED_EDGE('',*,*,#5089,.T.);
#3595=ORIENTED_EDGE('',*,*,#5090,.T.);
#3596=ORIENTED_EDGE('',*,*,#4195,.F.);
#3597=ORIENTED_EDGE('',*,*,#5090,.F.);
#3598=ORIENTED_EDGE('',*,*,#5091,.T.);
#3599=ORIENTED_EDGE('',*,*,#5058,.T.);
#3600=ORIENTED_EDGE('',*,*,#5059,.F.);
#3601=ORIENTED_EDGE('',*,*,#5091,.F.);
#3602=ORIENTED_EDGE('',*,*,#5089,.F.);
#3603=ORIENTED_EDGE('',*,*,#5087,.F.);
#3604=ORIENTED_EDGE('',*,*,#5085,.F.);
#3605=ORIENTED_EDGE('',*,*,#5083,.F.);
#3606=ORIENTED_EDGE('',*,*,#5081,.F.);
#3607=ORIENTED_EDGE('',*,*,#5079,.F.);
#3608=ORIENTED_EDGE('',*,*,#5077,.F.);
#3609=ORIENTED_EDGE('',*,*,#5075,.F.);
#3610=ORIENTED_EDGE('',*,*,#5073,.F.);
#3611=ORIENTED_EDGE('',*,*,#5071,.F.);
#3612=ORIENTED_EDGE('',*,*,#5069,.F.);
#3613=ORIENTED_EDGE('',*,*,#5067,.F.);
#3614=ORIENTED_EDGE('',*,*,#5065,.F.);
#3615=ORIENTED_EDGE('',*,*,#5063,.F.);
#3616=ORIENTED_EDGE('',*,*,#5061,.F.);
#3617=ORIENTED_EDGE('',*,*,#4427,.F.);
#3618=ORIENTED_EDGE('',*,*,#5092,.F.);
#3619=ORIENTED_EDGE('',*,*,#5093,.T.);
#3620=ORIENTED_EDGE('',*,*,#5094,.T.);
#3621=ORIENTED_EDGE('',*,*,#4428,.F.);
#3622=ORIENTED_EDGE('',*,*,#5094,.F.);
#3623=ORIENTED_EDGE('',*,*,#5095,.T.);
#3624=ORIENTED_EDGE('',*,*,#5096,.T.);
#3625=ORIENTED_EDGE('',*,*,#4429,.F.);
#3626=ORIENTED_EDGE('',*,*,#5096,.F.);
#3627=ORIENTED_EDGE('',*,*,#5097,.T.);
#3628=ORIENTED_EDGE('',*,*,#5098,.T.);
#3629=ORIENTED_EDGE('',*,*,#4430,.F.);
#3630=ORIENTED_EDGE('',*,*,#5098,.F.);
#3631=ORIENTED_EDGE('',*,*,#5099,.T.);
#3632=ORIENTED_EDGE('',*,*,#5100,.T.);
#3633=ORIENTED_EDGE('',*,*,#4431,.F.);
#3634=ORIENTED_EDGE('',*,*,#5100,.F.);
#3635=ORIENTED_EDGE('',*,*,#5101,.T.);
#3636=ORIENTED_EDGE('',*,*,#5102,.T.);
#3637=ORIENTED_EDGE('',*,*,#4432,.F.);
#3638=ORIENTED_EDGE('',*,*,#5102,.F.);
#3639=ORIENTED_EDGE('',*,*,#5103,.T.);
#3640=ORIENTED_EDGE('',*,*,#5104,.T.);
#3641=ORIENTED_EDGE('',*,*,#4433,.F.);
#3642=ORIENTED_EDGE('',*,*,#5104,.F.);
#3643=ORIENTED_EDGE('',*,*,#5105,.T.);
#3644=ORIENTED_EDGE('',*,*,#5106,.T.);
#3645=ORIENTED_EDGE('',*,*,#4434,.F.);
#3646=ORIENTED_EDGE('',*,*,#5106,.F.);
#3647=ORIENTED_EDGE('',*,*,#5107,.T.);
#3648=ORIENTED_EDGE('',*,*,#5108,.T.);
#3649=ORIENTED_EDGE('',*,*,#4435,.F.);
#3650=ORIENTED_EDGE('',*,*,#5108,.F.);
#3651=ORIENTED_EDGE('',*,*,#5109,.T.);
#3652=ORIENTED_EDGE('',*,*,#5110,.T.);
#3653=ORIENTED_EDGE('',*,*,#4436,.F.);
#3654=ORIENTED_EDGE('',*,*,#5110,.F.);
#3655=ORIENTED_EDGE('',*,*,#5111,.T.);
#3656=ORIENTED_EDGE('',*,*,#5092,.T.);
#3657=ORIENTED_EDGE('',*,*,#5093,.F.);
#3658=ORIENTED_EDGE('',*,*,#5111,.F.);
#3659=ORIENTED_EDGE('',*,*,#5109,.F.);
#3660=ORIENTED_EDGE('',*,*,#5107,.F.);
#3661=ORIENTED_EDGE('',*,*,#5105,.F.);
#3662=ORIENTED_EDGE('',*,*,#5103,.F.);
#3663=ORIENTED_EDGE('',*,*,#5101,.F.);
#3664=ORIENTED_EDGE('',*,*,#5099,.F.);
#3665=ORIENTED_EDGE('',*,*,#5097,.F.);
#3666=ORIENTED_EDGE('',*,*,#5095,.F.);
#3667=ORIENTED_EDGE('',*,*,#4169,.F.);
#3668=ORIENTED_EDGE('',*,*,#5112,.F.);
#3669=ORIENTED_EDGE('',*,*,#5113,.T.);
#3670=ORIENTED_EDGE('',*,*,#5114,.T.);
#3671=ORIENTED_EDGE('',*,*,#4170,.F.);
#3672=ORIENTED_EDGE('',*,*,#5114,.F.);
#3673=ORIENTED_EDGE('',*,*,#5115,.T.);
#3674=ORIENTED_EDGE('',*,*,#5116,.T.);
#3675=ORIENTED_EDGE('',*,*,#4171,.F.);
#3676=ORIENTED_EDGE('',*,*,#5116,.F.);
#3677=ORIENTED_EDGE('',*,*,#5117,.T.);
#3678=ORIENTED_EDGE('',*,*,#5118,.T.);
#3679=ORIENTED_EDGE('',*,*,#4172,.F.);
#3680=ORIENTED_EDGE('',*,*,#5118,.F.);
#3681=ORIENTED_EDGE('',*,*,#5119,.T.);
#3682=ORIENTED_EDGE('',*,*,#5120,.T.);
#3683=ORIENTED_EDGE('',*,*,#4173,.F.);
#3684=ORIENTED_EDGE('',*,*,#5120,.F.);
#3685=ORIENTED_EDGE('',*,*,#5121,.T.);
#3686=ORIENTED_EDGE('',*,*,#5122,.T.);
#3687=ORIENTED_EDGE('',*,*,#4174,.F.);
#3688=ORIENTED_EDGE('',*,*,#5122,.F.);
#3689=ORIENTED_EDGE('',*,*,#5123,.T.);
#3690=ORIENTED_EDGE('',*,*,#5124,.T.);
#3691=ORIENTED_EDGE('',*,*,#4175,.F.);
#3692=ORIENTED_EDGE('',*,*,#5124,.F.);
#3693=ORIENTED_EDGE('',*,*,#5125,.T.);
#3694=ORIENTED_EDGE('',*,*,#5126,.T.);
#3695=ORIENTED_EDGE('',*,*,#4176,.F.);
#3696=ORIENTED_EDGE('',*,*,#5126,.F.);
#3697=ORIENTED_EDGE('',*,*,#5127,.T.);
#3698=ORIENTED_EDGE('',*,*,#5128,.T.);
#3699=ORIENTED_EDGE('',*,*,#4177,.F.);
#3700=ORIENTED_EDGE('',*,*,#5128,.F.);
#3701=ORIENTED_EDGE('',*,*,#5129,.T.);
#3702=ORIENTED_EDGE('',*,*,#5130,.T.);
#3703=ORIENTED_EDGE('',*,*,#4178,.F.);
#3704=ORIENTED_EDGE('',*,*,#5130,.F.);
#3705=ORIENTED_EDGE('',*,*,#5131,.T.);
#3706=ORIENTED_EDGE('',*,*,#5112,.T.);
#3707=ORIENTED_EDGE('',*,*,#5113,.F.);
#3708=ORIENTED_EDGE('',*,*,#5131,.F.);
#3709=ORIENTED_EDGE('',*,*,#5129,.F.);
#3710=ORIENTED_EDGE('',*,*,#5127,.F.);
#3711=ORIENTED_EDGE('',*,*,#5125,.F.);
#3712=ORIENTED_EDGE('',*,*,#5123,.F.);
#3713=ORIENTED_EDGE('',*,*,#5121,.F.);
#3714=ORIENTED_EDGE('',*,*,#5119,.F.);
#3715=ORIENTED_EDGE('',*,*,#5117,.F.);
#3716=ORIENTED_EDGE('',*,*,#5115,.F.);
#3717=ORIENTED_EDGE('',*,*,#4437,.F.);
#3718=ORIENTED_EDGE('',*,*,#5132,.F.);
#3719=ORIENTED_EDGE('',*,*,#5133,.T.);
#3720=ORIENTED_EDGE('',*,*,#5134,.T.);
#3721=ORIENTED_EDGE('',*,*,#4438,.F.);
#3722=ORIENTED_EDGE('',*,*,#5134,.F.);
#3723=ORIENTED_EDGE('',*,*,#5135,.T.);
#3724=ORIENTED_EDGE('',*,*,#5136,.T.);
#3725=ORIENTED_EDGE('',*,*,#4439,.F.);
#3726=ORIENTED_EDGE('',*,*,#5136,.F.);
#3727=ORIENTED_EDGE('',*,*,#5137,.T.);
#3728=ORIENTED_EDGE('',*,*,#5138,.T.);
#3729=ORIENTED_EDGE('',*,*,#4440,.F.);
#3730=ORIENTED_EDGE('',*,*,#5138,.F.);
#3731=ORIENTED_EDGE('',*,*,#5139,.T.);
#3732=ORIENTED_EDGE('',*,*,#5140,.T.);
#3733=ORIENTED_EDGE('',*,*,#4441,.F.);
#3734=ORIENTED_EDGE('',*,*,#5140,.F.);
#3735=ORIENTED_EDGE('',*,*,#5141,.T.);
#3736=ORIENTED_EDGE('',*,*,#5142,.T.);
#3737=ORIENTED_EDGE('',*,*,#4442,.F.);
#3738=ORIENTED_EDGE('',*,*,#5142,.F.);
#3739=ORIENTED_EDGE('',*,*,#5143,.T.);
#3740=ORIENTED_EDGE('',*,*,#5144,.T.);
#3741=ORIENTED_EDGE('',*,*,#4443,.F.);
#3742=ORIENTED_EDGE('',*,*,#5144,.F.);
#3743=ORIENTED_EDGE('',*,*,#5145,.T.);
#3744=ORIENTED_EDGE('',*,*,#5146,.T.);
#3745=ORIENTED_EDGE('',*,*,#4444,.F.);
#3746=ORIENTED_EDGE('',*,*,#5146,.F.);
#3747=ORIENTED_EDGE('',*,*,#5147,.T.);
#3748=ORIENTED_EDGE('',*,*,#5148,.T.);
#3749=ORIENTED_EDGE('',*,*,#4445,.F.);
#3750=ORIENTED_EDGE('',*,*,#5148,.F.);
#3751=ORIENTED_EDGE('',*,*,#5149,.T.);
#3752=ORIENTED_EDGE('',*,*,#5150,.T.);
#3753=ORIENTED_EDGE('',*,*,#4446,.F.);
#3754=ORIENTED_EDGE('',*,*,#5150,.F.);
#3755=ORIENTED_EDGE('',*,*,#5151,.T.);
#3756=ORIENTED_EDGE('',*,*,#5152,.T.);
#3757=ORIENTED_EDGE('',*,*,#4447,.F.);
#3758=ORIENTED_EDGE('',*,*,#5152,.F.);
#3759=ORIENTED_EDGE('',*,*,#5153,.T.);
#3760=ORIENTED_EDGE('',*,*,#5154,.T.);
#3761=ORIENTED_EDGE('',*,*,#4448,.F.);
#3762=ORIENTED_EDGE('',*,*,#5154,.F.);
#3763=ORIENTED_EDGE('',*,*,#5155,.T.);
#3764=ORIENTED_EDGE('',*,*,#5156,.T.);
#3765=ORIENTED_EDGE('',*,*,#4449,.F.);
#3766=ORIENTED_EDGE('',*,*,#5156,.F.);
#3767=ORIENTED_EDGE('',*,*,#5157,.T.);
#3768=ORIENTED_EDGE('',*,*,#5158,.T.);
#3769=ORIENTED_EDGE('',*,*,#4450,.F.);
#3770=ORIENTED_EDGE('',*,*,#5158,.F.);
#3771=ORIENTED_EDGE('',*,*,#5159,.T.);
#3772=ORIENTED_EDGE('',*,*,#5160,.T.);
#3773=ORIENTED_EDGE('',*,*,#4451,.F.);
#3774=ORIENTED_EDGE('',*,*,#5160,.F.);
#3775=ORIENTED_EDGE('',*,*,#5161,.T.);
#3776=ORIENTED_EDGE('',*,*,#5162,.T.);
#3777=ORIENTED_EDGE('',*,*,#4452,.F.);
#3778=ORIENTED_EDGE('',*,*,#5162,.F.);
#3779=ORIENTED_EDGE('',*,*,#5163,.T.);
#3780=ORIENTED_EDGE('',*,*,#5164,.T.);
#3781=ORIENTED_EDGE('',*,*,#4453,.F.);
#3782=ORIENTED_EDGE('',*,*,#5164,.F.);
#3783=ORIENTED_EDGE('',*,*,#5165,.T.);
#3784=ORIENTED_EDGE('',*,*,#5132,.T.);
#3785=ORIENTED_EDGE('',*,*,#5133,.F.);
#3786=ORIENTED_EDGE('',*,*,#5165,.F.);
#3787=ORIENTED_EDGE('',*,*,#5163,.F.);
#3788=ORIENTED_EDGE('',*,*,#5161,.F.);
#3789=ORIENTED_EDGE('',*,*,#5159,.F.);
#3790=ORIENTED_EDGE('',*,*,#5157,.F.);
#3791=ORIENTED_EDGE('',*,*,#5155,.F.);
#3792=ORIENTED_EDGE('',*,*,#5153,.F.);
#3793=ORIENTED_EDGE('',*,*,#5151,.F.);
#3794=ORIENTED_EDGE('',*,*,#5149,.F.);
#3795=ORIENTED_EDGE('',*,*,#5147,.F.);
#3796=ORIENTED_EDGE('',*,*,#5145,.F.);
#3797=ORIENTED_EDGE('',*,*,#5143,.F.);
#3798=ORIENTED_EDGE('',*,*,#5141,.F.);
#3799=ORIENTED_EDGE('',*,*,#5139,.F.);
#3800=ORIENTED_EDGE('',*,*,#5137,.F.);
#3801=ORIENTED_EDGE('',*,*,#5135,.F.);
#3802=ORIENTED_EDGE('',*,*,#4165,.F.);
#3803=ORIENTED_EDGE('',*,*,#5166,.F.);
#3804=ORIENTED_EDGE('',*,*,#5167,.T.);
#3805=ORIENTED_EDGE('',*,*,#5168,.T.);
#3806=ORIENTED_EDGE('',*,*,#4166,.F.);
#3807=ORIENTED_EDGE('',*,*,#5168,.F.);
#3808=ORIENTED_EDGE('',*,*,#5169,.T.);
#3809=ORIENTED_EDGE('',*,*,#5170,.T.);
#3810=ORIENTED_EDGE('',*,*,#4167,.F.);
#3811=ORIENTED_EDGE('',*,*,#5170,.F.);
#3812=ORIENTED_EDGE('',*,*,#5171,.T.);
#3813=ORIENTED_EDGE('',*,*,#5172,.T.);
#3814=ORIENTED_EDGE('',*,*,#4168,.F.);
#3815=ORIENTED_EDGE('',*,*,#5172,.F.);
#3816=ORIENTED_EDGE('',*,*,#5173,.T.);
#3817=ORIENTED_EDGE('',*,*,#5166,.T.);
#3818=ORIENTED_EDGE('',*,*,#5167,.F.);
#3819=ORIENTED_EDGE('',*,*,#5173,.F.);
#3820=ORIENTED_EDGE('',*,*,#5171,.F.);
#3821=ORIENTED_EDGE('',*,*,#5169,.F.);
#3822=ORIENTED_EDGE('',*,*,#4454,.F.);
#3823=ORIENTED_EDGE('',*,*,#5174,.F.);
#3824=ORIENTED_EDGE('',*,*,#5175,.T.);
#3825=ORIENTED_EDGE('',*,*,#5176,.T.);
#3826=ORIENTED_EDGE('',*,*,#4455,.F.);
#3827=ORIENTED_EDGE('',*,*,#5176,.F.);
#3828=ORIENTED_EDGE('',*,*,#5177,.T.);
#3829=ORIENTED_EDGE('',*,*,#5178,.T.);
#3830=ORIENTED_EDGE('',*,*,#4456,.F.);
#3831=ORIENTED_EDGE('',*,*,#5178,.F.);
#3832=ORIENTED_EDGE('',*,*,#5179,.T.);
#3833=ORIENTED_EDGE('',*,*,#5180,.T.);
#3834=ORIENTED_EDGE('',*,*,#4457,.F.);
#3835=ORIENTED_EDGE('',*,*,#5180,.F.);
#3836=ORIENTED_EDGE('',*,*,#5181,.T.);
#3837=ORIENTED_EDGE('',*,*,#5174,.T.);
#3838=ORIENTED_EDGE('',*,*,#5175,.F.);
#3839=ORIENTED_EDGE('',*,*,#5181,.F.);
#3840=ORIENTED_EDGE('',*,*,#5179,.F.);
#3841=ORIENTED_EDGE('',*,*,#5177,.F.);
#3842=ORIENTED_EDGE('',*,*,#4137,.F.);
#3843=ORIENTED_EDGE('',*,*,#5182,.F.);
#3844=ORIENTED_EDGE('',*,*,#5183,.T.);
#3845=ORIENTED_EDGE('',*,*,#5184,.T.);
#3846=ORIENTED_EDGE('',*,*,#4138,.F.);
#3847=ORIENTED_EDGE('',*,*,#5184,.F.);
#3848=ORIENTED_EDGE('',*,*,#5185,.T.);
#3849=ORIENTED_EDGE('',*,*,#5186,.T.);
#3850=ORIENTED_EDGE('',*,*,#4139,.F.);
#3851=ORIENTED_EDGE('',*,*,#5186,.F.);
#3852=ORIENTED_EDGE('',*,*,#5187,.T.);
#3853=ORIENTED_EDGE('',*,*,#5188,.T.);
#3854=ORIENTED_EDGE('',*,*,#4140,.F.);
#3855=ORIENTED_EDGE('',*,*,#5188,.F.);
#3856=ORIENTED_EDGE('',*,*,#5189,.T.);
#3857=ORIENTED_EDGE('',*,*,#5190,.T.);
#3858=ORIENTED_EDGE('',*,*,#4141,.F.);
#3859=ORIENTED_EDGE('',*,*,#5190,.F.);
#3860=ORIENTED_EDGE('',*,*,#5191,.T.);
#3861=ORIENTED_EDGE('',*,*,#5192,.T.);
#3862=ORIENTED_EDGE('',*,*,#4142,.F.);
#3863=ORIENTED_EDGE('',*,*,#5192,.F.);
#3864=ORIENTED_EDGE('',*,*,#5193,.T.);
#3865=ORIENTED_EDGE('',*,*,#5194,.T.);
#3866=ORIENTED_EDGE('',*,*,#4143,.F.);
#3867=ORIENTED_EDGE('',*,*,#5194,.F.);
#3868=ORIENTED_EDGE('',*,*,#5195,.T.);
#3869=ORIENTED_EDGE('',*,*,#5196,.T.);
#3870=ORIENTED_EDGE('',*,*,#4144,.F.);
#3871=ORIENTED_EDGE('',*,*,#5196,.F.);
#3872=ORIENTED_EDGE('',*,*,#5197,.T.);
#3873=ORIENTED_EDGE('',*,*,#5198,.T.);
#3874=ORIENTED_EDGE('',*,*,#4145,.F.);
#3875=ORIENTED_EDGE('',*,*,#5198,.F.);
#3876=ORIENTED_EDGE('',*,*,#5199,.T.);
#3877=ORIENTED_EDGE('',*,*,#5200,.T.);
#3878=ORIENTED_EDGE('',*,*,#4146,.F.);
#3879=ORIENTED_EDGE('',*,*,#5200,.F.);
#3880=ORIENTED_EDGE('',*,*,#5201,.T.);
#3881=ORIENTED_EDGE('',*,*,#5202,.T.);
#3882=ORIENTED_EDGE('',*,*,#4147,.F.);
#3883=ORIENTED_EDGE('',*,*,#5202,.F.);
#3884=ORIENTED_EDGE('',*,*,#5203,.T.);
#3885=ORIENTED_EDGE('',*,*,#5204,.T.);
#3886=ORIENTED_EDGE('',*,*,#4148,.F.);
#3887=ORIENTED_EDGE('',*,*,#5204,.F.);
#3888=ORIENTED_EDGE('',*,*,#5205,.T.);
#3889=ORIENTED_EDGE('',*,*,#5206,.T.);
#3890=ORIENTED_EDGE('',*,*,#4149,.F.);
#3891=ORIENTED_EDGE('',*,*,#5206,.F.);
#3892=ORIENTED_EDGE('',*,*,#5207,.T.);
#3893=ORIENTED_EDGE('',*,*,#5208,.T.);
#3894=ORIENTED_EDGE('',*,*,#4150,.F.);
#3895=ORIENTED_EDGE('',*,*,#5208,.F.);
#3896=ORIENTED_EDGE('',*,*,#5209,.T.);
#3897=ORIENTED_EDGE('',*,*,#5210,.T.);
#3898=ORIENTED_EDGE('',*,*,#4151,.F.);
#3899=ORIENTED_EDGE('',*,*,#5210,.F.);
#3900=ORIENTED_EDGE('',*,*,#5211,.T.);
#3901=ORIENTED_EDGE('',*,*,#5212,.T.);
#3902=ORIENTED_EDGE('',*,*,#4152,.F.);
#3903=ORIENTED_EDGE('',*,*,#5212,.F.);
#3904=ORIENTED_EDGE('',*,*,#5213,.T.);
#3905=ORIENTED_EDGE('',*,*,#5214,.T.);
#3906=ORIENTED_EDGE('',*,*,#4153,.F.);
#3907=ORIENTED_EDGE('',*,*,#5214,.F.);
#3908=ORIENTED_EDGE('',*,*,#5215,.T.);
#3909=ORIENTED_EDGE('',*,*,#5216,.T.);
#3910=ORIENTED_EDGE('',*,*,#4154,.F.);
#3911=ORIENTED_EDGE('',*,*,#5216,.F.);
#3912=ORIENTED_EDGE('',*,*,#5217,.T.);
#3913=ORIENTED_EDGE('',*,*,#5218,.T.);
#3914=ORIENTED_EDGE('',*,*,#4155,.F.);
#3915=ORIENTED_EDGE('',*,*,#5218,.F.);
#3916=ORIENTED_EDGE('',*,*,#5219,.T.);
#3917=ORIENTED_EDGE('',*,*,#5220,.T.);
#3918=ORIENTED_EDGE('',*,*,#4156,.F.);
#3919=ORIENTED_EDGE('',*,*,#5220,.F.);
#3920=ORIENTED_EDGE('',*,*,#5221,.T.);
#3921=ORIENTED_EDGE('',*,*,#5222,.T.);
#3922=ORIENTED_EDGE('',*,*,#4157,.F.);
#3923=ORIENTED_EDGE('',*,*,#5222,.F.);
#3924=ORIENTED_EDGE('',*,*,#5223,.T.);
#3925=ORIENTED_EDGE('',*,*,#5224,.T.);
#3926=ORIENTED_EDGE('',*,*,#4158,.F.);
#3927=ORIENTED_EDGE('',*,*,#5224,.F.);
#3928=ORIENTED_EDGE('',*,*,#5225,.T.);
#3929=ORIENTED_EDGE('',*,*,#5226,.T.);
#3930=ORIENTED_EDGE('',*,*,#4159,.F.);
#3931=ORIENTED_EDGE('',*,*,#5226,.F.);
#3932=ORIENTED_EDGE('',*,*,#5227,.T.);
#3933=ORIENTED_EDGE('',*,*,#5228,.T.);
#3934=ORIENTED_EDGE('',*,*,#4160,.F.);
#3935=ORIENTED_EDGE('',*,*,#5228,.F.);
#3936=ORIENTED_EDGE('',*,*,#5229,.T.);
#3937=ORIENTED_EDGE('',*,*,#5230,.T.);
#3938=ORIENTED_EDGE('',*,*,#4161,.F.);
#3939=ORIENTED_EDGE('',*,*,#5230,.F.);
#3940=ORIENTED_EDGE('',*,*,#5231,.T.);
#3941=ORIENTED_EDGE('',*,*,#5232,.T.);
#3942=ORIENTED_EDGE('',*,*,#4162,.F.);
#3943=ORIENTED_EDGE('',*,*,#5232,.F.);
#3944=ORIENTED_EDGE('',*,*,#5233,.T.);
#3945=ORIENTED_EDGE('',*,*,#5234,.T.);
#3946=ORIENTED_EDGE('',*,*,#4163,.F.);
#3947=ORIENTED_EDGE('',*,*,#5234,.F.);
#3948=ORIENTED_EDGE('',*,*,#5235,.T.);
#3949=ORIENTED_EDGE('',*,*,#5236,.T.);
#3950=ORIENTED_EDGE('',*,*,#5237,.F.);
#3951=ORIENTED_EDGE('',*,*,#5238,.F.);
#3952=ORIENTED_EDGE('',*,*,#5239,.T.);
#3953=ORIENTED_EDGE('',*,*,#5240,.T.);
#3954=ORIENTED_EDGE('',*,*,#5241,.F.);
#3955=ORIENTED_EDGE('',*,*,#5240,.F.);
#3956=ORIENTED_EDGE('',*,*,#5242,.T.);
#3957=ORIENTED_EDGE('',*,*,#5243,.T.);
#3958=ORIENTED_EDGE('',*,*,#5244,.F.);
#3959=ORIENTED_EDGE('',*,*,#5243,.F.);
#3960=ORIENTED_EDGE('',*,*,#5245,.T.);
#3961=ORIENTED_EDGE('',*,*,#5246,.T.);
#3962=ORIENTED_EDGE('',*,*,#5247,.F.);
#3963=ORIENTED_EDGE('',*,*,#5246,.F.);
#3964=ORIENTED_EDGE('',*,*,#5248,.T.);
#3965=ORIENTED_EDGE('',*,*,#5249,.T.);
#3966=ORIENTED_EDGE('',*,*,#5250,.F.);
#3967=ORIENTED_EDGE('',*,*,#5249,.F.);
#3968=ORIENTED_EDGE('',*,*,#5251,.T.);
#3969=ORIENTED_EDGE('',*,*,#5252,.T.);
#3970=ORIENTED_EDGE('',*,*,#5253,.F.);
#3971=ORIENTED_EDGE('',*,*,#5252,.F.);
#3972=ORIENTED_EDGE('',*,*,#5254,.T.);
#3973=ORIENTED_EDGE('',*,*,#5255,.T.);
#3974=ORIENTED_EDGE('',*,*,#5256,.F.);
#3975=ORIENTED_EDGE('',*,*,#5255,.F.);
#3976=ORIENTED_EDGE('',*,*,#5257,.T.);
#3977=ORIENTED_EDGE('',*,*,#5258,.T.);
#3978=ORIENTED_EDGE('',*,*,#5259,.F.);
#3979=ORIENTED_EDGE('',*,*,#5258,.F.);
#3980=ORIENTED_EDGE('',*,*,#5260,.T.);
#3981=ORIENTED_EDGE('',*,*,#5261,.T.);
#3982=ORIENTED_EDGE('',*,*,#5262,.F.);
#3983=ORIENTED_EDGE('',*,*,#5261,.F.);
#3984=ORIENTED_EDGE('',*,*,#5263,.T.);
#3985=ORIENTED_EDGE('',*,*,#5264,.T.);
#3986=ORIENTED_EDGE('',*,*,#5265,.F.);
#3987=ORIENTED_EDGE('',*,*,#5264,.F.);
#3988=ORIENTED_EDGE('',*,*,#5266,.T.);
#3989=ORIENTED_EDGE('',*,*,#5238,.T.);
#3990=ORIENTED_EDGE('',*,*,#4164,.F.);
#3991=ORIENTED_EDGE('',*,*,#5236,.F.);
#3992=ORIENTED_EDGE('',*,*,#5267,.T.);
#3993=ORIENTED_EDGE('',*,*,#5182,.T.);
#3994=ORIENTED_EDGE('',*,*,#5239,.F.);
#3995=ORIENTED_EDGE('',*,*,#5266,.F.);
#3996=ORIENTED_EDGE('',*,*,#5263,.F.);
#3997=ORIENTED_EDGE('',*,*,#5260,.F.);
#3998=ORIENTED_EDGE('',*,*,#5257,.F.);
#3999=ORIENTED_EDGE('',*,*,#5254,.F.);
#4000=ORIENTED_EDGE('',*,*,#5251,.F.);
#4001=ORIENTED_EDGE('',*,*,#5248,.F.);
#4002=ORIENTED_EDGE('',*,*,#5245,.F.);
#4003=ORIENTED_EDGE('',*,*,#5242,.F.);
#4004=ORIENTED_EDGE('',*,*,#5183,.F.);
#4005=ORIENTED_EDGE('',*,*,#5267,.F.);
#4006=ORIENTED_EDGE('',*,*,#5235,.F.);
#4007=ORIENTED_EDGE('',*,*,#5233,.F.);
#4008=ORIENTED_EDGE('',*,*,#5231,.F.);
#4009=ORIENTED_EDGE('',*,*,#5229,.F.);
#4010=ORIENTED_EDGE('',*,*,#5227,.F.);
#4011=ORIENTED_EDGE('',*,*,#5225,.F.);
#4012=ORIENTED_EDGE('',*,*,#5223,.F.);
#4013=ORIENTED_EDGE('',*,*,#5221,.F.);
#4014=ORIENTED_EDGE('',*,*,#5219,.F.);
#4015=ORIENTED_EDGE('',*,*,#5217,.F.);
#4016=ORIENTED_EDGE('',*,*,#5215,.F.);
#4017=ORIENTED_EDGE('',*,*,#5213,.F.);
#4018=ORIENTED_EDGE('',*,*,#5211,.F.);
#4019=ORIENTED_EDGE('',*,*,#5209,.F.);
#4020=ORIENTED_EDGE('',*,*,#5207,.F.);
#4021=ORIENTED_EDGE('',*,*,#5205,.F.);
#4022=ORIENTED_EDGE('',*,*,#5203,.F.);
#4023=ORIENTED_EDGE('',*,*,#5201,.F.);
#4024=ORIENTED_EDGE('',*,*,#5199,.F.);
#4025=ORIENTED_EDGE('',*,*,#5197,.F.);
#4026=ORIENTED_EDGE('',*,*,#5195,.F.);
#4027=ORIENTED_EDGE('',*,*,#5193,.F.);
#4028=ORIENTED_EDGE('',*,*,#5191,.F.);
#4029=ORIENTED_EDGE('',*,*,#5189,.F.);
#4030=ORIENTED_EDGE('',*,*,#5187,.F.);
#4031=ORIENTED_EDGE('',*,*,#5185,.F.);
#4032=ORIENTED_EDGE('',*,*,#5237,.T.);
#4033=ORIENTED_EDGE('',*,*,#5241,.T.);
#4034=ORIENTED_EDGE('',*,*,#5244,.T.);
#4035=ORIENTED_EDGE('',*,*,#5247,.T.);
#4036=ORIENTED_EDGE('',*,*,#5250,.T.);
#4037=ORIENTED_EDGE('',*,*,#5253,.T.);
#4038=ORIENTED_EDGE('',*,*,#5256,.T.);
#4039=ORIENTED_EDGE('',*,*,#5259,.T.);
#4040=ORIENTED_EDGE('',*,*,#5262,.T.);
#4041=ORIENTED_EDGE('',*,*,#5265,.T.);
#4042=ORIENTED_EDGE('',*,*,#4458,.F.);
#4043=ORIENTED_EDGE('',*,*,#5268,.F.);
#4044=ORIENTED_EDGE('',*,*,#5269,.T.);
#4045=ORIENTED_EDGE('',*,*,#5270,.T.);
#4046=ORIENTED_EDGE('',*,*,#4459,.F.);
#4047=ORIENTED_EDGE('',*,*,#5270,.F.);
#4048=ORIENTED_EDGE('',*,*,#5271,.T.);
#4049=ORIENTED_EDGE('',*,*,#5272,.T.);
#4050=ORIENTED_EDGE('',*,*,#4460,.F.);
#4051=ORIENTED_EDGE('',*,*,#5272,.F.);
#4052=ORIENTED_EDGE('',*,*,#5273,.T.);
#4053=ORIENTED_EDGE('',*,*,#5274,.T.);
#4054=ORIENTED_EDGE('',*,*,#4461,.F.);
#4055=ORIENTED_EDGE('',*,*,#5274,.F.);
#4056=ORIENTED_EDGE('',*,*,#5275,.T.);
#4057=ORIENTED_EDGE('',*,*,#5276,.T.);
#4058=ORIENTED_EDGE('',*,*,#4462,.F.);
#4059=ORIENTED_EDGE('',*,*,#5276,.F.);
#4060=ORIENTED_EDGE('',*,*,#5277,.T.);
#4061=ORIENTED_EDGE('',*,*,#5278,.T.);
#4062=ORIENTED_EDGE('',*,*,#4463,.F.);
#4063=ORIENTED_EDGE('',*,*,#5278,.F.);
#4064=ORIENTED_EDGE('',*,*,#5279,.T.);
#4065=ORIENTED_EDGE('',*,*,#5280,.T.);
#4066=ORIENTED_EDGE('',*,*,#4464,.F.);
#4067=ORIENTED_EDGE('',*,*,#5280,.F.);
#4068=ORIENTED_EDGE('',*,*,#5281,.T.);
#4069=ORIENTED_EDGE('',*,*,#5282,.T.);
#4070=ORIENTED_EDGE('',*,*,#4465,.F.);
#4071=ORIENTED_EDGE('',*,*,#5282,.F.);
#4072=ORIENTED_EDGE('',*,*,#5283,.T.);
#4073=ORIENTED_EDGE('',*,*,#5284,.T.);
#4074=ORIENTED_EDGE('',*,*,#4466,.F.);
#4075=ORIENTED_EDGE('',*,*,#5284,.F.);
#4076=ORIENTED_EDGE('',*,*,#5285,.T.);
#4077=ORIENTED_EDGE('',*,*,#5286,.T.);
#4078=ORIENTED_EDGE('',*,*,#4467,.F.);
#4079=ORIENTED_EDGE('',*,*,#5286,.F.);
#4080=ORIENTED_EDGE('',*,*,#5287,.T.);
#4081=ORIENTED_EDGE('',*,*,#5288,.T.);
#4082=ORIENTED_EDGE('',*,*,#4468,.F.);
#4083=ORIENTED_EDGE('',*,*,#5288,.F.);
#4084=ORIENTED_EDGE('',*,*,#5289,.T.);
#4085=ORIENTED_EDGE('',*,*,#5290,.T.);
#4086=ORIENTED_EDGE('',*,*,#4469,.F.);
#4087=ORIENTED_EDGE('',*,*,#5290,.F.);
#4088=ORIENTED_EDGE('',*,*,#5291,.T.);
#4089=ORIENTED_EDGE('',*,*,#5292,.T.);
#4090=ORIENTED_EDGE('',*,*,#4470,.F.);
#4091=ORIENTED_EDGE('',*,*,#5292,.F.);
#4092=ORIENTED_EDGE('',*,*,#5293,.T.);
#4093=ORIENTED_EDGE('',*,*,#5294,.T.);
#4094=ORIENTED_EDGE('',*,*,#4471,.F.);
#4095=ORIENTED_EDGE('',*,*,#5294,.F.);
#4096=ORIENTED_EDGE('',*,*,#5295,.T.);
#4097=ORIENTED_EDGE('',*,*,#5296,.T.);
#4098=ORIENTED_EDGE('',*,*,#4472,.F.);
#4099=ORIENTED_EDGE('',*,*,#5296,.F.);
#4100=ORIENTED_EDGE('',*,*,#5297,.T.);
#4101=ORIENTED_EDGE('',*,*,#5298,.T.);
#4102=ORIENTED_EDGE('',*,*,#4473,.F.);
#4103=ORIENTED_EDGE('',*,*,#5298,.F.);
#4104=ORIENTED_EDGE('',*,*,#5299,.T.);
#4105=ORIENTED_EDGE('',*,*,#5300,.T.);
#4106=ORIENTED_EDGE('',*,*,#4474,.F.);
#4107=ORIENTED_EDGE('',*,*,#5300,.F.);
#4108=ORIENTED_EDGE('',*,*,#5301,.T.);
#4109=ORIENTED_EDGE('',*,*,#5302,.T.);
#4110=ORIENTED_EDGE('',*,*,#4475,.F.);
#4111=ORIENTED_EDGE('',*,*,#5302,.F.);
#4112=ORIENTED_EDGE('',*,*,#5303,.T.);
#4113=ORIENTED_EDGE('',*,*,#5304,.T.);
#4114=ORIENTED_EDGE('',*,*,#4476,.F.);
#4115=ORIENTED_EDGE('',*,*,#5304,.F.);
#4116=ORIENTED_EDGE('',*,*,#5305,.T.);
#4117=ORIENTED_EDGE('',*,*,#5268,.T.);
#4118=ORIENTED_EDGE('',*,*,#5269,.F.);
#4119=ORIENTED_EDGE('',*,*,#5305,.F.);
#4120=ORIENTED_EDGE('',*,*,#5303,.F.);
#4121=ORIENTED_EDGE('',*,*,#5301,.F.);
#4122=ORIENTED_EDGE('',*,*,#5299,.F.);
#4123=ORIENTED_EDGE('',*,*,#5297,.F.);
#4124=ORIENTED_EDGE('',*,*,#5295,.F.);
#4125=ORIENTED_EDGE('',*,*,#5293,.F.);
#4126=ORIENTED_EDGE('',*,*,#5291,.F.);
#4127=ORIENTED_EDGE('',*,*,#5289,.F.);
#4128=ORIENTED_EDGE('',*,*,#5287,.F.);
#4129=ORIENTED_EDGE('',*,*,#5285,.F.);
#4130=ORIENTED_EDGE('',*,*,#5283,.F.);
#4131=ORIENTED_EDGE('',*,*,#5281,.F.);
#4132=ORIENTED_EDGE('',*,*,#5279,.F.);
#4133=ORIENTED_EDGE('',*,*,#5277,.F.);
#4134=ORIENTED_EDGE('',*,*,#5275,.F.);
#4135=ORIENTED_EDGE('',*,*,#5273,.F.);
#4136=ORIENTED_EDGE('',*,*,#5271,.F.);
#4137=EDGE_CURVE('',#5306,#5307,#6088,.T.);
#4138=EDGE_CURVE('',#5307,#5308,#6089,.T.);
#4139=EDGE_CURVE('',#5308,#5309,#6090,.T.);
#4140=EDGE_CURVE('',#5309,#5310,#6091,.T.);
#4141=EDGE_CURVE('',#5310,#5311,#6092,.T.);
#4142=EDGE_CURVE('',#5311,#5312,#321,.T.);
#4143=EDGE_CURVE('',#5312,#5313,#322,.T.);
#4144=EDGE_CURVE('',#5313,#5314,#6093,.T.);
#4145=EDGE_CURVE('',#5314,#5315,#6094,.T.);
#4146=EDGE_CURVE('',#5315,#5316,#6095,.T.);
#4147=EDGE_CURVE('',#5316,#5317,#6096,.T.);
#4148=EDGE_CURVE('',#5317,#5318,#323,.T.);
#4149=EDGE_CURVE('',#5318,#5319,#6097,.T.);
#4150=EDGE_CURVE('',#5319,#5320,#6098,.T.);
#4151=EDGE_CURVE('',#5320,#5321,#6099,.T.);
#4152=EDGE_CURVE('',#5321,#5322,#6100,.T.);
#4153=EDGE_CURVE('',#5322,#5323,#324,.T.);
#4154=EDGE_CURVE('',#5323,#5324,#6101,.T.);
#4155=EDGE_CURVE('',#5324,#5325,#6102,.T.);
#4156=EDGE_CURVE('',#5325,#5326,#227,.T.);
#4157=EDGE_CURVE('',#5326,#5327,#325,.T.);
#4158=EDGE_CURVE('',#5327,#5328,#326,.T.);
#4159=EDGE_CURVE('',#5328,#5329,#228,.F.);
#4160=EDGE_CURVE('',#5329,#5330,#229,.F.);
#4161=EDGE_CURVE('',#5330,#5331,#230,.F.);
#4162=EDGE_CURVE('',#5331,#5332,#6103,.T.);
#4163=EDGE_CURVE('',#5332,#5333,#6104,.T.);
#4164=EDGE_CURVE('',#5333,#5306,#327,.T.);
#4165=EDGE_CURVE('',#5334,#5335,#328,.T.);
#4166=EDGE_CURVE('',#5335,#5336,#329,.T.);
#4167=EDGE_CURVE('',#5336,#5337,#330,.T.);
#4168=EDGE_CURVE('',#5337,#5334,#331,.T.);
#4169=EDGE_CURVE('',#5338,#5339,#332,.T.);
#4170=EDGE_CURVE('',#5339,#5340,#333,.T.);
#4171=EDGE_CURVE('',#5340,#5341,#334,.T.);
#4172=EDGE_CURVE('',#5341,#5342,#335,.T.);
#4173=EDGE_CURVE('',#5342,#5343,#336,.T.);
#4174=EDGE_CURVE('',#5343,#5344,#337,.T.);
#4175=EDGE_CURVE('',#5344,#5345,#338,.T.);
#4176=EDGE_CURVE('',#5345,#5346,#339,.T.);
#4177=EDGE_CURVE('',#5346,#5347,#340,.T.);
#4178=EDGE_CURVE('',#5347,#5338,#341,.T.);
#4179=EDGE_CURVE('',#5348,#5349,#342,.T.);
#4180=EDGE_CURVE('',#5349,#5350,#343,.T.);
#4181=EDGE_CURVE('',#5350,#5351,#6105,.T.);
#4182=EDGE_CURVE('',#5351,#5352,#6106,.T.);
#4183=EDGE_CURVE('',#5352,#5353,#6107,.T.);
#4184=EDGE_CURVE('',#5353,#5354,#344,.T.);
#4185=EDGE_CURVE('',#5354,#5355,#345,.T.);
#4186=EDGE_CURVE('',#5355,#5356,#346,.T.);
#4187=EDGE_CURVE('',#5356,#5357,#6108,.T.);
#4188=EDGE_CURVE('',#5357,#5358,#347,.T.);
#4189=EDGE_CURVE('',#5358,#5359,#6109,.T.);
#4190=EDGE_CURVE('',#5359,#5360,#348,.T.);
#4191=EDGE_CURVE('',#5360,#5361,#6110,.T.);
#4192=EDGE_CURVE('',#5361,#5362,#6111,.T.);
#4193=EDGE_CURVE('',#5362,#5363,#6112,.T.);
#4194=EDGE_CURVE('',#5363,#5364,#6113,.T.);
#4195=EDGE_CURVE('',#5364,#5348,#349,.T.);
#4196=EDGE_CURVE('',#5365,#5366,#350,.T.);
#4197=EDGE_CURVE('',#5366,#5367,#6114,.T.);
#4198=EDGE_CURVE('',#5367,#5368,#231,.F.);
#4199=EDGE_CURVE('',#5368,#5369,#351,.T.);
#4200=EDGE_CURVE('',#5369,#5370,#6115,.T.);
#4201=EDGE_CURVE('',#5370,#5371,#6116,.T.);
#4202=EDGE_CURVE('',#5371,#5372,#6117,.T.);
#4203=EDGE_CURVE('',#5372,#5373,#6118,.T.);
#4204=EDGE_CURVE('',#5373,#5374,#6119,.T.);
#4205=EDGE_CURVE('',#5374,#5375,#6120,.T.);
#4206=EDGE_CURVE('',#5375,#5376,#6121,.T.);
#4207=EDGE_CURVE('',#5376,#5377,#352,.T.);
#4208=EDGE_CURVE('',#5377,#5378,#353,.T.);
#4209=EDGE_CURVE('',#5378,#5379,#354,.T.);
#4210=EDGE_CURVE('',#5379,#5380,#355,.T.);
#4211=EDGE_CURVE('',#5380,#5381,#356,.T.);
#4212=EDGE_CURVE('',#5381,#5365,#232,.T.);
#4213=EDGE_CURVE('',#5382,#5383,#6122,.T.);
#4214=EDGE_CURVE('',#5383,#5384,#6123,.T.);
#4215=EDGE_CURVE('',#5384,#5385,#6124,.T.);
#4216=EDGE_CURVE('',#5385,#5386,#6125,.T.);
#4217=EDGE_CURVE('',#5386,#5387,#6126,.T.);
#4218=EDGE_CURVE('',#5387,#5388,#357,.T.);
#4219=EDGE_CURVE('',#5388,#5389,#358,.T.);
#4220=EDGE_CURVE('',#5389,#5390,#6127,.T.);
#4221=EDGE_CURVE('',#5390,#5391,#6128,.T.);
#4222=EDGE_CURVE('',#5391,#5392,#6129,.T.);
#4223=EDGE_CURVE('',#5392,#5393,#6130,.T.);
#4224=EDGE_CURVE('',#5393,#5394,#359,.T.);
#4225=EDGE_CURVE('',#5394,#5395,#6131,.T.);
#4226=EDGE_CURVE('',#5395,#5396,#6132,.T.);
#4227=EDGE_CURVE('',#5396,#5397,#6133,.T.);
#4228=EDGE_CURVE('',#5397,#5398,#6134,.T.);
#4229=EDGE_CURVE('',#5398,#5399,#360,.T.);
#4230=EDGE_CURVE('',#5399,#5400,#6135,.T.);
#4231=EDGE_CURVE('',#5400,#5401,#6136,.T.);
#4232=EDGE_CURVE('',#5401,#5402,#233,.T.);
#4233=EDGE_CURVE('',#5402,#5403,#361,.T.);
#4234=EDGE_CURVE('',#5403,#5404,#362,.T.);
#4235=EDGE_CURVE('',#5404,#5405,#234,.T.);
#4236=EDGE_CURVE('',#5405,#5406,#235,.F.);
#4237=EDGE_CURVE('',#5406,#5407,#236,.F.);
#4238=EDGE_CURVE('',#5407,#5408,#6137,.T.);
#4239=EDGE_CURVE('',#5408,#5409,#6138,.T.);
#4240=EDGE_CURVE('',#5409,#5382,#363,.T.);
#4241=EDGE_CURVE('',#5410,#5411,#6139,.T.);
#4242=EDGE_CURVE('',#5411,#5412,#6140,.T.);
#4243=EDGE_CURVE('',#5412,#5413,#6141,.T.);
#4244=EDGE_CURVE('',#5413,#5414,#6142,.T.);
#4245=EDGE_CURVE('',#5414,#5415,#6143,.T.);
#4246=EDGE_CURVE('',#5415,#5416,#6144,.T.);
#4247=EDGE_CURVE('',#5416,#5417,#6145,.T.);
#4248=EDGE_CURVE('',#5417,#5410,#6146,.T.);
#4249=EDGE_CURVE('',#5418,#5419,#364,.T.);
#4250=EDGE_CURVE('',#5419,#5420,#365,.T.);
#4251=EDGE_CURVE('',#5420,#5421,#6147,.T.);
#4252=EDGE_CURVE('',#5421,#5422,#6148,.T.);
#4253=EDGE_CURVE('',#5422,#5423,#6149,.T.);
#4254=EDGE_CURVE('',#5423,#5424,#366,.T.);
#4255=EDGE_CURVE('',#5424,#5425,#367,.T.);
#4256=EDGE_CURVE('',#5425,#5426,#368,.T.);
#4257=EDGE_CURVE('',#5426,#5427,#237,.T.);
#4258=EDGE_CURVE('',#5427,#5428,#238,.T.);
#4259=EDGE_CURVE('',#5428,#5429,#369,.T.);
#4260=EDGE_CURVE('',#5429,#5430,#6150,.T.);
#4261=EDGE_CURVE('',#5430,#5431,#239,.F.);
#4262=EDGE_CURVE('',#5431,#5432,#370,.T.);
#4263=EDGE_CURVE('',#5432,#5433,#6151,.T.);
#4264=EDGE_CURVE('',#5433,#5434,#6152,.T.);
#4265=EDGE_CURVE('',#5434,#5435,#6153,.T.);
#4266=EDGE_CURVE('',#5435,#5436,#6154,.T.);
#4267=EDGE_CURVE('',#5436,#5418,#371,.T.);
#4268=EDGE_CURVE('',#5437,#5438,#372,.T.);
#4269=EDGE_CURVE('',#5438,#5439,#373,.T.);
#4270=EDGE_CURVE('',#5439,#5440,#374,.T.);
#4271=EDGE_CURVE('',#5440,#5437,#375,.T.);
#4272=EDGE_CURVE('',#5441,#5442,#6155,.T.);
#4273=EDGE_CURVE('',#5442,#5443,#6156,.T.);
#4274=EDGE_CURVE('',#5443,#5444,#6157,.T.);
#4275=EDGE_CURVE('',#5444,#5445,#6158,.T.);
#4276=EDGE_CURVE('',#5445,#5446,#6159,.T.);
#4277=EDGE_CURVE('',#5446,#5447,#6160,.T.);
#4278=EDGE_CURVE('',#5447,#5448,#6161,.T.);
#4279=EDGE_CURVE('',#5448,#5449,#376,.T.);
#4280=EDGE_CURVE('',#5449,#5450,#6162,.T.);
#4281=EDGE_CURVE('',#5450,#5451,#6163,.T.);
#4282=EDGE_CURVE('',#5451,#5452,#6164,.T.);
#4283=EDGE_CURVE('',#5452,#5453,#6165,.T.);
#4284=EDGE_CURVE('',#5453,#5454,#6166,.T.);
#4285=EDGE_CURVE('',#5454,#5455,#6167,.T.);
#4286=EDGE_CURVE('',#5455,#5456,#377,.T.);
#4287=EDGE_CURVE('',#5456,#5457,#240,.F.);
#4288=EDGE_CURVE('',#5457,#5441,#241,.F.);
#4289=EDGE_CURVE('',#5458,#5459,#378,.T.);
#4290=EDGE_CURVE('',#5459,#5460,#6168,.T.);
#4291=EDGE_CURVE('',#5460,#5461,#6169,.T.);
#4292=EDGE_CURVE('',#5461,#5462,#6170,.T.);
#4293=EDGE_CURVE('',#5462,#5463,#6171,.T.);
#4294=EDGE_CURVE('',#5463,#5464,#379,.T.);
#4295=EDGE_CURVE('',#5464,#5465,#380,.T.);
#4296=EDGE_CURVE('',#5465,#5466,#381,.T.);
#4297=EDGE_CURVE('',#5466,#5467,#6172,.T.);
#4298=EDGE_CURVE('',#5467,#5468,#6173,.T.);
#4299=EDGE_CURVE('',#5468,#5469,#6174,.T.);
#4300=EDGE_CURVE('',#5469,#5470,#382,.T.);
#4301=EDGE_CURVE('',#5470,#5471,#383,.T.);
#4302=EDGE_CURVE('',#5471,#5472,#384,.T.);
#4303=EDGE_CURVE('',#5472,#5473,#385,.T.);
#4304=EDGE_CURVE('',#5473,#5474,#386,.T.);
#4305=EDGE_CURVE('',#5474,#5458,#242,.F.);
#4306=EDGE_CURVE('',#5475,#5475,#243,.T.);
#4307=EDGE_CURVE('',#5476,#5476,#244,.T.);
#4308=EDGE_CURVE('',#5477,#5477,#245,.T.);
#4309=EDGE_CURVE('',#5478,#5478,#246,.T.);
#4310=EDGE_CURVE('',#5479,#5480,#387,.T.);
#4311=EDGE_CURVE('',#5481,#5480,#247,.T.);
#4312=EDGE_CURVE('',#5482,#5481,#388,.T.);
#4313=EDGE_CURVE('',#5483,#5482,#248,.T.);
#4314=EDGE_CURVE('',#5484,#5483,#389,.T.);
#4315=EDGE_CURVE('',#5485,#5484,#249,.T.);
#4316=EDGE_CURVE('',#5485,#5486,#390,.T.);
#4317=EDGE_CURVE('',#5479,#5486,#250,.T.);
#4318=EDGE_CURVE('',#5487,#5488,#6175,.T.);
#4319=EDGE_CURVE('',#5488,#5489,#6176,.T.);
#4320=EDGE_CURVE('',#5489,#5490,#6177,.T.);
#4321=EDGE_CURVE('',#5490,#5491,#391,.T.);
#4322=EDGE_CURVE('',#5491,#5492,#392,.T.);
#4323=EDGE_CURVE('',#5492,#5493,#393,.T.);
#4324=EDGE_CURVE('',#5493,#5494,#394,.T.);
#4325=EDGE_CURVE('',#5494,#5495,#395,.T.);
#4326=EDGE_CURVE('',#5495,#5496,#396,.T.);
#4327=EDGE_CURVE('',#5496,#5497,#397,.T.);
#4328=EDGE_CURVE('',#5497,#5498,#398,.T.);
#4329=EDGE_CURVE('',#5498,#5499,#399,.T.);
#4330=EDGE_CURVE('',#5499,#5500,#400,.T.);
#4331=EDGE_CURVE('',#5500,#5501,#401,.T.);
#4332=EDGE_CURVE('',#5501,#5502,#6178,.T.);
#4333=EDGE_CURVE('',#5502,#5503,#6179,.T.);
#4334=EDGE_CURVE('',#5503,#5504,#6180,.T.);
#4335=EDGE_CURVE('',#5504,#5487,#402,.T.);
#4336=EDGE_CURVE('',#5505,#5506,#403,.T.);
#4337=EDGE_CURVE('',#5506,#5507,#6181,.T.);
#4338=EDGE_CURVE('',#5507,#5508,#6182,.T.);
#4339=EDGE_CURVE('',#5508,#5509,#6183,.T.);
#4340=EDGE_CURVE('',#5509,#5510,#6184,.T.);
#4341=EDGE_CURVE('',#5510,#5511,#404,.T.);
#4342=EDGE_CURVE('',#5511,#5512,#405,.T.);
#4343=EDGE_CURVE('',#5512,#5513,#406,.T.);
#4344=EDGE_CURVE('',#5513,#5514,#6185,.T.);
#4345=EDGE_CURVE('',#5514,#5515,#6186,.T.);
#4346=EDGE_CURVE('',#5515,#5516,#6187,.T.);
#4347=EDGE_CURVE('',#5516,#5517,#407,.T.);
#4348=EDGE_CURVE('',#5517,#5518,#408,.T.);
#4349=EDGE_CURVE('',#5518,#5519,#409,.T.);
#4350=EDGE_CURVE('',#5519,#5520,#410,.T.);
#4351=EDGE_CURVE('',#5520,#5521,#411,.T.);
#4352=EDGE_CURVE('',#5521,#5505,#251,.F.);
#4353=EDGE_CURVE('',#5522,#5523,#412,.T.);
#4354=EDGE_CURVE('',#5523,#5524,#413,.T.);
#4355=EDGE_CURVE('',#5524,#5525,#414,.T.);
#4356=EDGE_CURVE('',#5525,#5522,#415,.T.);
#4357=EDGE_CURVE('',#5526,#5527,#6188,.T.);
#4358=EDGE_CURVE('',#5527,#5528,#6189,.T.);
#4359=EDGE_CURVE('',#5528,#5529,#6190,.T.);
#4360=EDGE_CURVE('',#5529,#5530,#416,.T.);
#4361=EDGE_CURVE('',#5530,#5531,#6191,.T.);
#4362=EDGE_CURVE('',#5531,#5532,#252,.T.);
#4363=EDGE_CURVE('',#5532,#5533,#417,.T.);
#4364=EDGE_CURVE('',#5533,#5534,#6192,.T.);
#4365=EDGE_CURVE('',#5534,#5535,#6193,.T.);
#4366=EDGE_CURVE('',#5535,#5536,#6194,.T.);
#4367=EDGE_CURVE('',#5536,#5537,#253,.T.);
#4368=EDGE_CURVE('',#5537,#5538,#6195,.T.);
#4369=EDGE_CURVE('',#5538,#5539,#6196,.T.);
#4370=EDGE_CURVE('',#5539,#5540,#6197,.T.);
#4371=EDGE_CURVE('',#5540,#5541,#6198,.T.);
#4372=EDGE_CURVE('',#5541,#5542,#418,.T.);
#4373=EDGE_CURVE('',#5542,#5543,#6199,.T.);
#4374=EDGE_CURVE('',#5543,#5544,#6200,.T.);
#4375=EDGE_CURVE('',#5544,#5526,#6201,.T.);
#4376=EDGE_CURVE('',#5545,#5546,#419,.T.);
#4377=EDGE_CURVE('',#5546,#5547,#420,.T.);
#4378=EDGE_CURVE('',#5547,#5548,#421,.T.);
#4379=EDGE_CURVE('',#5548,#5545,#422,.T.);
#4380=EDGE_CURVE('',#5549,#5550,#6202,.T.);
#4381=EDGE_CURVE('',#5550,#5551,#6203,.T.);
#4382=EDGE_CURVE('',#5551,#5552,#6204,.T.);
#4383=EDGE_CURVE('',#5552,#5553,#6205,.T.);
#4384=EDGE_CURVE('',#5553,#5554,#6206,.T.);
#4385=EDGE_CURVE('',#5554,#5555,#423,.T.);
#4386=EDGE_CURVE('',#5555,#5556,#424,.T.);
#4387=EDGE_CURVE('',#5556,#5557,#6207,.T.);
#4388=EDGE_CURVE('',#5557,#5558,#6208,.T.);
#4389=EDGE_CURVE('',#5558,#5559,#6209,.T.);
#4390=EDGE_CURVE('',#5559,#5560,#6210,.T.);
#4391=EDGE_CURVE('',#5560,#5561,#425,.T.);
#4392=EDGE_CURVE('',#5561,#5562,#6211,.T.);
#4393=EDGE_CURVE('',#5562,#5563,#6212,.T.);
#4394=EDGE_CURVE('',#5563,#5564,#6213,.T.);
#4395=EDGE_CURVE('',#5564,#5565,#6214,.T.);
#4396=EDGE_CURVE('',#5565,#5566,#426,.T.);
#4397=EDGE_CURVE('',#5566,#5567,#6215,.T.);
#4398=EDGE_CURVE('',#5567,#5568,#6216,.T.);
#4399=EDGE_CURVE('',#5568,#5569,#254,.T.);
#4400=EDGE_CURVE('',#5569,#5570,#427,.T.);
#4401=EDGE_CURVE('',#5570,#5571,#428,.T.);
#4402=EDGE_CURVE('',#5571,#5572,#255,.T.);
#4403=EDGE_CURVE('',#5572,#5573,#256,.F.);
#4404=EDGE_CURVE('',#5573,#5574,#257,.F.);
#4405=EDGE_CURVE('',#5574,#5575,#6217,.T.);
#4406=EDGE_CURVE('',#5575,#5576,#6218,.T.);
#4407=EDGE_CURVE('',#5576,#5549,#429,.T.);
#4408=EDGE_CURVE('',#5577,#5578,#430,.T.);
#4409=EDGE_CURVE('',#5578,#5579,#431,.T.);
#4410=EDGE_CURVE('',#5579,#5580,#432,.T.);
#4411=EDGE_CURVE('',#5580,#5581,#6219,.T.);
#4412=EDGE_CURVE('',#5581,#5582,#433,.T.);
#4413=EDGE_CURVE('',#5582,#5583,#434,.T.);
#4414=EDGE_CURVE('',#5583,#5584,#435,.T.);
#4415=EDGE_CURVE('',#5584,#5585,#436,.T.);
#4416=EDGE_CURVE('',#5585,#5586,#437,.T.);
#4417=EDGE_CURVE('',#5586,#5587,#438,.T.);
#4418=EDGE_CURVE('',#5587,#5588,#439,.T.);
#4419=EDGE_CURVE('',#5588,#5589,#440,.T.);
#4420=EDGE_CURVE('',#5589,#5590,#441,.T.);
#4421=EDGE_CURVE('',#5590,#5591,#442,.T.);
#4422=EDGE_CURVE('',#5591,#5592,#443,.T.);
#4423=EDGE_CURVE('',#5592,#5593,#6220,.T.);
#4424=EDGE_CURVE('',#5593,#5594,#444,.T.);
#4425=EDGE_CURVE('',#5594,#5595,#445,.T.);
#4426=EDGE_CURVE('',#5595,#5577,#446,.T.);
#4427=EDGE_CURVE('',#5596,#5597,#447,.T.);
#4428=EDGE_CURVE('',#5597,#5598,#448,.T.);
#4429=EDGE_CURVE('',#5598,#5599,#449,.T.);
#4430=EDGE_CURVE('',#5599,#5600,#450,.T.);
#4431=EDGE_CURVE('',#5600,#5601,#451,.T.);
#4432=EDGE_CURVE('',#5601,#5602,#452,.T.);
#4433=EDGE_CURVE('',#5602,#5603,#453,.T.);
#4434=EDGE_CURVE('',#5603,#5604,#454,.T.);
#4435=EDGE_CURVE('',#5604,#5605,#455,.T.);
#4436=EDGE_CURVE('',#5605,#5596,#456,.T.);
#4437=EDGE_CURVE('',#5606,#5607,#457,.T.);
#4438=EDGE_CURVE('',#5607,#5608,#6221,.T.);
#4439=EDGE_CURVE('',#5608,#5609,#6222,.T.);
#4440=EDGE_CURVE('',#5609,#5610,#6223,.T.);
#4441=EDGE_CURVE('',#5610,#5611,#6224,.T.);
#4442=EDGE_CURVE('',#5611,#5612,#458,.T.);
#4443=EDGE_CURVE('',#5612,#5613,#459,.T.);
#4444=EDGE_CURVE('',#5613,#5614,#460,.T.);
#4445=EDGE_CURVE('',#5614,#5615,#6225,.T.);
#4446=EDGE_CURVE('',#5615,#5616,#6226,.T.);
#4447=EDGE_CURVE('',#5616,#5617,#6227,.T.);
#4448=EDGE_CURVE('',#5617,#5618,#461,.T.);
#4449=EDGE_CURVE('',#5618,#5619,#462,.T.);
#4450=EDGE_CURVE('',#5619,#5620,#463,.T.);
#4451=EDGE_CURVE('',#5620,#5621,#464,.T.);
#4452=EDGE_CURVE('',#5621,#5622,#465,.T.);
#4453=EDGE_CURVE('',#5622,#5606,#258,.F.);
#4454=EDGE_CURVE('',#5623,#5624,#466,.T.);
#4455=EDGE_CURVE('',#5624,#5625,#467,.T.);
#4456=EDGE_CURVE('',#5625,#5626,#468,.T.);
#4457=EDGE_CURVE('',#5626,#5623,#469,.T.);
#4458=EDGE_CURVE('',#5627,#5628,#470,.T.);
#4459=EDGE_CURVE('',#5628,#5629,#471,.T.);
#4460=EDGE_CURVE('',#5629,#5630,#472,.T.);
#4461=EDGE_CURVE('',#5630,#5631,#6228,.T.);
#4462=EDGE_CURVE('',#5631,#5632,#473,.T.);
#4463=EDGE_CURVE('',#5632,#5633,#474,.T.);
#4464=EDGE_CURVE('',#5633,#5634,#475,.T.);
#4465=EDGE_CURVE('',#5634,#5635,#476,.T.);
#4466=EDGE_CURVE('',#5635,#5636,#477,.T.);
#4467=EDGE_CURVE('',#5636,#5637,#478,.T.);
#4468=EDGE_CURVE('',#5637,#5638,#479,.T.);
#4469=EDGE_CURVE('',#5638,#5639,#480,.T.);
#4470=EDGE_CURVE('',#5639,#5640,#481,.T.);
#4471=EDGE_CURVE('',#5640,#5641,#482,.T.);
#4472=EDGE_CURVE('',#5641,#5642,#483,.T.);
#4473=EDGE_CURVE('',#5642,#5643,#6229,.T.);
#4474=EDGE_CURVE('',#5643,#5644,#484,.T.);
#4475=EDGE_CURVE('',#5644,#5645,#485,.T.);
#4476=EDGE_CURVE('',#5645,#5627,#486,.T.);
#4477=EDGE_CURVE('',#5646,#5647,#487,.T.);
#4478=EDGE_CURVE('',#5647,#5648,#488,.T.);
#4479=EDGE_CURVE('',#5649,#5648,#489,.T.);
#4480=EDGE_CURVE('',#5646,#5649,#490,.T.);
#4481=EDGE_CURVE('',#5650,#5651,#491,.T.);
#4482=EDGE_CURVE('',#5651,#5652,#492,.T.);
#4483=EDGE_CURVE('',#5653,#5652,#493,.T.);
#4484=EDGE_CURVE('',#5650,#5653,#494,.T.);
#4485=EDGE_CURVE('',#5654,#5655,#495,.T.);
#4486=EDGE_CURVE('',#5656,#5654,#496,.T.);
#4487=EDGE_CURVE('',#5656,#5657,#497,.T.);
#4488=EDGE_CURVE('',#5657,#5655,#498,.T.);
#4489=EDGE_CURVE('',#5658,#5659,#499,.T.);
#4490=EDGE_CURVE('',#5660,#5658,#500,.T.);
#4491=EDGE_CURVE('',#5660,#5661,#501,.T.);
#4492=EDGE_CURVE('',#5661,#5659,#502,.T.);
#4493=EDGE_CURVE('',#5647,#5652,#259,.T.);
#4494=EDGE_CURVE('',#5646,#5653,#260,.T.);
#4495=EDGE_CURVE('',#5659,#5648,#261,.T.);
#4496=EDGE_CURVE('',#5661,#5649,#262,.T.);
#4497=EDGE_CURVE('',#5655,#5658,#263,.T.);
#4498=EDGE_CURVE('',#5657,#5660,#264,.T.);
#4499=EDGE_CURVE('',#5651,#5654,#265,.T.);
#4500=EDGE_CURVE('',#5650,#5656,#266,.T.);
#4501=EDGE_CURVE('',#5662,#5479,#503,.T.);
#4502=EDGE_CURVE('',#5662,#5663,#504,.T.);
#4503=EDGE_CURVE('',#5663,#5480,#505,.T.);
#4504=EDGE_CURVE('',#5664,#5486,#506,.T.);
#4505=EDGE_CURVE('',#5662,#5664,#267,.T.);
#4506=EDGE_CURVE('',#5665,#5485,#507,.T.);
#4507=EDGE_CURVE('',#5665,#5664,#508,.T.);
#4508=EDGE_CURVE('',#5666,#5484,#509,.T.);
#4509=EDGE_CURVE('',#5665,#5666,#268,.T.);
#4510=EDGE_CURVE('',#5667,#5483,#510,.T.);
#4511=EDGE_CURVE('',#5666,#5667,#511,.T.);
#4512=EDGE_CURVE('',#5668,#5482,#512,.T.);
#4513=EDGE_CURVE('',#5667,#5668,#269,.T.);
#4514=EDGE_CURVE('',#5669,#5481,#513,.T.);
#4515=EDGE_CURVE('',#5668,#5669,#514,.T.);
#4516=EDGE_CURVE('',#5670,#5670,#270,.T.);
#4517=EDGE_CURVE('',#5671,#5671,#271,.T.);
#4518=EDGE_CURVE('',#5672,#5672,#272,.T.);
#4519=EDGE_CURVE('',#5673,#5673,#273,.T.);
#4520=EDGE_CURVE('',#5669,#5663,#274,.T.);
#4521=EDGE_CURVE('',#5674,#5458,#515,.T.);
#4522=EDGE_CURVE('',#5674,#5675,#516,.T.);
#4523=EDGE_CURVE('',#5675,#5459,#517,.T.);
#4524=EDGE_CURVE('',#5675,#5676,#6230,.T.);
#4525=EDGE_CURVE('',#5676,#5460,#518,.T.);
#4526=EDGE_CURVE('',#5676,#5677,#6231,.T.);
#4527=EDGE_CURVE('',#5677,#5461,#519,.T.);
#4528=EDGE_CURVE('',#5677,#5678,#6232,.T.);
#4529=EDGE_CURVE('',#5678,#5462,#520,.T.);
#4530=EDGE_CURVE('',#5678,#5679,#6233,.T.);
#4531=EDGE_CURVE('',#5679,#5463,#521,.T.);
#4532=EDGE_CURVE('',#5679,#5680,#522,.T.);
#4533=EDGE_CURVE('',#5680,#5464,#523,.T.);
#4534=EDGE_CURVE('',#5680,#5681,#524,.T.);
#4535=EDGE_CURVE('',#5681,#5465,#525,.T.);
#4536=EDGE_CURVE('',#5681,#5682,#526,.T.);
#4537=EDGE_CURVE('',#5682,#5466,#527,.T.);
#4538=EDGE_CURVE('',#5682,#5683,#6234,.T.);
#4539=EDGE_CURVE('',#5683,#5467,#528,.T.);
#4540=EDGE_CURVE('',#5683,#5684,#6235,.T.);
#4541=EDGE_CURVE('',#5684,#5468,#529,.T.);
#4542=EDGE_CURVE('',#5684,#5685,#6236,.T.);
#4543=EDGE_CURVE('',#5685,#5469,#530,.T.);
#4544=EDGE_CURVE('',#5685,#5686,#531,.T.);
#4545=EDGE_CURVE('',#5686,#5470,#532,.T.);
#4546=EDGE_CURVE('',#5686,#5687,#533,.T.);
#4547=EDGE_CURVE('',#5687,#5471,#534,.T.);
#4548=EDGE_CURVE('',#5687,#5688,#535,.T.);
#4549=EDGE_CURVE('',#5688,#5472,#536,.T.);
#4550=EDGE_CURVE('',#5688,#5689,#537,.T.);
#4551=EDGE_CURVE('',#5689,#5473,#538,.T.);
#4552=EDGE_CURVE('',#5689,#5690,#539,.T.);
#4553=EDGE_CURVE('',#5690,#5474,#540,.T.);
#4554=EDGE_CURVE('',#5690,#5674,#275,.F.);
#4555=EDGE_CURVE('',#5691,#5487,#541,.T.);
#4556=EDGE_CURVE('',#5691,#5692,#6237,.T.);
#4557=EDGE_CURVE('',#5692,#5488,#542,.T.);
#4558=EDGE_CURVE('',#5692,#5693,#6238,.T.);
#4559=EDGE_CURVE('',#5693,#5489,#543,.T.);
#4560=EDGE_CURVE('',#5693,#5694,#6239,.T.);
#4561=EDGE_CURVE('',#5694,#5490,#544,.T.);
#4562=EDGE_CURVE('',#5694,#5695,#545,.T.);
#4563=EDGE_CURVE('',#5695,#5491,#546,.T.);
#4564=EDGE_CURVE('',#5695,#5696,#547,.T.);
#4565=EDGE_CURVE('',#5696,#5492,#548,.T.);
#4566=EDGE_CURVE('',#5696,#5697,#549,.T.);
#4567=EDGE_CURVE('',#5697,#5493,#550,.T.);
#4568=EDGE_CURVE('',#5697,#5698,#551,.T.);
#4569=EDGE_CURVE('',#5698,#5494,#552,.T.);
#4570=EDGE_CURVE('',#5698,#5699,#553,.T.);
#4571=EDGE_CURVE('',#5699,#5495,#554,.T.);
#4572=EDGE_CURVE('',#5699,#5700,#555,.T.);
#4573=EDGE_CURVE('',#5700,#5496,#556,.T.);
#4574=EDGE_CURVE('',#5700,#5701,#557,.T.);
#4575=EDGE_CURVE('',#5701,#5497,#558,.T.);
#4576=EDGE_CURVE('',#5701,#5702,#559,.T.);
#4577=EDGE_CURVE('',#5702,#5498,#560,.T.);
#4578=EDGE_CURVE('',#5702,#5703,#561,.T.);
#4579=EDGE_CURVE('',#5703,#5499,#562,.T.);
#4580=EDGE_CURVE('',#5703,#5704,#563,.T.);
#4581=EDGE_CURVE('',#5704,#5500,#564,.T.);
#4582=EDGE_CURVE('',#5704,#5705,#565,.T.);
#4583=EDGE_CURVE('',#5705,#5501,#566,.T.);
#4584=EDGE_CURVE('',#5705,#5706,#6240,.T.);
#4585=EDGE_CURVE('',#5706,#5502,#567,.T.);
#4586=EDGE_CURVE('',#5706,#5707,#6241,.T.);
#4587=EDGE_CURVE('',#5707,#5503,#568,.T.);
#4588=EDGE_CURVE('',#5707,#5708,#6242,.T.);
#4589=EDGE_CURVE('',#5708,#5504,#569,.T.);
#4590=EDGE_CURVE('',#5708,#5691,#570,.T.);
#4591=EDGE_CURVE('',#5709,#5441,#571,.T.);
#4592=EDGE_CURVE('',#5709,#5710,#6243,.T.);
#4593=EDGE_CURVE('',#5710,#5442,#572,.T.);
#4594=EDGE_CURVE('',#5710,#5711,#6244,.T.);
#4595=EDGE_CURVE('',#5711,#5443,#573,.T.);
#4596=EDGE_CURVE('',#5711,#5712,#6245,.T.);
#4597=EDGE_CURVE('',#5712,#5444,#574,.T.);
#4598=EDGE_CURVE('',#5712,#5713,#6246,.T.);
#4599=EDGE_CURVE('',#5713,#5445,#575,.T.);
#4600=EDGE_CURVE('',#5713,#5714,#6247,.T.);
#4601=EDGE_CURVE('',#5714,#5446,#576,.T.);
#4602=EDGE_CURVE('',#5714,#5715,#6248,.T.);
#4603=EDGE_CURVE('',#5715,#5447,#577,.T.);
#4604=EDGE_CURVE('',#5715,#5716,#6249,.T.);
#4605=EDGE_CURVE('',#5716,#5448,#578,.T.);
#4606=EDGE_CURVE('',#5716,#5717,#579,.T.);
#4607=EDGE_CURVE('',#5717,#5449,#580,.T.);
#4608=EDGE_CURVE('',#5717,#5718,#6250,.T.);
#4609=EDGE_CURVE('',#5718,#5450,#581,.T.);
#4610=EDGE_CURVE('',#5718,#5719,#6251,.T.);
#4611=EDGE_CURVE('',#5719,#5451,#582,.T.);
#4612=EDGE_CURVE('',#5719,#5720,#6252,.T.);
#4613=EDGE_CURVE('',#5720,#5452,#583,.T.);
#4614=EDGE_CURVE('',#5720,#5721,#6253,.T.);
#4615=EDGE_CURVE('',#5721,#5453,#584,.T.);
#4616=EDGE_CURVE('',#5721,#5722,#6254,.T.);
#4617=EDGE_CURVE('',#5722,#5454,#585,.T.);
#4618=EDGE_CURVE('',#5722,#5723,#6255,.T.);
#4619=EDGE_CURVE('',#5723,#5455,#586,.T.);
#4620=EDGE_CURVE('',#5723,#5724,#587,.T.);
#4621=EDGE_CURVE('',#5724,#5456,#588,.T.);
#4622=EDGE_CURVE('',#5724,#5725,#276,.F.);
#4623=EDGE_CURVE('',#5725,#5457,#589,.T.);
#4624=EDGE_CURVE('',#5725,#5709,#277,.F.);
#4625=EDGE_CURVE('',#5726,#5505,#590,.T.);
#4626=EDGE_CURVE('',#5726,#5727,#591,.T.);
#4627=EDGE_CURVE('',#5727,#5506,#592,.T.);
#4628=EDGE_CURVE('',#5727,#5728,#6256,.T.);
#4629=EDGE_CURVE('',#5728,#5507,#593,.T.);
#4630=EDGE_CURVE('',#5728,#5729,#6257,.T.);
#4631=EDGE_CURVE('',#5729,#5508,#594,.T.);
#4632=EDGE_CURVE('',#5729,#5730,#6258,.T.);
#4633=EDGE_CURVE('',#5730,#5509,#595,.T.);
#4634=EDGE_CURVE('',#5730,#5731,#6259,.T.);
#4635=EDGE_CURVE('',#5731,#5510,#596,.T.);
#4636=EDGE_CURVE('',#5731,#5732,#597,.T.);
#4637=EDGE_CURVE('',#5732,#5511,#598,.T.);
#4638=EDGE_CURVE('',#5732,#5733,#599,.T.);
#4639=EDGE_CURVE('',#5733,#5512,#600,.T.);
#4640=EDGE_CURVE('',#5733,#5734,#601,.T.);
#4641=EDGE_CURVE('',#5734,#5513,#602,.T.);
#4642=EDGE_CURVE('',#5734,#5735,#6260,.T.);
#4643=EDGE_CURVE('',#5735,#5514,#603,.T.);
#4644=EDGE_CURVE('',#5735,#5736,#6261,.T.);
#4645=EDGE_CURVE('',#5736,#5515,#604,.T.);
#4646=EDGE_CURVE('',#5736,#5737,#6262,.T.);
#4647=EDGE_CURVE('',#5737,#5516,#605,.T.);
#4648=EDGE_CURVE('',#5737,#5738,#606,.T.);
#4649=EDGE_CURVE('',#5738,#5517,#607,.T.);
#4650=EDGE_CURVE('',#5738,#5739,#608,.T.);
#4651=EDGE_CURVE('',#5739,#5518,#609,.T.);
#4652=EDGE_CURVE('',#5739,#5740,#610,.T.);
#4653=EDGE_CURVE('',#5740,#5519,#611,.T.);
#4654=EDGE_CURVE('',#5740,#5741,#612,.T.);
#4655=EDGE_CURVE('',#5741,#5520,#613,.T.);
#4656=EDGE_CURVE('',#5741,#5742,#614,.T.);
#4657=EDGE_CURVE('',#5742,#5521,#615,.T.);
#4658=EDGE_CURVE('',#5742,#5726,#278,.F.);
#4659=EDGE_CURVE('',#5743,#5437,#616,.T.);
#4660=EDGE_CURVE('',#5743,#5744,#617,.T.);
#4661=EDGE_CURVE('',#5744,#5438,#618,.T.);
#4662=EDGE_CURVE('',#5744,#5745,#619,.T.);
#4663=EDGE_CURVE('',#5745,#5439,#620,.T.);
#4664=EDGE_CURVE('',#5745,#5746,#621,.T.);
#4665=EDGE_CURVE('',#5746,#5440,#622,.T.);
#4666=EDGE_CURVE('',#5746,#5743,#623,.T.);
#4667=EDGE_CURVE('',#5747,#5522,#624,.T.);
#4668=EDGE_CURVE('',#5747,#5748,#625,.T.);
#4669=EDGE_CURVE('',#5748,#5523,#626,.T.);
#4670=EDGE_CURVE('',#5748,#5749,#627,.T.);
#4671=EDGE_CURVE('',#5749,#5524,#628,.T.);
#4672=EDGE_CURVE('',#5749,#5750,#629,.T.);
#4673=EDGE_CURVE('',#5750,#5525,#630,.T.);
#4674=EDGE_CURVE('',#5750,#5747,#631,.T.);
#4675=EDGE_CURVE('',#5751,#5418,#632,.T.);
#4676=EDGE_CURVE('',#5751,#5752,#633,.T.);
#4677=EDGE_CURVE('',#5752,#5419,#634,.T.);
#4678=EDGE_CURVE('',#5752,#5753,#635,.T.);
#4679=EDGE_CURVE('',#5753,#5420,#636,.T.);
#4680=EDGE_CURVE('',#5753,#5754,#6263,.T.);
#4681=EDGE_CURVE('',#5754,#5421,#637,.T.);
#4682=EDGE_CURVE('',#5754,#5755,#6264,.T.);
#4683=EDGE_CURVE('',#5755,#5422,#638,.T.);
#4684=EDGE_CURVE('',#5755,#5756,#6265,.T.);
#4685=EDGE_CURVE('',#5756,#5423,#639,.T.);
#4686=EDGE_CURVE('',#5756,#5757,#640,.T.);
#4687=EDGE_CURVE('',#5757,#5424,#641,.T.);
#4688=EDGE_CURVE('',#5757,#5758,#642,.T.);
#4689=EDGE_CURVE('',#5758,#5425,#643,.T.);
#4690=EDGE_CURVE('',#5758,#5759,#644,.T.);
#4691=EDGE_CURVE('',#5759,#5426,#645,.T.);
#4692=EDGE_CURVE('',#5759,#5760,#279,.T.);
#4693=EDGE_CURVE('',#5760,#5427,#646,.T.);
#4694=EDGE_CURVE('',#5760,#5761,#280,.T.);
#4695=EDGE_CURVE('',#5761,#5428,#647,.T.);
#4696=EDGE_CURVE('',#5761,#5762,#648,.T.);
#4697=EDGE_CURVE('',#5762,#5429,#649,.T.);
#4698=EDGE_CURVE('',#5762,#5763,#6266,.T.);
#4699=EDGE_CURVE('',#5763,#5430,#650,.T.);
#4700=EDGE_CURVE('',#5763,#5764,#281,.F.);
#4701=EDGE_CURVE('',#5764,#5431,#651,.T.);
#4702=EDGE_CURVE('',#5764,#5765,#652,.T.);
#4703=EDGE_CURVE('',#5765,#5432,#653,.T.);
#4704=EDGE_CURVE('',#5765,#5766,#6267,.T.);
#4705=EDGE_CURVE('',#5766,#5433,#654,.T.);
#4706=EDGE_CURVE('',#5766,#5767,#6268,.T.);
#4707=EDGE_CURVE('',#5767,#5434,#655,.T.);
#4708=EDGE_CURVE('',#5767,#5768,#6269,.T.);
#4709=EDGE_CURVE('',#5768,#5435,#656,.T.);
#4710=EDGE_CURVE('',#5768,#5769,#6270,.T.);
#4711=EDGE_CURVE('',#5769,#5436,#657,.T.);
#4712=EDGE_CURVE('',#5769,#5751,#658,.T.);
#4713=EDGE_CURVE('',#5770,#5526,#659,.T.);
#4714=EDGE_CURVE('',#5770,#5771,#6271,.T.);
#4715=EDGE_CURVE('',#5771,#5527,#660,.T.);
#4716=EDGE_CURVE('',#5771,#5772,#6272,.T.);
#4717=EDGE_CURVE('',#5772,#5528,#661,.T.);
#4718=EDGE_CURVE('',#5772,#5773,#6273,.T.);
#4719=EDGE_CURVE('',#5773,#5529,#662,.T.);
#4720=EDGE_CURVE('',#5773,#5774,#663,.T.);
#4721=EDGE_CURVE('',#5774,#5530,#664,.T.);
#4722=EDGE_CURVE('',#5774,#5775,#6274,.T.);
#4723=EDGE_CURVE('',#5775,#5531,#665,.T.);
#4724=EDGE_CURVE('',#5775,#5776,#282,.T.);
#4725=EDGE_CURVE('',#5776,#5532,#666,.T.);
#4726=EDGE_CURVE('',#5776,#5777,#667,.T.);
#4727=EDGE_CURVE('',#5777,#5533,#668,.T.);
#4728=EDGE_CURVE('',#5777,#5778,#6275,.T.);
#4729=EDGE_CURVE('',#5778,#5534,#669,.T.);
#4730=EDGE_CURVE('',#5778,#5779,#6276,.T.);
#4731=EDGE_CURVE('',#5779,#5535,#670,.T.);
#4732=EDGE_CURVE('',#5779,#5780,#6277,.T.);
#4733=EDGE_CURVE('',#5780,#5536,#671,.T.);
#4734=EDGE_CURVE('',#5780,#5781,#283,.T.);
#4735=EDGE_CURVE('',#5781,#5537,#672,.T.);
#4736=EDGE_CURVE('',#5781,#5782,#6278,.T.);
#4737=EDGE_CURVE('',#5782,#5538,#673,.T.);
#4738=EDGE_CURVE('',#5782,#5783,#6279,.T.);
#4739=EDGE_CURVE('',#5783,#5539,#674,.T.);
#4740=EDGE_CURVE('',#5783,#5784,#6280,.T.);
#4741=EDGE_CURVE('',#5784,#5540,#675,.T.);
#4742=EDGE_CURVE('',#5784,#5785,#6281,.T.);
#4743=EDGE_CURVE('',#5785,#5541,#676,.T.);
#4744=EDGE_CURVE('',#5785,#5786,#677,.T.);
#4745=EDGE_CURVE('',#5786,#5542,#678,.T.);
#4746=EDGE_CURVE('',#5786,#5787,#6282,.T.);
#4747=EDGE_CURVE('',#5787,#5543,#679,.T.);
#4748=EDGE_CURVE('',#5787,#5788,#6283,.T.);
#4749=EDGE_CURVE('',#5788,#5544,#680,.T.);
#4750=EDGE_CURVE('',#5788,#5770,#6284,.T.);
#4751=EDGE_CURVE('',#5789,#5410,#681,.T.);
#4752=EDGE_CURVE('',#5789,#5790,#6285,.T.);
#4753=EDGE_CURVE('',#5790,#5411,#682,.T.);
#4754=EDGE_CURVE('',#5790,#5791,#6286,.T.);
#4755=EDGE_CURVE('',#5791,#5412,#683,.T.);
#4756=EDGE_CURVE('',#5791,#5792,#6287,.T.);
#4757=EDGE_CURVE('',#5792,#5413,#684,.T.);
#4758=EDGE_CURVE('',#5792,#5793,#6288,.T.);
#4759=EDGE_CURVE('',#5793,#5414,#685,.T.);
#4760=EDGE_CURVE('',#5793,#5794,#6289,.T.);
#4761=EDGE_CURVE('',#5794,#5415,#686,.T.);
#4762=EDGE_CURVE('',#5794,#5795,#6290,.T.);
#4763=EDGE_CURVE('',#5795,#5416,#687,.T.);
#4764=EDGE_CURVE('',#5795,#5796,#6291,.T.);
#4765=EDGE_CURVE('',#5796,#5417,#688,.T.);
#4766=EDGE_CURVE('',#5797,#5798,#6292,.T.);
#4767=EDGE_CURVE('',#5799,#5797,#689,.T.);
#4768=EDGE_CURVE('',#5799,#5800,#6293,.T.);
#4769=EDGE_CURVE('',#5800,#5798,#690,.T.);
#4770=EDGE_CURVE('',#5798,#5801,#6294,.T.);
#4771=EDGE_CURVE('',#5800,#5802,#6295,.T.);
#4772=EDGE_CURVE('',#5802,#5801,#691,.T.);
#4773=EDGE_CURVE('',#5801,#5803,#6296,.T.);
#4774=EDGE_CURVE('',#5802,#5804,#6297,.T.);
#4775=EDGE_CURVE('',#5804,#5803,#692,.T.);
#4776=EDGE_CURVE('',#5803,#5805,#6298,.T.);
#4777=EDGE_CURVE('',#5804,#5806,#6299,.T.);
#4778=EDGE_CURVE('',#5806,#5805,#693,.T.);
#4779=EDGE_CURVE('',#5805,#5807,#6300,.T.);
#4780=EDGE_CURVE('',#5806,#5808,#6301,.T.);
#4781=EDGE_CURVE('',#5808,#5807,#694,.T.);
#4782=EDGE_CURVE('',#5807,#5797,#6302,.T.);
#4783=EDGE_CURVE('',#5808,#5799,#6303,.T.);
#4784=EDGE_CURVE('',#5796,#5789,#6304,.T.);
#4785=EDGE_CURVE('',#5809,#5545,#695,.T.);
#4786=EDGE_CURVE('',#5809,#5810,#696,.T.);
#4787=EDGE_CURVE('',#5810,#5546,#697,.T.);
#4788=EDGE_CURVE('',#5810,#5811,#698,.T.);
#4789=EDGE_CURVE('',#5811,#5547,#699,.T.);
#4790=EDGE_CURVE('',#5811,#5812,#700,.T.);
#4791=EDGE_CURVE('',#5812,#5548,#701,.T.);
#4792=EDGE_CURVE('',#5812,#5809,#702,.T.);
#4793=EDGE_CURVE('',#5813,#5382,#703,.T.);
#4794=EDGE_CURVE('',#5813,#5814,#6305,.T.);
#4795=EDGE_CURVE('',#5814,#5383,#704,.T.);
#4796=EDGE_CURVE('',#5814,#5815,#6306,.T.);
#4797=EDGE_CURVE('',#5815,#5384,#705,.T.);
#4798=EDGE_CURVE('',#5815,#5816,#6307,.T.);
#4799=EDGE_CURVE('',#5816,#5385,#706,.T.);
#4800=EDGE_CURVE('',#5816,#5817,#6308,.T.);
#4801=EDGE_CURVE('',#5817,#5386,#707,.T.);
#4802=EDGE_CURVE('',#5817,#5818,#6309,.T.);
#4803=EDGE_CURVE('',#5818,#5387,#708,.T.);
#4804=EDGE_CURVE('',#5818,#5819,#709,.T.);
#4805=EDGE_CURVE('',#5819,#5388,#710,.T.);
#4806=EDGE_CURVE('',#5819,#5820,#711,.T.);
#4807=EDGE_CURVE('',#5820,#5389,#712,.T.);
#4808=EDGE_CURVE('',#5820,#5821,#6310,.T.);
#4809=EDGE_CURVE('',#5821,#5390,#713,.T.);
#4810=EDGE_CURVE('',#5821,#5822,#6311,.T.);
#4811=EDGE_CURVE('',#5822,#5391,#714,.T.);
#4812=EDGE_CURVE('',#5822,#5823,#6312,.T.);
#4813=EDGE_CURVE('',#5823,#5392,#715,.T.);
#4814=EDGE_CURVE('',#5823,#5824,#6313,.T.);
#4815=EDGE_CURVE('',#5824,#5393,#716,.T.);
#4816=EDGE_CURVE('',#5824,#5825,#717,.T.);
#4817=EDGE_CURVE('',#5825,#5394,#718,.T.);
#4818=EDGE_CURVE('',#5825,#5826,#6314,.T.);
#4819=EDGE_CURVE('',#5826,#5395,#719,.T.);
#4820=EDGE_CURVE('',#5826,#5827,#6315,.T.);
#4821=EDGE_CURVE('',#5827,#5396,#720,.T.);
#4822=EDGE_CURVE('',#5827,#5828,#6316,.T.);
#4823=EDGE_CURVE('',#5828,#5397,#721,.T.);
#4824=EDGE_CURVE('',#5828,#5829,#6317,.T.);
#4825=EDGE_CURVE('',#5829,#5398,#722,.T.);
#4826=EDGE_CURVE('',#5829,#5830,#723,.T.);
#4827=EDGE_CURVE('',#5830,#5399,#724,.T.);
#4828=EDGE_CURVE('',#5830,#5831,#6318,.T.);
#4829=EDGE_CURVE('',#5831,#5400,#725,.T.);
#4830=EDGE_CURVE('',#5831,#5832,#6319,.T.);
#4831=EDGE_CURVE('',#5832,#5401,#726,.T.);
#4832=EDGE_CURVE('',#5832,#5833,#284,.T.);
#4833=EDGE_CURVE('',#5833,#5402,#727,.T.);
#4834=EDGE_CURVE('',#5833,#5834,#728,.T.);
#4835=EDGE_CURVE('',#5834,#5403,#729,.T.);
#4836=EDGE_CURVE('',#5834,#5835,#730,.F.);
#4837=EDGE_CURVE('',#5835,#5404,#731,.T.);
#4838=EDGE_CURVE('',#5835,#5836,#285,.T.);
#4839=EDGE_CURVE('',#5836,#5405,#732,.T.);
#4840=EDGE_CURVE('',#5836,#5837,#286,.F.);
#4841=EDGE_CURVE('',#5837,#5406,#733,.T.);
#4842=EDGE_CURVE('',#5837,#5838,#287,.F.);
#4843=EDGE_CURVE('',#5838,#5407,#734,.T.);
#4844=EDGE_CURVE('',#5838,#5839,#6320,.T.);
#4845=EDGE_CURVE('',#5839,#5408,#735,.T.);
#4846=EDGE_CURVE('',#5839,#5840,#6321,.T.);
#4847=EDGE_CURVE('',#5840,#5409,#736,.T.);
#4848=EDGE_CURVE('',#5841,#5842,#737,.T.);
#4849=EDGE_CURVE('',#5843,#5841,#738,.T.);
#4850=EDGE_CURVE('',#5843,#5844,#739,.T.);
#4851=EDGE_CURVE('',#5844,#5842,#740,.T.);
#4852=EDGE_CURVE('',#5842,#5845,#741,.T.);
#4853=EDGE_CURVE('',#5844,#5846,#742,.T.);
#4854=EDGE_CURVE('',#5846,#5845,#743,.T.);
#4855=EDGE_CURVE('',#5845,#5847,#6322,.T.);
#4856=EDGE_CURVE('',#5846,#5848,#6323,.T.);
#4857=EDGE_CURVE('',#5848,#5847,#744,.T.);
#4858=EDGE_CURVE('',#5847,#5849,#288,.T.);
#4859=EDGE_CURVE('',#5848,#5850,#289,.T.);
#4860=EDGE_CURVE('',#5850,#5849,#745,.T.);
#4861=EDGE_CURVE('',#5849,#5851,#6324,.T.);
#4862=EDGE_CURVE('',#5850,#5852,#6325,.T.);
#4863=EDGE_CURVE('',#5852,#5851,#746,.T.);
#4864=EDGE_CURVE('',#5851,#5853,#6326,.T.);
#4865=EDGE_CURVE('',#5852,#5854,#6327,.T.);
#4866=EDGE_CURVE('',#5854,#5853,#747,.T.);
#4867=EDGE_CURVE('',#5853,#5855,#6328,.T.);
#4868=EDGE_CURVE('',#5854,#5856,#6329,.T.);
#4869=EDGE_CURVE('',#5856,#5855,#748,.T.);
#4870=EDGE_CURVE('',#5855,#5857,#290,.T.);
#4871=EDGE_CURVE('',#5856,#5858,#291,.T.);
#4872=EDGE_CURVE('',#5858,#5857,#749,.T.);
#4873=EDGE_CURVE('',#5857,#5859,#292,.T.);
#4874=EDGE_CURVE('',#5858,#5860,#293,.T.);
#4875=EDGE_CURVE('',#5860,#5859,#750,.T.);
#4876=EDGE_CURVE('',#5859,#5841,#294,.T.);
#4877=EDGE_CURVE('',#5860,#5843,#295,.T.);
#4878=EDGE_CURVE('',#5840,#5813,#751,.T.);
#4879=EDGE_CURVE('',#5861,#5549,#752,.T.);
#4880=EDGE_CURVE('',#5861,#5862,#6330,.T.);
#4881=EDGE_CURVE('',#5862,#5550,#753,.T.);
#4882=EDGE_CURVE('',#5862,#5863,#6331,.T.);
#4883=EDGE_CURVE('',#5863,#5551,#754,.T.);
#4884=EDGE_CURVE('',#5863,#5864,#6332,.T.);
#4885=EDGE_CURVE('',#5864,#5552,#755,.T.);
#4886=EDGE_CURVE('',#5864,#5865,#6333,.T.);
#4887=EDGE_CURVE('',#5865,#5553,#756,.T.);
#4888=EDGE_CURVE('',#5865,#5866,#6334,.T.);
#4889=EDGE_CURVE('',#5866,#5554,#757,.T.);
#4890=EDGE_CURVE('',#5866,#5867,#758,.T.);
#4891=EDGE_CURVE('',#5867,#5555,#759,.T.);
#4892=EDGE_CURVE('',#5867,#5868,#760,.T.);
#4893=EDGE_CURVE('',#5868,#5556,#761,.T.);
#4894=EDGE_CURVE('',#5868,#5869,#6335,.T.);
#4895=EDGE_CURVE('',#5869,#5557,#762,.T.);
#4896=EDGE_CURVE('',#5869,#5870,#6336,.T.);
#4897=EDGE_CURVE('',#5870,#5558,#763,.T.);
#4898=EDGE_CURVE('',#5870,#5871,#6337,.T.);
#4899=EDGE_CURVE('',#5871,#5559,#764,.T.);
#4900=EDGE_CURVE('',#5871,#5872,#6338,.T.);
#4901=EDGE_CURVE('',#5872,#5560,#765,.T.);
#4902=EDGE_CURVE('',#5872,#5873,#766,.T.);
#4903=EDGE_CURVE('',#5873,#5561,#767,.T.);
#4904=EDGE_CURVE('',#5873,#5874,#6339,.T.);
#4905=EDGE_CURVE('',#5874,#5562,#768,.T.);
#4906=EDGE_CURVE('',#5874,#5875,#6340,.T.);
#4907=EDGE_CURVE('',#5875,#5563,#769,.T.);
#4908=EDGE_CURVE('',#5875,#5876,#6341,.T.);
#4909=EDGE_CURVE('',#5876,#5564,#770,.T.);
#4910=EDGE_CURVE('',#5876,#5877,#6342,.T.);
#4911=EDGE_CURVE('',#5877,#5565,#771,.T.);
#4912=EDGE_CURVE('',#5877,#5878,#772,.T.);
#4913=EDGE_CURVE('',#5878,#5566,#773,.T.);
#4914=EDGE_CURVE('',#5878,#5879,#6343,.T.);
#4915=EDGE_CURVE('',#5879,#5567,#774,.T.);
#4916=EDGE_CURVE('',#5879,#5880,#6344,.T.);
#4917=EDGE_CURVE('',#5880,#5568,#775,.T.);
#4918=EDGE_CURVE('',#5880,#5881,#296,.T.);
#4919=EDGE_CURVE('',#5881,#5569,#776,.T.);
#4920=EDGE_CURVE('',#5881,#5882,#777,.T.);
#4921=EDGE_CURVE('',#5882,#5570,#778,.T.);
#4922=EDGE_CURVE('',#5882,#5883,#779,.F.);
#4923=EDGE_CURVE('',#5883,#5571,#780,.T.);
#4924=EDGE_CURVE('',#5883,#5884,#297,.T.);
#4925=EDGE_CURVE('',#5884,#5572,#781,.T.);
#4926=EDGE_CURVE('',#5884,#5885,#298,.F.);
#4927=EDGE_CURVE('',#5885,#5573,#782,.T.);
#4928=EDGE_CURVE('',#5885,#5886,#299,.F.);
#4929=EDGE_CURVE('',#5886,#5574,#783,.T.);
#4930=EDGE_CURVE('',#5886,#5887,#6345,.T.);
#4931=EDGE_CURVE('',#5887,#5575,#784,.T.);
#4932=EDGE_CURVE('',#5887,#5888,#6346,.T.);
#4933=EDGE_CURVE('',#5888,#5576,#785,.T.);
#4934=EDGE_CURVE('',#5889,#5890,#786,.T.);
#4935=EDGE_CURVE('',#5891,#5889,#787,.T.);
#4936=EDGE_CURVE('',#5891,#5892,#788,.T.);
#4937=EDGE_CURVE('',#5892,#5890,#789,.T.);
#4938=EDGE_CURVE('',#5890,#5893,#790,.T.);
#4939=EDGE_CURVE('',#5892,#5894,#791,.T.);
#4940=EDGE_CURVE('',#5894,#5893,#792,.T.);
#4941=EDGE_CURVE('',#5893,#5895,#6347,.T.);
#4942=EDGE_CURVE('',#5894,#5896,#6348,.T.);
#4943=EDGE_CURVE('',#5896,#5895,#793,.T.);
#4944=EDGE_CURVE('',#5895,#5897,#300,.T.);
#4945=EDGE_CURVE('',#5896,#5898,#301,.T.);
#4946=EDGE_CURVE('',#5898,#5897,#794,.T.);
#4947=EDGE_CURVE('',#5897,#5899,#6349,.T.);
#4948=EDGE_CURVE('',#5898,#5900,#6350,.T.);
#4949=EDGE_CURVE('',#5900,#5899,#795,.T.);
#4950=EDGE_CURVE('',#5899,#5901,#6351,.T.);
#4951=EDGE_CURVE('',#5900,#5902,#6352,.T.);
#4952=EDGE_CURVE('',#5902,#5901,#796,.T.);
#4953=EDGE_CURVE('',#5901,#5903,#6353,.T.);
#4954=EDGE_CURVE('',#5902,#5904,#6354,.T.);
#4955=EDGE_CURVE('',#5904,#5903,#797,.T.);
#4956=EDGE_CURVE('',#5903,#5905,#302,.T.);
#4957=EDGE_CURVE('',#5904,#5906,#303,.T.);
#4958=EDGE_CURVE('',#5906,#5905,#798,.T.);
#4959=EDGE_CURVE('',#5905,#5907,#304,.T.);
#4960=EDGE_CURVE('',#5906,#5908,#305,.T.);
#4961=EDGE_CURVE('',#5908,#5907,#799,.T.);
#4962=EDGE_CURVE('',#5907,#5889,#306,.T.);
#4963=EDGE_CURVE('',#5908,#5891,#307,.T.);
#4964=EDGE_CURVE('',#5888,#5861,#800,.T.);
#4965=EDGE_CURVE('',#5909,#5365,#801,.T.);
#4966=EDGE_CURVE('',#5909,#5910,#802,.T.);
#4967=EDGE_CURVE('',#5910,#5366,#803,.T.);
#4968=EDGE_CURVE('',#5910,#5911,#6355,.T.);
#4969=EDGE_CURVE('',#5911,#5367,#804,.T.);
#4970=EDGE_CURVE('',#5911,#5912,#308,.F.);
#4971=EDGE_CURVE('',#5912,#5368,#805,.T.);
#4972=EDGE_CURVE('',#5912,#5913,#806,.T.);
#4973=EDGE_CURVE('',#5913,#5369,#807,.T.);
#4974=EDGE_CURVE('',#5913,#5914,#6356,.T.);
#4975=EDGE_CURVE('',#5914,#5370,#808,.T.);
#4976=EDGE_CURVE('',#5914,#5915,#6357,.T.);
#4977=EDGE_CURVE('',#5915,#5371,#809,.T.);
#4978=EDGE_CURVE('',#5915,#5916,#6358,.T.);
#4979=EDGE_CURVE('',#5916,#5372,#810,.T.);
#4980=EDGE_CURVE('',#5916,#5917,#6359,.T.);
#4981=EDGE_CURVE('',#5917,#5373,#811,.T.);
#4982=EDGE_CURVE('',#5917,#5918,#6360,.T.);
#4983=EDGE_CURVE('',#5918,#5374,#812,.T.);
#4984=EDGE_CURVE('',#5918,#5919,#6361,.T.);
#4985=EDGE_CURVE('',#5919,#5375,#813,.T.);
#4986=EDGE_CURVE('',#5919,#5920,#6362,.T.);
#4987=EDGE_CURVE('',#5920,#5376,#814,.T.);
#4988=EDGE_CURVE('',#5920,#5921,#815,.T.);
#4989=EDGE_CURVE('',#5921,#5377,#816,.T.);
#4990=EDGE_CURVE('',#5921,#5922,#817,.T.);
#4991=EDGE_CURVE('',#5922,#5378,#818,.T.);
#4992=EDGE_CURVE('',#5922,#5923,#819,.T.);
#4993=EDGE_CURVE('',#5923,#5379,#820,.T.);
#4994=EDGE_CURVE('',#5923,#5924,#821,.T.);
#4995=EDGE_CURVE('',#5924,#5380,#822,.T.);
#4996=EDGE_CURVE('',#5924,#5925,#823,.T.);
#4997=EDGE_CURVE('',#5925,#5381,#824,.T.);
#4998=EDGE_CURVE('',#5926,#5927,#6363,.T.);
#4999=EDGE_CURVE('',#5928,#5926,#825,.T.);
#5000=EDGE_CURVE('',#5928,#5929,#6364,.T.);
#5001=EDGE_CURVE('',#5929,#5927,#826,.T.);
#5002=EDGE_CURVE('',#5927,#5930,#6365,.T.);
#5003=EDGE_CURVE('',#5929,#5931,#6366,.T.);
#5004=EDGE_CURVE('',#5931,#5930,#827,.T.);
#5005=EDGE_CURVE('',#5930,#5932,#6367,.T.);
#5006=EDGE_CURVE('',#5931,#5933,#6368,.T.);
#5007=EDGE_CURVE('',#5933,#5932,#828,.T.);
#5008=EDGE_CURVE('',#5932,#5934,#6369,.T.);
#5009=EDGE_CURVE('',#5933,#5935,#6370,.T.);
#5010=EDGE_CURVE('',#5935,#5934,#829,.T.);
#5011=EDGE_CURVE('',#5934,#5936,#6371,.T.);
#5012=EDGE_CURVE('',#5935,#5937,#6372,.T.);
#5013=EDGE_CURVE('',#5937,#5936,#830,.T.);
#5014=EDGE_CURVE('',#5936,#5938,#6373,.T.);
#5015=EDGE_CURVE('',#5937,#5939,#6374,.T.);
#5016=EDGE_CURVE('',#5939,#5938,#831,.T.);
#5017=EDGE_CURVE('',#5938,#5926,#6375,.T.);
#5018=EDGE_CURVE('',#5939,#5928,#6376,.T.);
#5019=EDGE_CURVE('',#5925,#5909,#309,.T.);
#5020=EDGE_CURVE('',#5940,#5577,#832,.T.);
#5021=EDGE_CURVE('',#5940,#5941,#833,.T.);
#5022=EDGE_CURVE('',#5941,#5578,#834,.T.);
#5023=EDGE_CURVE('',#5941,#5942,#835,.T.);
#5024=EDGE_CURVE('',#5942,#5579,#836,.T.);
#5025=EDGE_CURVE('',#5942,#5943,#837,.T.);
#5026=EDGE_CURVE('',#5943,#5580,#838,.T.);
#5027=EDGE_CURVE('',#5943,#5944,#6377,.T.);
#5028=EDGE_CURVE('',#5944,#5581,#839,.T.);
#5029=EDGE_CURVE('',#5944,#5945,#840,.T.);
#5030=EDGE_CURVE('',#5945,#5582,#841,.T.);
#5031=EDGE_CURVE('',#5945,#5946,#842,.T.);
#5032=EDGE_CURVE('',#5946,#5583,#843,.T.);
#5033=EDGE_CURVE('',#5946,#5947,#844,.T.);
#5034=EDGE_CURVE('',#5947,#5584,#845,.T.);
#5035=EDGE_CURVE('',#5947,#5948,#846,.T.);
#5036=EDGE_CURVE('',#5948,#5585,#847,.T.);
#5037=EDGE_CURVE('',#5948,#5949,#848,.T.);
#5038=EDGE_CURVE('',#5949,#5586,#849,.T.);
#5039=EDGE_CURVE('',#5949,#5950,#850,.T.);
#5040=EDGE_CURVE('',#5950,#5587,#851,.T.);
#5041=EDGE_CURVE('',#5950,#5951,#852,.T.);
#5042=EDGE_CURVE('',#5951,#5588,#853,.T.);
#5043=EDGE_CURVE('',#5951,#5952,#854,.T.);
#5044=EDGE_CURVE('',#5952,#5589,#855,.T.);
#5045=EDGE_CURVE('',#5952,#5953,#856,.T.);
#5046=EDGE_CURVE('',#5953,#5590,#857,.T.);
#5047=EDGE_CURVE('',#5953,#5954,#858,.T.);
#5048=EDGE_CURVE('',#5954,#5591,#859,.T.);
#5049=EDGE_CURVE('',#5954,#5955,#860,.T.);
#5050=EDGE_CURVE('',#5955,#5592,#861,.T.);
#5051=EDGE_CURVE('',#5955,#5956,#6378,.T.);
#5052=EDGE_CURVE('',#5956,#5593,#862,.T.);
#5053=EDGE_CURVE('',#5956,#5957,#863,.T.);
#5054=EDGE_CURVE('',#5957,#5594,#864,.T.);
#5055=EDGE_CURVE('',#5957,#5958,#865,.T.);
#5056=EDGE_CURVE('',#5958,#5595,#866,.T.);
#5057=EDGE_CURVE('',#5958,#5940,#867,.T.);
#5058=EDGE_CURVE('',#5959,#5348,#868,.T.);
#5059=EDGE_CURVE('',#5959,#5960,#869,.T.);
#5060=EDGE_CURVE('',#5960,#5349,#870,.T.);
#5061=EDGE_CURVE('',#5960,#5961,#871,.T.);
#5062=EDGE_CURVE('',#5961,#5350,#872,.T.);
#5063=EDGE_CURVE('',#5961,#5962,#6379,.T.);
#5064=EDGE_CURVE('',#5962,#5351,#873,.T.);
#5065=EDGE_CURVE('',#5962,#5963,#6380,.T.);
#5066=EDGE_CURVE('',#5963,#5352,#874,.T.);
#5067=EDGE_CURVE('',#5963,#5964,#6381,.T.);
#5068=EDGE_CURVE('',#5964,#5353,#875,.T.);
#5069=EDGE_CURVE('',#5964,#5965,#876,.T.);
#5070=EDGE_CURVE('',#5965,#5354,#877,.T.);
#5071=EDGE_CURVE('',#5965,#5966,#878,.T.);
#5072=EDGE_CURVE('',#5966,#5355,#879,.T.);
#5073=EDGE_CURVE('',#5966,#5967,#880,.T.);
#5074=EDGE_CURVE('',#5967,#5356,#881,.T.);
#5075=EDGE_CURVE('',#5967,#5968,#6382,.T.);
#5076=EDGE_CURVE('',#5968,#5357,#882,.T.);
#5077=EDGE_CURVE('',#5968,#5969,#883,.T.);
#5078=EDGE_CURVE('',#5969,#5358,#884,.T.);
#5079=EDGE_CURVE('',#5969,#5970,#6383,.T.);
#5080=EDGE_CURVE('',#5970,#5359,#885,.T.);
#5081=EDGE_CURVE('',#5970,#5971,#886,.T.);
#5082=EDGE_CURVE('',#5971,#5360,#887,.T.);
#5083=EDGE_CURVE('',#5971,#5972,#6384,.T.);
#5084=EDGE_CURVE('',#5972,#5361,#888,.T.);
#5085=EDGE_CURVE('',#5972,#5973,#6385,.T.);
#5086=EDGE_CURVE('',#5973,#5362,#889,.T.);
#5087=EDGE_CURVE('',#5973,#5974,#6386,.T.);
#5088=EDGE_CURVE('',#5974,#5363,#890,.T.);
#5089=EDGE_CURVE('',#5974,#5975,#6387,.T.);
#5090=EDGE_CURVE('',#5975,#5364,#891,.T.);
#5091=EDGE_CURVE('',#5975,#5959,#892,.T.);
#5092=EDGE_CURVE('',#5976,#5596,#893,.T.);
#5093=EDGE_CURVE('',#5976,#5977,#894,.T.);
#5094=EDGE_CURVE('',#5977,#5597,#895,.T.);
#5095=EDGE_CURVE('',#5977,#5978,#896,.T.);
#5096=EDGE_CURVE('',#5978,#5598,#897,.T.);
#5097=EDGE_CURVE('',#5978,#5979,#898,.T.);
#5098=EDGE_CURVE('',#5979,#5599,#899,.T.);
#5099=EDGE_CURVE('',#5979,#5980,#900,.T.);
#5100=EDGE_CURVE('',#5980,#5600,#901,.T.);
#5101=EDGE_CURVE('',#5980,#5981,#902,.T.);
#5102=EDGE_CURVE('',#5981,#5601,#903,.T.);
#5103=EDGE_CURVE('',#5981,#5982,#904,.T.);
#5104=EDGE_CURVE('',#5982,#5602,#905,.T.);
#5105=EDGE_CURVE('',#5982,#5983,#906,.T.);
#5106=EDGE_CURVE('',#5983,#5603,#907,.T.);
#5107=EDGE_CURVE('',#5983,#5984,#908,.T.);
#5108=EDGE_CURVE('',#5984,#5604,#909,.T.);
#5109=EDGE_CURVE('',#5984,#5985,#910,.T.);
#5110=EDGE_CURVE('',#5985,#5605,#911,.T.);
#5111=EDGE_CURVE('',#5985,#5976,#912,.T.);
#5112=EDGE_CURVE('',#5986,#5338,#913,.T.);
#5113=EDGE_CURVE('',#5986,#5987,#914,.T.);
#5114=EDGE_CURVE('',#5987,#5339,#915,.T.);
#5115=EDGE_CURVE('',#5987,#5988,#916,.T.);
#5116=EDGE_CURVE('',#5988,#5340,#917,.T.);
#5117=EDGE_CURVE('',#5988,#5989,#918,.T.);
#5118=EDGE_CURVE('',#5989,#5341,#919,.T.);
#5119=EDGE_CURVE('',#5989,#5990,#920,.T.);
#5120=EDGE_CURVE('',#5990,#5342,#921,.T.);
#5121=EDGE_CURVE('',#5990,#5991,#922,.T.);
#5122=EDGE_CURVE('',#5991,#5343,#923,.T.);
#5123=EDGE_CURVE('',#5991,#5992,#924,.T.);
#5124=EDGE_CURVE('',#5992,#5344,#925,.T.);
#5125=EDGE_CURVE('',#5992,#5993,#926,.T.);
#5126=EDGE_CURVE('',#5993,#5345,#927,.T.);
#5127=EDGE_CURVE('',#5993,#5994,#928,.T.);
#5128=EDGE_CURVE('',#5994,#5346,#929,.T.);
#5129=EDGE_CURVE('',#5994,#5995,#930,.T.);
#5130=EDGE_CURVE('',#5995,#5347,#931,.T.);
#5131=EDGE_CURVE('',#5995,#5986,#932,.T.);
#5132=EDGE_CURVE('',#5996,#5606,#933,.T.);
#5133=EDGE_CURVE('',#5996,#5997,#934,.T.);
#5134=EDGE_CURVE('',#5997,#5607,#935,.T.);
#5135=EDGE_CURVE('',#5997,#5998,#6388,.T.);
#5136=EDGE_CURVE('',#5998,#5608,#936,.T.);
#5137=EDGE_CURVE('',#5998,#5999,#6389,.T.);
#5138=EDGE_CURVE('',#5999,#5609,#937,.T.);
#5139=EDGE_CURVE('',#5999,#6000,#6390,.T.);
#5140=EDGE_CURVE('',#6000,#5610,#938,.T.);
#5141=EDGE_CURVE('',#6000,#6001,#6391,.T.);
#5142=EDGE_CURVE('',#6001,#5611,#939,.T.);
#5143=EDGE_CURVE('',#6001,#6002,#940,.T.);
#5144=EDGE_CURVE('',#6002,#5612,#941,.T.);
#5145=EDGE_CURVE('',#6002,#6003,#942,.T.);
#5146=EDGE_CURVE('',#6003,#5613,#943,.T.);
#5147=EDGE_CURVE('',#6003,#6004,#944,.T.);
#5148=EDGE_CURVE('',#6004,#5614,#945,.T.);
#5149=EDGE_CURVE('',#6004,#6005,#6392,.T.);
#5150=EDGE_CURVE('',#6005,#5615,#946,.T.);
#5151=EDGE_CURVE('',#6005,#6006,#6393,.T.);
#5152=EDGE_CURVE('',#6006,#5616,#947,.T.);
#5153=EDGE_CURVE('',#6006,#6007,#6394,.T.);
#5154=EDGE_CURVE('',#6007,#5617,#948,.T.);
#5155=EDGE_CURVE('',#6007,#6008,#949,.T.);
#5156=EDGE_CURVE('',#6008,#5618,#950,.T.);
#5157=EDGE_CURVE('',#6008,#6009,#951,.T.);
#5158=EDGE_CURVE('',#6009,#5619,#952,.T.);
#5159=EDGE_CURVE('',#6009,#6010,#953,.T.);
#5160=EDGE_CURVE('',#6010,#5620,#954,.T.);
#5161=EDGE_CURVE('',#6010,#6011,#955,.T.);
#5162=EDGE_CURVE('',#6011,#5621,#956,.T.);
#5163=EDGE_CURVE('',#6011,#6012,#957,.T.);
#5164=EDGE_CURVE('',#6012,#5622,#958,.T.);
#5165=EDGE_CURVE('',#6012,#5996,#310,.F.);
#5166=EDGE_CURVE('',#6013,#5334,#959,.T.);
#5167=EDGE_CURVE('',#6013,#6014,#960,.T.);
#5168=EDGE_CURVE('',#6014,#5335,#961,.T.);
#5169=EDGE_CURVE('',#6014,#6015,#962,.T.);
#5170=EDGE_CURVE('',#6015,#5336,#963,.T.);
#5171=EDGE_CURVE('',#6015,#6016,#964,.T.);
#5172=EDGE_CURVE('',#6016,#5337,#965,.T.);
#5173=EDGE_CURVE('',#6016,#6013,#966,.T.);
#5174=EDGE_CURVE('',#6017,#5623,#967,.T.);
#5175=EDGE_CURVE('',#6017,#6018,#968,.T.);
#5176=EDGE_CURVE('',#6018,#5624,#969,.T.);
#5177=EDGE_CURVE('',#6018,#6019,#970,.T.);
#5178=EDGE_CURVE('',#6019,#5625,#971,.T.);
#5179=EDGE_CURVE('',#6019,#6020,#972,.T.);
#5180=EDGE_CURVE('',#6020,#5626,#973,.T.);
#5181=EDGE_CURVE('',#6020,#6017,#974,.T.);
#5182=EDGE_CURVE('',#6021,#5306,#975,.T.);
#5183=EDGE_CURVE('',#6021,#6022,#6395,.T.);
#5184=EDGE_CURVE('',#6022,#5307,#976,.T.);
#5185=EDGE_CURVE('',#6022,#6023,#6396,.T.);
#5186=EDGE_CURVE('',#6023,#5308,#977,.T.);
#5187=EDGE_CURVE('',#6023,#6024,#6397,.T.);
#5188=EDGE_CURVE('',#6024,#5309,#978,.T.);
#5189=EDGE_CURVE('',#6024,#6025,#6398,.T.);
#5190=EDGE_CURVE('',#6025,#5310,#979,.T.);
#5191=EDGE_CURVE('',#6025,#6026,#6399,.T.);
#5192=EDGE_CURVE('',#6026,#5311,#980,.T.);
#5193=EDGE_CURVE('',#6026,#6027,#981,.T.);
#5194=EDGE_CURVE('',#6027,#5312,#982,.T.);
#5195=EDGE_CURVE('',#6027,#6028,#983,.T.);
#5196=EDGE_CURVE('',#6028,#5313,#984,.T.);
#5197=EDGE_CURVE('',#6028,#6029,#6400,.T.);
#5198=EDGE_CURVE('',#6029,#5314,#985,.T.);
#5199=EDGE_CURVE('',#6029,#6030,#6401,.T.);
#5200=EDGE_CURVE('',#6030,#5315,#986,.T.);
#5201=EDGE_CURVE('',#6030,#6031,#6402,.T.);
#5202=EDGE_CURVE('',#6031,#5316,#987,.T.);
#5203=EDGE_CURVE('',#6031,#6032,#6403,.T.);
#5204=EDGE_CURVE('',#6032,#5317,#988,.T.);
#5205=EDGE_CURVE('',#6032,#6033,#989,.T.);
#5206=EDGE_CURVE('',#6033,#5318,#990,.T.);
#5207=EDGE_CURVE('',#6033,#6034,#6404,.T.);
#5208=EDGE_CURVE('',#6034,#5319,#991,.T.);
#5209=EDGE_CURVE('',#6034,#6035,#6405,.T.);
#5210=EDGE_CURVE('',#6035,#5320,#992,.T.);
#5211=EDGE_CURVE('',#6035,#6036,#6406,.T.);
#5212=EDGE_CURVE('',#6036,#5321,#993,.T.);
#5213=EDGE_CURVE('',#6036,#6037,#6407,.T.);
#5214=EDGE_CURVE('',#6037,#5322,#994,.T.);
#5215=EDGE_CURVE('',#6037,#6038,#995,.T.);
#5216=EDGE_CURVE('',#6038,#5323,#996,.T.);
#5217=EDGE_CURVE('',#6038,#6039,#6408,.T.);
#5218=EDGE_CURVE('',#6039,#5324,#997,.T.);
#5219=EDGE_CURVE('',#6039,#6040,#6409,.T.);
#5220=EDGE_CURVE('',#6040,#5325,#998,.T.);
#5221=EDGE_CURVE('',#6040,#6041,#311,.T.);
#5222=EDGE_CURVE('',#6041,#5326,#999,.T.);
#5223=EDGE_CURVE('',#6041,#6042,#1000,.T.);
#5224=EDGE_CURVE('',#6042,#5327,#1001,.T.);
#5225=EDGE_CURVE('',#6042,#6043,#1002,.F.);
#5226=EDGE_CURVE('',#6043,#5328,#1003,.T.);
#5227=EDGE_CURVE('',#6043,#6044,#312,.F.);
#5228=EDGE_CURVE('',#6044,#5329,#1004,.T.);
#5229=EDGE_CURVE('',#6044,#6045,#313,.F.);
#5230=EDGE_CURVE('',#6045,#5330,#1005,.T.);
#5231=EDGE_CURVE('',#6045,#6046,#314,.F.);
#5232=EDGE_CURVE('',#6046,#5331,#1006,.T.);
#5233=EDGE_CURVE('',#6046,#6047,#6410,.T.);
#5234=EDGE_CURVE('',#6047,#5332,#1007,.T.);
#5235=EDGE_CURVE('',#6047,#6048,#6411,.T.);
#5236=EDGE_CURVE('',#6048,#5333,#1008,.T.);
#5237=EDGE_CURVE('',#6049,#6050,#1009,.T.);
#5238=EDGE_CURVE('',#6051,#6049,#1010,.T.);
#5239=EDGE_CURVE('',#6051,#6052,#1011,.T.);
#5240=EDGE_CURVE('',#6052,#6050,#1012,.T.);
#5241=EDGE_CURVE('',#6050,#6053,#1013,.T.);
#5242=EDGE_CURVE('',#6052,#6054,#1014,.T.);
#5243=EDGE_CURVE('',#6054,#6053,#1015,.T.);
#5244=EDGE_CURVE('',#6053,#6055,#6412,.T.);
#5245=EDGE_CURVE('',#6054,#6056,#6413,.T.);
#5246=EDGE_CURVE('',#6056,#6055,#1016,.T.);
#5247=EDGE_CURVE('',#6055,#6057,#315,.T.);
#5248=EDGE_CURVE('',#6056,#6058,#316,.T.);
#5249=EDGE_CURVE('',#6058,#6057,#1017,.T.);
#5250=EDGE_CURVE('',#6057,#6059,#6414,.T.);
#5251=EDGE_CURVE('',#6058,#6060,#6415,.T.);
#5252=EDGE_CURVE('',#6060,#6059,#1018,.T.);
#5253=EDGE_CURVE('',#6059,#6061,#6416,.T.);
#5254=EDGE_CURVE('',#6060,#6062,#6417,.T.);
#5255=EDGE_CURVE('',#6062,#6061,#1019,.T.);
#5256=EDGE_CURVE('',#6061,#6063,#6418,.T.);
#5257=EDGE_CURVE('',#6062,#6064,#6419,.T.);
#5258=EDGE_CURVE('',#6064,#6063,#1020,.T.);
#5259=EDGE_CURVE('',#6063,#6065,#317,.T.);
#5260=EDGE_CURVE('',#6064,#6066,#318,.T.);
#5261=EDGE_CURVE('',#6066,#6065,#1021,.T.);
#5262=EDGE_CURVE('',#6065,#6067,#6420,.T.);
#5263=EDGE_CURVE('',#6066,#6068,#6421,.T.);
#5264=EDGE_CURVE('',#6068,#6067,#1022,.T.);
#5265=EDGE_CURVE('',#6067,#6049,#319,.T.);
#5266=EDGE_CURVE('',#6068,#6051,#320,.T.);
#5267=EDGE_CURVE('',#6048,#6021,#1023,.T.);
#5268=EDGE_CURVE('',#6069,#5627,#1024,.T.);
#5269=EDGE_CURVE('',#6069,#6070,#1025,.T.);
#5270=EDGE_CURVE('',#6070,#5628,#1026,.T.);
#5271=EDGE_CURVE('',#6070,#6071,#1027,.T.);
#5272=EDGE_CURVE('',#6071,#5629,#1028,.T.);
#5273=EDGE_CURVE('',#6071,#6072,#1029,.T.);
#5274=EDGE_CURVE('',#6072,#5630,#1030,.T.);
#5275=EDGE_CURVE('',#6072,#6073,#6422,.T.);
#5276=EDGE_CURVE('',#6073,#5631,#1031,.T.);
#5277=EDGE_CURVE('',#6073,#6074,#1032,.T.);
#5278=EDGE_CURVE('',#6074,#5632,#1033,.T.);
#5279=EDGE_CURVE('',#6074,#6075,#1034,.T.);
#5280=EDGE_CURVE('',#6075,#5633,#1035,.T.);
#5281=EDGE_CURVE('',#6075,#6076,#1036,.T.);
#5282=EDGE_CURVE('',#6076,#5634,#1037,.T.);
#5283=EDGE_CURVE('',#6076,#6077,#1038,.T.);
#5284=EDGE_CURVE('',#6077,#5635,#1039,.T.);
#5285=EDGE_CURVE('',#6077,#6078,#1040,.T.);
#5286=EDGE_CURVE('',#6078,#5636,#1041,.T.);
#5287=EDGE_CURVE('',#6078,#6079,#1042,.T.);
#5288=EDGE_CURVE('',#6079,#5637,#1043,.T.);
#5289=EDGE_CURVE('',#6079,#6080,#1044,.T.);
#5290=EDGE_CURVE('',#6080,#5638,#1045,.T.);
#5291=EDGE_CURVE('',#6080,#6081,#1046,.T.);
#5292=EDGE_CURVE('',#6081,#5639,#1047,.T.);
#5293=EDGE_CURVE('',#6081,#6082,#1048,.T.);
#5294=EDGE_CURVE('',#6082,#5640,#1049,.T.);
#5295=EDGE_CURVE('',#6082,#6083,#1050,.T.);
#5296=EDGE_CURVE('',#6083,#5641,#1051,.T.);
#5297=EDGE_CURVE('',#6083,#6084,#1052,.T.);
#5298=EDGE_CURVE('',#6084,#5642,#1053,.T.);
#5299=EDGE_CURVE('',#6084,#6085,#6423,.T.);
#5300=EDGE_CURVE('',#6085,#5643,#1054,.T.);
#5301=EDGE_CURVE('',#6085,#6086,#1055,.T.);
#5302=EDGE_CURVE('',#6086,#5644,#1056,.T.);
#5303=EDGE_CURVE('',#6086,#6087,#1057,.T.);
#5304=EDGE_CURVE('',#6087,#5645,#1058,.T.);
#5305=EDGE_CURVE('',#6087,#6069,#1059,.T.);
#5306=VERTEX_POINT('',#9773);
#5307=VERTEX_POINT('',#9774);
#5308=VERTEX_POINT('',#9778);
#5309=VERTEX_POINT('',#9782);
#5310=VERTEX_POINT('',#9786);
#5311=VERTEX_POINT('',#9790);
#5312=VERTEX_POINT('',#9792);
#5313=VERTEX_POINT('',#9794);
#5314=VERTEX_POINT('',#9798);
#5315=VERTEX_POINT('',#9802);
#5316=VERTEX_POINT('',#9806);
#5317=VERTEX_POINT('',#9810);
#5318=VERTEX_POINT('',#9812);
#5319=VERTEX_POINT('',#9816);
#5320=VERTEX_POINT('',#9820);
#5321=VERTEX_POINT('',#9824);
#5322=VERTEX_POINT('',#9828);
#5323=VERTEX_POINT('',#9830);
#5324=VERTEX_POINT('',#9834);
#5325=VERTEX_POINT('',#9838);
#5326=VERTEX_POINT('',#9840);
#5327=VERTEX_POINT('',#9842);
#5328=VERTEX_POINT('',#9844);
#5329=VERTEX_POINT('',#9846);
#5330=VERTEX_POINT('',#9848);
#5331=VERTEX_POINT('',#9850);
#5332=VERTEX_POINT('',#9854);
#5333=VERTEX_POINT('',#9858);
#5334=VERTEX_POINT('',#9861);
#5335=VERTEX_POINT('',#9862);
#5336=VERTEX_POINT('',#9864);
#5337=VERTEX_POINT('',#9866);
#5338=VERTEX_POINT('',#9869);
#5339=VERTEX_POINT('',#9870);
#5340=VERTEX_POINT('',#9872);
#5341=VERTEX_POINT('',#9874);
#5342=VERTEX_POINT('',#9876);
#5343=VERTEX_POINT('',#9878);
#5344=VERTEX_POINT('',#9880);
#5345=VERTEX_POINT('',#9882);
#5346=VERTEX_POINT('',#9884);
#5347=VERTEX_POINT('',#9886);
#5348=VERTEX_POINT('',#9889);
#5349=VERTEX_POINT('',#9890);
#5350=VERTEX_POINT('',#9892);
#5351=VERTEX_POINT('',#9896);
#5352=VERTEX_POINT('',#9900);
#5353=VERTEX_POINT('',#9904);
#5354=VERTEX_POINT('',#9906);
#5355=VERTEX_POINT('',#9908);
#5356=VERTEX_POINT('',#9910);
#5357=VERTEX_POINT('',#9914);
#5358=VERTEX_POINT('',#9916);
#5359=VERTEX_POINT('',#9920);
#5360=VERTEX_POINT('',#9922);
#5361=VERTEX_POINT('',#9926);
#5362=VERTEX_POINT('',#9930);
#5363=VERTEX_POINT('',#9934);
#5364=VERTEX_POINT('',#9938);
#5365=VERTEX_POINT('',#9941);
#5366=VERTEX_POINT('',#9942);
#5367=VERTEX_POINT('',#9946);
#5368=VERTEX_POINT('',#9948);
#5369=VERTEX_POINT('',#9950);
#5370=VERTEX_POINT('',#9954);
#5371=VERTEX_POINT('',#9958);
#5372=VERTEX_POINT('',#9962);
#5373=VERTEX_POINT('',#9966);
#5374=VERTEX_POINT('',#9970);
#5375=VERTEX_POINT('',#9974);
#5376=VERTEX_POINT('',#9978);
#5377=VERTEX_POINT('',#9980);
#5378=VERTEX_POINT('',#9982);
#5379=VERTEX_POINT('',#9984);
#5380=VERTEX_POINT('',#9986);
#5381=VERTEX_POINT('',#9988);
#5382=VERTEX_POINT('',#9993);
#5383=VERTEX_POINT('',#9994);
#5384=VERTEX_POINT('',#9998);
#5385=VERTEX_POINT('',#10002);
#5386=VERTEX_POINT('',#10006);
#5387=VERTEX_POINT('',#10010);
#5388=VERTEX_POINT('',#10012);
#5389=VERTEX_POINT('',#10014);
#5390=VERTEX_POINT('',#10018);
#5391=VERTEX_POINT('',#10022);
#5392=VERTEX_POINT('',#10026);
#5393=VERTEX_POINT('',#10030);
#5394=VERTEX_POINT('',#10032);
#5395=VERTEX_POINT('',#10036);
#5396=VERTEX_POINT('',#10040);
#5397=VERTEX_POINT('',#10044);
#5398=VERTEX_POINT('',#10048);
#5399=VERTEX_POINT('',#10050);
#5400=VERTEX_POINT('',#10054);
#5401=VERTEX_POINT('',#10058);
#5402=VERTEX_POINT('',#10060);
#5403=VERTEX_POINT('',#10062);
#5404=VERTEX_POINT('',#10064);
#5405=VERTEX_POINT('',#10066);
#5406=VERTEX_POINT('',#10068);
#5407=VERTEX_POINT('',#10070);
#5408=VERTEX_POINT('',#10074);
#5409=VERTEX_POINT('',#10078);
#5410=VERTEX_POINT('',#10083);
#5411=VERTEX_POINT('',#10084);
#5412=VERTEX_POINT('',#10088);
#5413=VERTEX_POINT('',#10092);
#5414=VERTEX_POINT('',#10096);
#5415=VERTEX_POINT('',#10100);
#5416=VERTEX_POINT('',#10104);
#5417=VERTEX_POINT('',#10108);
#5418=VERTEX_POINT('',#10113);
#5419=VERTEX_POINT('',#10114);
#5420=VERTEX_POINT('',#10116);
#5421=VERTEX_POINT('',#10120);
#5422=VERTEX_POINT('',#10124);
#5423=VERTEX_POINT('',#10128);
#5424=VERTEX_POINT('',#10130);
#5425=VERTEX_POINT('',#10132);
#5426=VERTEX_POINT('',#10134);
#5427=VERTEX_POINT('',#10136);
#5428=VERTEX_POINT('',#10138);
#5429=VERTEX_POINT('',#10140);
#5430=VERTEX_POINT('',#10144);
#5431=VERTEX_POINT('',#10146);
#5432=VERTEX_POINT('',#10148);
#5433=VERTEX_POINT('',#10152);
#5434=VERTEX_POINT('',#10156);
#5435=VERTEX_POINT('',#10160);
#5436=VERTEX_POINT('',#10164);
#5437=VERTEX_POINT('',#10167);
#5438=VERTEX_POINT('',#10168);
#5439=VERTEX_POINT('',#10170);
#5440=VERTEX_POINT('',#10172);
#5441=VERTEX_POINT('',#10177);
#5442=VERTEX_POINT('',#10178);
#5443=VERTEX_POINT('',#10182);
#5444=VERTEX_POINT('',#10186);
#5445=VERTEX_POINT('',#10190);
#5446=VERTEX_POINT('',#10194);
#5447=VERTEX_POINT('',#10198);
#5448=VERTEX_POINT('',#10202);
#5449=VERTEX_POINT('',#10204);
#5450=VERTEX_POINT('',#10208);
#5451=VERTEX_POINT('',#10212);
#5452=VERTEX_POINT('',#10216);
#5453=VERTEX_POINT('',#10220);
#5454=VERTEX_POINT('',#10224);
#5455=VERTEX_POINT('',#10228);
#5456=VERTEX_POINT('',#10230);
#5457=VERTEX_POINT('',#10232);
#5458=VERTEX_POINT('',#10235);
#5459=VERTEX_POINT('',#10236);
#5460=VERTEX_POINT('',#10240);
#5461=VERTEX_POINT('',#10244);
#5462=VERTEX_POINT('',#10248);
#5463=VERTEX_POINT('',#10252);
#5464=VERTEX_POINT('',#10254);
#5465=VERTEX_POINT('',#10256);
#5466=VERTEX_POINT('',#10258);
#5467=VERTEX_POINT('',#10262);
#5468=VERTEX_POINT('',#10266);
#5469=VERTEX_POINT('',#10270);
#5470=VERTEX_POINT('',#10272);
#5471=VERTEX_POINT('',#10274);
#5472=VERTEX_POINT('',#10276);
#5473=VERTEX_POINT('',#10278);
#5474=VERTEX_POINT('',#10280);
#5475=VERTEX_POINT('',#10283);
#5476=VERTEX_POINT('',#10285);
#5477=VERTEX_POINT('',#10287);
#5478=VERTEX_POINT('',#10289);
#5479=VERTEX_POINT('',#10291);
#5480=VERTEX_POINT('',#10292);
#5481=VERTEX_POINT('',#10294);
#5482=VERTEX_POINT('',#10296);
#5483=VERTEX_POINT('',#10298);
#5484=VERTEX_POINT('',#10300);
#5485=VERTEX_POINT('',#10302);
#5486=VERTEX_POINT('',#10304);
#5487=VERTEX_POINT('',#10309);
#5488=VERTEX_POINT('',#10310);
#5489=VERTEX_POINT('',#10314);
#5490=VERTEX_POINT('',#10318);
#5491=VERTEX_POINT('',#10320);
#5492=VERTEX_POINT('',#10322);
#5493=VERTEX_POINT('',#10324);
#5494=VERTEX_POINT('',#10326);
#5495=VERTEX_POINT('',#10328);
#5496=VERTEX_POINT('',#10330);
#5497=VERTEX_POINT('',#10332);
#5498=VERTEX_POINT('',#10334);
#5499=VERTEX_POINT('',#10336);
#5500=VERTEX_POINT('',#10338);
#5501=VERTEX_POINT('',#10340);
#5502=VERTEX_POINT('',#10344);
#5503=VERTEX_POINT('',#10348);
#5504=VERTEX_POINT('',#10352);
#5505=VERTEX_POINT('',#10355);
#5506=VERTEX_POINT('',#10356);
#5507=VERTEX_POINT('',#10360);
#5508=VERTEX_POINT('',#10364);
#5509=VERTEX_POINT('',#10368);
#5510=VERTEX_POINT('',#10372);
#5511=VERTEX_POINT('',#10374);
#5512=VERTEX_POINT('',#10376);
#5513=VERTEX_POINT('',#10378);
#5514=VERTEX_POINT('',#10382);
#5515=VERTEX_POINT('',#10386);
#5516=VERTEX_POINT('',#10390);
#5517=VERTEX_POINT('',#10392);
#5518=VERTEX_POINT('',#10394);
#5519=VERTEX_POINT('',#10396);
#5520=VERTEX_POINT('',#10398);
#5521=VERTEX_POINT('',#10400);
#5522=VERTEX_POINT('',#10403);
#5523=VERTEX_POINT('',#10404);
#5524=VERTEX_POINT('',#10406);
#5525=VERTEX_POINT('',#10408);
#5526=VERTEX_POINT('',#10413);
#5527=VERTEX_POINT('',#10414);
#5528=VERTEX_POINT('',#10418);
#5529=VERTEX_POINT('',#10422);
#5530=VERTEX_POINT('',#10424);
#5531=VERTEX_POINT('',#10428);
#5532=VERTEX_POINT('',#10430);
#5533=VERTEX_POINT('',#10432);
#5534=VERTEX_POINT('',#10436);
#5535=VERTEX_POINT('',#10440);
#5536=VERTEX_POINT('',#10444);
#5537=VERTEX_POINT('',#10446);
#5538=VERTEX_POINT('',#10450);
#5539=VERTEX_POINT('',#10454);
#5540=VERTEX_POINT('',#10458);
#5541=VERTEX_POINT('',#10462);
#5542=VERTEX_POINT('',#10464);
#5543=VERTEX_POINT('',#10468);
#5544=VERTEX_POINT('',#10472);
#5545=VERTEX_POINT('',#10477);
#5546=VERTEX_POINT('',#10478);
#5547=VERTEX_POINT('',#10480);
#5548=VERTEX_POINT('',#10482);
#5549=VERTEX_POINT('',#10487);
#5550=VERTEX_POINT('',#10488);
#5551=VERTEX_POINT('',#10492);
#5552=VERTEX_POINT('',#10496);
#5553=VERTEX_POINT('',#10500);
#5554=VERTEX_POINT('',#10504);
#5555=VERTEX_POINT('',#10506);
#5556=VERTEX_POINT('',#10508);
#5557=VERTEX_POINT('',#10512);
#5558=VERTEX_POINT('',#10516);
#5559=VERTEX_POINT('',#10520);
#5560=VERTEX_POINT('',#10524);
#5561=VERTEX_POINT('',#10526);
#5562=VERTEX_POINT('',#10530);
#5563=VERTEX_POINT('',#10534);
#5564=VERTEX_POINT('',#10538);
#5565=VERTEX_POINT('',#10542);
#5566=VERTEX_POINT('',#10544);
#5567=VERTEX_POINT('',#10548);
#5568=VERTEX_POINT('',#10552);
#5569=VERTEX_POINT('',#10554);
#5570=VERTEX_POINT('',#10556);
#5571=VERTEX_POINT('',#10558);
#5572=VERTEX_POINT('',#10560);
#5573=VERTEX_POINT('',#10562);
#5574=VERTEX_POINT('',#10564);
#5575=VERTEX_POINT('',#10568);
#5576=VERTEX_POINT('',#10572);
#5577=VERTEX_POINT('',#10575);
#5578=VERTEX_POINT('',#10576);
#5579=VERTEX_POINT('',#10578);
#5580=VERTEX_POINT('',#10580);
#5581=VERTEX_POINT('',#10584);
#5582=VERTEX_POINT('',#10586);
#5583=VERTEX_POINT('',#10588);
#5584=VERTEX_POINT('',#10590);
#5585=VERTEX_POINT('',#10592);
#5586=VERTEX_POINT('',#10594);
#5587=VERTEX_POINT('',#10596);
#5588=VERTEX_POINT('',#10598);
#5589=VERTEX_POINT('',#10600);
#5590=VERTEX_POINT('',#10602);
#5591=VERTEX_POINT('',#10604);
#5592=VERTEX_POINT('',#10606);
#5593=VERTEX_POINT('',#10610);
#5594=VERTEX_POINT('',#10612);
#5595=VERTEX_POINT('',#10614);
#5596=VERTEX_POINT('',#10617);
#5597=VERTEX_POINT('',#10618);
#5598=VERTEX_POINT('',#10620);
#5599=VERTEX_POINT('',#10622);
#5600=VERTEX_POINT('',#10624);
#5601=VERTEX_POINT('',#10626);
#5602=VERTEX_POINT('',#10628);
#5603=VERTEX_POINT('',#10630);
#5604=VERTEX_POINT('',#10632);
#5605=VERTEX_POINT('',#10634);
#5606=VERTEX_POINT('',#10637);
#5607=VERTEX_POINT('',#10638);
#5608=VERTEX_POINT('',#10642);
#5609=VERTEX_POINT('',#10646);
#5610=VERTEX_POINT('',#10650);
#5611=VERTEX_POINT('',#10654);
#5612=VERTEX_POINT('',#10656);
#5613=VERTEX_POINT('',#10658);
#5614=VERTEX_POINT('',#10660);
#5615=VERTEX_POINT('',#10664);
#5616=VERTEX_POINT('',#10668);
#5617=VERTEX_POINT('',#10672);
#5618=VERTEX_POINT('',#10674);
#5619=VERTEX_POINT('',#10676);
#5620=VERTEX_POINT('',#10678);
#5621=VERTEX_POINT('',#10680);
#5622=VERTEX_POINT('',#10682);
#5623=VERTEX_POINT('',#10685);
#5624=VERTEX_POINT('',#10686);
#5625=VERTEX_POINT('',#10688);
#5626=VERTEX_POINT('',#10690);
#5627=VERTEX_POINT('',#10693);
#5628=VERTEX_POINT('',#10694);
#5629=VERTEX_POINT('',#10696);
#5630=VERTEX_POINT('',#10698);
#5631=VERTEX_POINT('',#10702);
#5632=VERTEX_POINT('',#10704);
#5633=VERTEX_POINT('',#10706);
#5634=VERTEX_POINT('',#10708);
#5635=VERTEX_POINT('',#10710);
#5636=VERTEX_POINT('',#10712);
#5637=VERTEX_POINT('',#10714);
#5638=VERTEX_POINT('',#10716);
#5639=VERTEX_POINT('',#10718);
#5640=VERTEX_POINT('',#10720);
#5641=VERTEX_POINT('',#10722);
#5642=VERTEX_POINT('',#10724);
#5643=VERTEX_POINT('',#10728);
#5644=VERTEX_POINT('',#10730);
#5645=VERTEX_POINT('',#10732);
#5646=VERTEX_POINT('',#10736);
#5647=VERTEX_POINT('',#10737);
#5648=VERTEX_POINT('',#10739);
#5649=VERTEX_POINT('',#10741);
#5650=VERTEX_POINT('',#10745);
#5651=VERTEX_POINT('',#10746);
#5652=VERTEX_POINT('',#10748);
#5653=VERTEX_POINT('',#10750);
#5654=VERTEX_POINT('',#10754);
#5655=VERTEX_POINT('',#10755);
#5656=VERTEX_POINT('',#10757);
#5657=VERTEX_POINT('',#10759);
#5658=VERTEX_POINT('',#10763);
#5659=VERTEX_POINT('',#10764);
#5660=VERTEX_POINT('',#10766);
#5661=VERTEX_POINT('',#10768);
#5662=VERTEX_POINT('',#10784);
#5663=VERTEX_POINT('',#10786);
#5664=VERTEX_POINT('',#10790);
#5665=VERTEX_POINT('',#10794);
#5666=VERTEX_POINT('',#10798);
#5667=VERTEX_POINT('',#10802);
#5668=VERTEX_POINT('',#10806);
#5669=VERTEX_POINT('',#10810);
#5670=VERTEX_POINT('',#10814);
#5671=VERTEX_POINT('',#10817);
#5672=VERTEX_POINT('',#10820);
#5673=VERTEX_POINT('',#10823);
#5674=VERTEX_POINT('',#10830);
#5675=VERTEX_POINT('',#10832);
#5676=VERTEX_POINT('',#10845);
#5677=VERTEX_POINT('',#10858);
#5678=VERTEX_POINT('',#10871);
#5679=VERTEX_POINT('',#10884);
#5680=VERTEX_POINT('',#10888);
#5681=VERTEX_POINT('',#10892);
#5682=VERTEX_POINT('',#10896);
#5683=VERTEX_POINT('',#10909);
#5684=VERTEX_POINT('',#10922);
#5685=VERTEX_POINT('',#10935);
#5686=VERTEX_POINT('',#10939);
#5687=VERTEX_POINT('',#10943);
#5688=VERTEX_POINT('',#10947);
#5689=VERTEX_POINT('',#10951);
#5690=VERTEX_POINT('',#10955);
#5691=VERTEX_POINT('',#10969);
#5692=VERTEX_POINT('',#10973);
#5693=VERTEX_POINT('',#10986);
#5694=VERTEX_POINT('',#10999);
#5695=VERTEX_POINT('',#11003);
#5696=VERTEX_POINT('',#11007);
#5697=VERTEX_POINT('',#11011);
#5698=VERTEX_POINT('',#11015);
#5699=VERTEX_POINT('',#11019);
#5700=VERTEX_POINT('',#11023);
#5701=VERTEX_POINT('',#11027);
#5702=VERTEX_POINT('',#11031);
#5703=VERTEX_POINT('',#11035);
#5704=VERTEX_POINT('',#11039);
#5705=VERTEX_POINT('',#11043);
#5706=VERTEX_POINT('',#11056);
#5707=VERTEX_POINT('',#11069);
#5708=VERTEX_POINT('',#11082);
#5709=VERTEX_POINT('',#11096);
#5710=VERTEX_POINT('',#11100);
#5711=VERTEX_POINT('',#11113);
#5712=VERTEX_POINT('',#11126);
#5713=VERTEX_POINT('',#11139);
#5714=VERTEX_POINT('',#11152);
#5715=VERTEX_POINT('',#11165);
#5716=VERTEX_POINT('',#11178);
#5717=VERTEX_POINT('',#11182);
#5718=VERTEX_POINT('',#11195);
#5719=VERTEX_POINT('',#11208);
#5720=VERTEX_POINT('',#11221);
#5721=VERTEX_POINT('',#11234);
#5722=VERTEX_POINT('',#11247);
#5723=VERTEX_POINT('',#11260);
#5724=VERTEX_POINT('',#11264);
#5725=VERTEX_POINT('',#11268);
#5726=VERTEX_POINT('',#11275);
#5727=VERTEX_POINT('',#11277);
#5728=VERTEX_POINT('',#11290);
#5729=VERTEX_POINT('',#11303);
#5730=VERTEX_POINT('',#11316);
#5731=VERTEX_POINT('',#11329);
#5732=VERTEX_POINT('',#11333);
#5733=VERTEX_POINT('',#11337);
#5734=VERTEX_POINT('',#11341);
#5735=VERTEX_POINT('',#11354);
#5736=VERTEX_POINT('',#11367);
#5737=VERTEX_POINT('',#11380);
#5738=VERTEX_POINT('',#11384);
#5739=VERTEX_POINT('',#11388);
#5740=VERTEX_POINT('',#11392);
#5741=VERTEX_POINT('',#11396);
#5742=VERTEX_POINT('',#11400);
#5743=VERTEX_POINT('',#11407);
#5744=VERTEX_POINT('',#11409);
#5745=VERTEX_POINT('',#11413);
#5746=VERTEX_POINT('',#11417);
#5747=VERTEX_POINT('',#11424);
#5748=VERTEX_POINT('',#11426);
#5749=VERTEX_POINT('',#11430);
#5750=VERTEX_POINT('',#11434);
#5751=VERTEX_POINT('',#11441);
#5752=VERTEX_POINT('',#11443);
#5753=VERTEX_POINT('',#11447);
#5754=VERTEX_POINT('',#11460);
#5755=VERTEX_POINT('',#11473);
#5756=VERTEX_POINT('',#11486);
#5757=VERTEX_POINT('',#11490);
#5758=VERTEX_POINT('',#11494);
#5759=VERTEX_POINT('',#11498);
#5760=VERTEX_POINT('',#11502);
#5761=VERTEX_POINT('',#11506);
#5762=VERTEX_POINT('',#11510);
#5763=VERTEX_POINT('',#11523);
#5764=VERTEX_POINT('',#11527);
#5765=VERTEX_POINT('',#11531);
#5766=VERTEX_POINT('',#11544);
#5767=VERTEX_POINT('',#11557);
#5768=VERTEX_POINT('',#11570);
#5769=VERTEX_POINT('',#11583);
#5770=VERTEX_POINT('',#11597);
#5771=VERTEX_POINT('',#11601);
#5772=VERTEX_POINT('',#11614);
#5773=VERTEX_POINT('',#11627);
#5774=VERTEX_POINT('',#11631);
#5775=VERTEX_POINT('',#11644);
#5776=VERTEX_POINT('',#11648);
#5777=VERTEX_POINT('',#11652);
#5778=VERTEX_POINT('',#11665);
#5779=VERTEX_POINT('',#11678);
#5780=VERTEX_POINT('',#11691);
#5781=VERTEX_POINT('',#11695);
#5782=VERTEX_POINT('',#11708);
#5783=VERTEX_POINT('',#11721);
#5784=VERTEX_POINT('',#11734);
#5785=VERTEX_POINT('',#11747);
#5786=VERTEX_POINT('',#11751);
#5787=VERTEX_POINT('',#11764);
#5788=VERTEX_POINT('',#11777);
#5789=VERTEX_POINT('',#11800);
#5790=VERTEX_POINT('',#11804);
#5791=VERTEX_POINT('',#11817);
#5792=VERTEX_POINT('',#11830);
#5793=VERTEX_POINT('',#11843);
#5794=VERTEX_POINT('',#11856);
#5795=VERTEX_POINT('',#11869);
#5796=VERTEX_POINT('',#11882);
#5797=VERTEX_POINT('',#11895);
#5798=VERTEX_POINT('',#11896);
#5799=VERTEX_POINT('',#11898);
#5800=VERTEX_POINT('',#11902);
#5801=VERTEX_POINT('',#11915);
#5802=VERTEX_POINT('',#11919);
#5803=VERTEX_POINT('',#11932);
#5804=VERTEX_POINT('',#11936);
#5805=VERTEX_POINT('',#11949);
#5806=VERTEX_POINT('',#11953);
#5807=VERTEX_POINT('',#11966);
#5808=VERTEX_POINT('',#11970);
#5809=VERTEX_POINT('',#12001);
#5810=VERTEX_POINT('',#12003);
#5811=VERTEX_POINT('',#12007);
#5812=VERTEX_POINT('',#12011);
#5813=VERTEX_POINT('',#12025);
#5814=VERTEX_POINT('',#12029);
#5815=VERTEX_POINT('',#12042);
#5816=VERTEX_POINT('',#12055);
#5817=VERTEX_POINT('',#12068);
#5818=VERTEX_POINT('',#12081);
#5819=VERTEX_POINT('',#12085);
#5820=VERTEX_POINT('',#12089);
#5821=VERTEX_POINT('',#12102);
#5822=VERTEX_POINT('',#12115);
#5823=VERTEX_POINT('',#12128);
#5824=VERTEX_POINT('',#12141);
#5825=VERTEX_POINT('',#12145);
#5826=VERTEX_POINT('',#12158);
#5827=VERTEX_POINT('',#12171);
#5828=VERTEX_POINT('',#12184);
#5829=VERTEX_POINT('',#12197);
#5830=VERTEX_POINT('',#12201);
#5831=VERTEX_POINT('',#12214);
#5832=VERTEX_POINT('',#12227);
#5833=VERTEX_POINT('',#12231);
#5834=VERTEX_POINT('',#12235);
#5835=VERTEX_POINT('',#12239);
#5836=VERTEX_POINT('',#12243);
#5837=VERTEX_POINT('',#12247);
#5838=VERTEX_POINT('',#12251);
#5839=VERTEX_POINT('',#12264);
#5840=VERTEX_POINT('',#12277);
#5841=VERTEX_POINT('',#12281);
#5842=VERTEX_POINT('',#12282);
#5843=VERTEX_POINT('',#12284);
#5844=VERTEX_POINT('',#12286);
#5845=VERTEX_POINT('',#12290);
#5846=VERTEX_POINT('',#12292);
#5847=VERTEX_POINT('',#12305);
#5848=VERTEX_POINT('',#12309);
#5849=VERTEX_POINT('',#12313);
#5850=VERTEX_POINT('',#12315);
#5851=VERTEX_POINT('',#12328);
#5852=VERTEX_POINT('',#12332);
#5853=VERTEX_POINT('',#12345);
#5854=VERTEX_POINT('',#12349);
#5855=VERTEX_POINT('',#12362);
#5856=VERTEX_POINT('',#12366);
#5857=VERTEX_POINT('',#12370);
#5858=VERTEX_POINT('',#12372);
#5859=VERTEX_POINT('',#12376);
#5860=VERTEX_POINT('',#12378);
#5861=VERTEX_POINT('',#12396);
#5862=VERTEX_POINT('',#12400);
#5863=VERTEX_POINT('',#12413);
#5864=VERTEX_POINT('',#12426);
#5865=VERTEX_POINT('',#12439);
#5866=VERTEX_POINT('',#12452);
#5867=VERTEX_POINT('',#12456);
#5868=VERTEX_POINT('',#12460);
#5869=VERTEX_POINT('',#12473);
#5870=VERTEX_POINT('',#12486);
#5871=VERTEX_POINT('',#12499);
#5872=VERTEX_POINT('',#12512);
#5873=VERTEX_POINT('',#12516);
#5874=VERTEX_POINT('',#12529);
#5875=VERTEX_POINT('',#12542);
#5876=VERTEX_POINT('',#12555);
#5877=VERTEX_POINT('',#12568);
#5878=VERTEX_POINT('',#12572);
#5879=VERTEX_POINT('',#12585);
#5880=VERTEX_POINT('',#12598);
#5881=VERTEX_POINT('',#12602);
#5882=VERTEX_POINT('',#12606);
#5883=VERTEX_POINT('',#12610);
#5884=VERTEX_POINT('',#12614);
#5885=VERTEX_POINT('',#12618);
#5886=VERTEX_POINT('',#12622);
#5887=VERTEX_POINT('',#12635);
#5888=VERTEX_POINT('',#12648);
#5889=VERTEX_POINT('',#12652);
#5890=VERTEX_POINT('',#12653);
#5891=VERTEX_POINT('',#12655);
#5892=VERTEX_POINT('',#12657);
#5893=VERTEX_POINT('',#12661);
#5894=VERTEX_POINT('',#12663);
#5895=VERTEX_POINT('',#12676);
#5896=VERTEX_POINT('',#12680);
#5897=VERTEX_POINT('',#12684);
#5898=VERTEX_POINT('',#12686);
#5899=VERTEX_POINT('',#12699);
#5900=VERTEX_POINT('',#12703);
#5901=VERTEX_POINT('',#12716);
#5902=VERTEX_POINT('',#12720);
#5903=VERTEX_POINT('',#12733);
#5904=VERTEX_POINT('',#12737);
#5905=VERTEX_POINT('',#12741);
#5906=VERTEX_POINT('',#12743);
#5907=VERTEX_POINT('',#12747);
#5908=VERTEX_POINT('',#12749);
#5909=VERTEX_POINT('',#12760);
#5910=VERTEX_POINT('',#12762);
#5911=VERTEX_POINT('',#12775);
#5912=VERTEX_POINT('',#12779);
#5913=VERTEX_POINT('',#12783);
#5914=VERTEX_POINT('',#12796);
#5915=VERTEX_POINT('',#12809);
#5916=VERTEX_POINT('',#12822);
#5917=VERTEX_POINT('',#12835);
#5918=VERTEX_POINT('',#12848);
#5919=VERTEX_POINT('',#12861);
#5920=VERTEX_POINT('',#12874);
#5921=VERTEX_POINT('',#12878);
#5922=VERTEX_POINT('',#12882);
#5923=VERTEX_POINT('',#12886);
#5924=VERTEX_POINT('',#12890);
#5925=VERTEX_POINT('',#12894);
#5926=VERTEX_POINT('',#12907);
#5927=VERTEX_POINT('',#12908);
#5928=VERTEX_POINT('',#12910);
#5929=VERTEX_POINT('',#12914);
#5930=VERTEX_POINT('',#12927);
#5931=VERTEX_POINT('',#12931);
#5932=VERTEX_POINT('',#12944);
#5933=VERTEX_POINT('',#12948);
#5934=VERTEX_POINT('',#12961);
#5935=VERTEX_POINT('',#12965);
#5936=VERTEX_POINT('',#12978);
#5937=VERTEX_POINT('',#12982);
#5938=VERTEX_POINT('',#12995);
#5939=VERTEX_POINT('',#12999);
#5940=VERTEX_POINT('',#13021);
#5941=VERTEX_POINT('',#13023);
#5942=VERTEX_POINT('',#13027);
#5943=VERTEX_POINT('',#13031);
#5944=VERTEX_POINT('',#13044);
#5945=VERTEX_POINT('',#13048);
#5946=VERTEX_POINT('',#13052);
#5947=VERTEX_POINT('',#13056);
#5948=VERTEX_POINT('',#13060);
#5949=VERTEX_POINT('',#13064);
#5950=VERTEX_POINT('',#13068);
#5951=VERTEX_POINT('',#13072);
#5952=VERTEX_POINT('',#13076);
#5953=VERTEX_POINT('',#13080);
#5954=VERTEX_POINT('',#13084);
#5955=VERTEX_POINT('',#13088);
#5956=VERTEX_POINT('',#13101);
#5957=VERTEX_POINT('',#13105);
#5958=VERTEX_POINT('',#13109);
#5959=VERTEX_POINT('',#13116);
#5960=VERTEX_POINT('',#13118);
#5961=VERTEX_POINT('',#13122);
#5962=VERTEX_POINT('',#13135);
#5963=VERTEX_POINT('',#13148);
#5964=VERTEX_POINT('',#13161);
#5965=VERTEX_POINT('',#13165);
#5966=VERTEX_POINT('',#13169);
#5967=VERTEX_POINT('',#13173);
#5968=VERTEX_POINT('',#13186);
#5969=VERTEX_POINT('',#13190);
#5970=VERTEX_POINT('',#13203);
#5971=VERTEX_POINT('',#13207);
#5972=VERTEX_POINT('',#13220);
#5973=VERTEX_POINT('',#13233);
#5974=VERTEX_POINT('',#13246);
#5975=VERTEX_POINT('',#13259);
#5976=VERTEX_POINT('',#13266);
#5977=VERTEX_POINT('',#13268);
#5978=VERTEX_POINT('',#13272);
#5979=VERTEX_POINT('',#13276);
#5980=VERTEX_POINT('',#13280);
#5981=VERTEX_POINT('',#13284);
#5982=VERTEX_POINT('',#13288);
#5983=VERTEX_POINT('',#13292);
#5984=VERTEX_POINT('',#13296);
#5985=VERTEX_POINT('',#13300);
#5986=VERTEX_POINT('',#13307);
#5987=VERTEX_POINT('',#13309);
#5988=VERTEX_POINT('',#13313);
#5989=VERTEX_POINT('',#13317);
#5990=VERTEX_POINT('',#13321);
#5991=VERTEX_POINT('',#13325);
#5992=VERTEX_POINT('',#13329);
#5993=VERTEX_POINT('',#13333);
#5994=VERTEX_POINT('',#13337);
#5995=VERTEX_POINT('',#13341);
#5996=VERTEX_POINT('',#13348);
#5997=VERTEX_POINT('',#13350);
#5998=VERTEX_POINT('',#13363);
#5999=VERTEX_POINT('',#13376);
#6000=VERTEX_POINT('',#13389);
#6001=VERTEX_POINT('',#13402);
#6002=VERTEX_POINT('',#13406);
#6003=VERTEX_POINT('',#13410);
#6004=VERTEX_POINT('',#13414);
#6005=VERTEX_POINT('',#13427);
#6006=VERTEX_POINT('',#13440);
#6007=VERTEX_POINT('',#13453);
#6008=VERTEX_POINT('',#13457);
#6009=VERTEX_POINT('',#13461);
#6010=VERTEX_POINT('',#13465);
#6011=VERTEX_POINT('',#13469);
#6012=VERTEX_POINT('',#13473);
#6013=VERTEX_POINT('',#13480);
#6014=VERTEX_POINT('',#13482);
#6015=VERTEX_POINT('',#13486);
#6016=VERTEX_POINT('',#13490);
#6017=VERTEX_POINT('',#13497);
#6018=VERTEX_POINT('',#13499);
#6019=VERTEX_POINT('',#13503);
#6020=VERTEX_POINT('',#13507);
#6021=VERTEX_POINT('',#13521);
#6022=VERTEX_POINT('',#13525);
#6023=VERTEX_POINT('',#13538);
#6024=VERTEX_POINT('',#13551);
#6025=VERTEX_POINT('',#13564);
#6026=VERTEX_POINT('',#13577);
#6027=VERTEX_POINT('',#13581);
#6028=VERTEX_POINT('',#13585);
#6029=VERTEX_POINT('',#13598);
#6030=VERTEX_POINT('',#13611);
#6031=VERTEX_POINT('',#13624);
#6032=VERTEX_POINT('',#13637);
#6033=VERTEX_POINT('',#13641);
#6034=VERTEX_POINT('',#13654);
#6035=VERTEX_POINT('',#13667);
#6036=VERTEX_POINT('',#13680);
#6037=VERTEX_POINT('',#13693);
#6038=VERTEX_POINT('',#13697);
#6039=VERTEX_POINT('',#13710);
#6040=VERTEX_POINT('',#13723);
#6041=VERTEX_POINT('',#13727);
#6042=VERTEX_POINT('',#13731);
#6043=VERTEX_POINT('',#13735);
#6044=VERTEX_POINT('',#13739);
#6045=VERTEX_POINT('',#13743);
#6046=VERTEX_POINT('',#13747);
#6047=VERTEX_POINT('',#13760);
#6048=VERTEX_POINT('',#13773);
#6049=VERTEX_POINT('',#13777);
#6050=VERTEX_POINT('',#13778);
#6051=VERTEX_POINT('',#13780);
#6052=VERTEX_POINT('',#13782);
#6053=VERTEX_POINT('',#13786);
#6054=VERTEX_POINT('',#13788);
#6055=VERTEX_POINT('',#13801);
#6056=VERTEX_POINT('',#13805);
#6057=VERTEX_POINT('',#13809);
#6058=VERTEX_POINT('',#13811);
#6059=VERTEX_POINT('',#13824);
#6060=VERTEX_POINT('',#13828);
#6061=VERTEX_POINT('',#13841);
#6062=VERTEX_POINT('',#13845);
#6063=VERTEX_POINT('',#13858);
#6064=VERTEX_POINT('',#13862);
#6065=VERTEX_POINT('',#13866);
#6066=VERTEX_POINT('',#13868);
#6067=VERTEX_POINT('',#13881);
#6068=VERTEX_POINT('',#13885);
#6069=VERTEX_POINT('',#13896);
#6070=VERTEX_POINT('',#13898);
#6071=VERTEX_POINT('',#13902);
#6072=VERTEX_POINT('',#13906);
#6073=VERTEX_POINT('',#13919);
#6074=VERTEX_POINT('',#13923);
#6075=VERTEX_POINT('',#13927);
#6076=VERTEX_POINT('',#13931);
#6077=VERTEX_POINT('',#13935);
#6078=VERTEX_POINT('',#13939);
#6079=VERTEX_POINT('',#13943);
#6080=VERTEX_POINT('',#13947);
#6081=VERTEX_POINT('',#13951);
#6082=VERTEX_POINT('',#13955);
#6083=VERTEX_POINT('',#13959);
#6084=VERTEX_POINT('',#13963);
#6085=VERTEX_POINT('',#13976);
#6086=VERTEX_POINT('',#13980);
#6087=VERTEX_POINT('',#13984);
#6088=B_SPLINE_CURVE_WITH_KNOTS('',2,(#9770,#9771,#9772),.UNSPECIFIED.,
 .F.,.F.,(3,3),(0.,1.),.PIECEWISE_BEZIER_KNOTS.);
#6089=B_SPLINE_CURVE_WITH_KNOTS('',2,(#9775,#9776,#9777),.UNSPECIFIED.,
 .F.,.F.,(3,3),(0.,1.),.PIECEWISE_BEZIER_KNOTS.);
#6090=B_SPLINE_CURVE_WITH_KNOTS('',2,(#9779,#9780,#9781),.UNSPECIFIED.,
 .F.,.F.,(3,3),(0.,1.),.PIECEWISE_BEZIER_KNOTS.);
#6091=B_SPLINE_CURVE_WITH_KNOTS('',2,(#9783,#9784,#9785),.UNSPECIFIED.,
 .F.,.F.,(3,3),(0.,1.),.PIECEWISE_BEZIER_KNOTS.);
#6092=B_SPLINE_CURVE_WITH_KNOTS('',2,(#9787,#9788,#9789),.UNSPECIFIED.,
 .F.,.F.,(3,3),(0.,1.),.PIECEWISE_BEZIER_KNOTS.);
#6093=B_SPLINE_CURVE_WITH_KNOTS('',2,(#9795,#9796,#9797),.UNSPECIFIED.,
 .F.,.F.,(3,3),(0.,1.),.PIECEWISE_BEZIER_KNOTS.);
#6094=B_SPLINE_CURVE_WITH_KNOTS('',2,(#9799,#9800,#9801),.UNSPECIFIED.,
 .F.,.F.,(3,3),(0.,1.),.PIECEWISE_BEZIER_KNOTS.);
#6095=B_SPLINE_CURVE_WITH_KNOTS('',2,(#9803,#9804,#9805),.UNSPECIFIED.,
 .F.,.F.,(3,3),(0.,1.),.PIECEWISE_BEZIER_KNOTS.);
#6096=B_SPLINE_CURVE_WITH_KNOTS('',2,(#9807,#9808,#9809),.UNSPECIFIED.,
 .F.,.F.,(3,3),(0.,1.),.PIECEWISE_BEZIER_KNOTS.);
#6097=B_SPLINE_CURVE_WITH_KNOTS('',2,(#9813,#9814,#9815),.UNSPECIFIED.,
 .F.,.F.,(3,3),(0.,1.),.PIECEWISE_BEZIER_KNOTS.);
#6098=B_SPLINE_CURVE_WITH_KNOTS('',2,(#9817,#9818,#9819),.UNSPECIFIED.,
 .F.,.F.,(3,3),(0.,1.),.PIECEWISE_BEZIER_KNOTS.);
#6099=B_SPLINE_CURVE_WITH_KNOTS('',2,(#9821,#9822,#9823),.UNSPECIFIED.,
 .F.,.F.,(3,3),(0.,1.),.PIECEWISE_BEZIER_KNOTS.);
#6100=B_SPLINE_CURVE_WITH_KNOTS('',2,(#9825,#9826,#9827),.UNSPECIFIED.,
 .F.,.F.,(3,3),(0.,1.),.PIECEWISE_BEZIER_KNOTS.);
#6101=B_SPLINE_CURVE_WITH_KNOTS('',2,(#9831,#9832,#9833),.UNSPECIFIED.,
 .F.,.F.,(3,3),(0.,1.),.PIECEWISE_BEZIER_KNOTS.);
#6102=B_SPLINE_CURVE_WITH_KNOTS('',2,(#9835,#9836,#9837),.UNSPECIFIED.,
 .F.,.F.,(3,3),(0.,1.),.PIECEWISE_BEZIER_KNOTS.);
#6103=B_SPLINE_CURVE_WITH_KNOTS('',2,(#9851,#9852,#9853),.UNSPECIFIED.,
 .F.,.F.,(3,3),(0.,1.),.PIECEWISE_BEZIER_KNOTS.);
#6104=B_SPLINE_CURVE_WITH_KNOTS('',2,(#9855,#9856,#9857),.UNSPECIFIED.,
 .F.,.F.,(3,3),(0.,1.),.PIECEWISE_BEZIER_KNOTS.);
#6105=B_SPLINE_CURVE_WITH_KNOTS('',2,(#9893,#9894,#9895),.UNSPECIFIED.,
 .F.,.F.,(3,3),(0.,1.),.PIECEWISE_BEZIER_KNOTS.);
#6106=B_SPLINE_CURVE_WITH_KNOTS('',2,(#9897,#9898,#9899),.UNSPECIFIED.,
 .F.,.F.,(3,3),(0.,1.),.PIECEWISE_BEZIER_KNOTS.);
#6107=B_SPLINE_CURVE_WITH_KNOTS('',2,(#9901,#9902,#9903),.UNSPECIFIED.,
 .F.,.F.,(3,3),(0.,1.),.PIECEWISE_BEZIER_KNOTS.);
#6108=B_SPLINE_CURVE_WITH_KNOTS('',2,(#9911,#9912,#9913),.UNSPECIFIED.,
 .F.,.F.,(3,3),(0.,1.),.PIECEWISE_BEZIER_KNOTS.);
#6109=B_SPLINE_CURVE_WITH_KNOTS('',2,(#9917,#9918,#9919),.UNSPECIFIED.,
 .F.,.F.,(3,3),(0.,1.),.PIECEWISE_BEZIER_KNOTS.);
#6110=B_SPLINE_CURVE_WITH_KNOTS('',2,(#9923,#9924,#9925),.UNSPECIFIED.,
 .F.,.F.,(3,3),(0.,1.),.PIECEWISE_BEZIER_KNOTS.);
#6111=B_SPLINE_CURVE_WITH_KNOTS('',2,(#9927,#9928,#9929),.UNSPECIFIED.,
 .F.,.F.,(3,3),(0.,1.),.PIECEWISE_BEZIER_KNOTS.);
#6112=B_SPLINE_CURVE_WITH_KNOTS('',2,(#9931,#9932,#9933),.UNSPECIFIED.,
 .F.,.F.,(3,3),(0.,1.),.PIECEWISE_BEZIER_KNOTS.);
#6113=B_SPLINE_CURVE_WITH_KNOTS('',2,(#9935,#9936,#9937),.UNSPECIFIED.,
 .F.,.F.,(3,3),(0.,1.),.PIECEWISE_BEZIER_KNOTS.);
#6114=B_SPLINE_CURVE_WITH_KNOTS('',2,(#9943,#9944,#9945),.UNSPECIFIED.,
 .F.,.F.,(3,3),(0.,1.),.PIECEWISE_BEZIER_KNOTS.);
#6115=B_SPLINE_CURVE_WITH_KNOTS('',2,(#9951,#9952,#9953),.UNSPECIFIED.,
 .F.,.F.,(3,3),(0.,1.),.PIECEWISE_BEZIER_KNOTS.);
#6116=B_SPLINE_CURVE_WITH_KNOTS('',2,(#9955,#9956,#9957),.UNSPECIFIED.,
 .F.,.F.,(3,3),(0.,1.),.PIECEWISE_BEZIER_KNOTS.);
#6117=B_SPLINE_CURVE_WITH_KNOTS('',2,(#9959,#9960,#9961),.UNSPECIFIED.,
 .F.,.F.,(3,3),(0.,1.),.PIECEWISE_BEZIER_KNOTS.);
#6118=B_SPLINE_CURVE_WITH_KNOTS('',2,(#9963,#9964,#9965),.UNSPECIFIED.,
 .F.,.F.,(3,3),(0.,1.),.PIECEWISE_BEZIER_KNOTS.);
#6119=B_SPLINE_CURVE_WITH_KNOTS('',2,(#9967,#9968,#9969),.UNSPECIFIED.,
 .F.,.F.,(3,3),(0.,1.),.PIECEWISE_BEZIER_KNOTS.);
#6120=B_SPLINE_CURVE_WITH_KNOTS('',2,(#9971,#9972,#9973),.UNSPECIFIED.,
 .F.,.F.,(3,3),(0.,1.),.PIECEWISE_BEZIER_KNOTS.);
#6121=B_SPLINE_CURVE_WITH_KNOTS('',2,(#9975,#9976,#9977),.UNSPECIFIED.,
 .F.,.F.,(3,3),(0.,1.),.PIECEWISE_BEZIER_KNOTS.);
#6122=B_SPLINE_CURVE_WITH_KNOTS('',2,(#9990,#9991,#9992),.UNSPECIFIED.,
 .F.,.F.,(3,3),(0.,1.),.PIECEWISE_BEZIER_KNOTS.);
#6123=B_SPLINE_CURVE_WITH_KNOTS('',2,(#9995,#9996,#9997),.UNSPECIFIED.,
 .F.,.F.,(3,3),(0.,1.),.PIECEWISE_BEZIER_KNOTS.);
#6124=B_SPLINE_CURVE_WITH_KNOTS('',2,(#9999,#10000,#10001),
 .UNSPECIFIED.,.F.,.F.,(3,3),(0.,1.),.PIECEWISE_BEZIER_KNOTS.);
#6125=B_SPLINE_CURVE_WITH_KNOTS('',2,(#10003,#10004,#10005),
 .UNSPECIFIED.,.F.,.F.,(3,3),(0.,1.),.PIECEWISE_BEZIER_KNOTS.);
#6126=B_SPLINE_CURVE_WITH_KNOTS('',2,(#10007,#10008,#10009),
 .UNSPECIFIED.,.F.,.F.,(3,3),(0.,1.),.PIECEWISE_BEZIER_KNOTS.);
#6127=B_SPLINE_CURVE_WITH_KNOTS('',2,(#10015,#10016,#10017),
 .UNSPECIFIED.,.F.,.F.,(3,3),(0.,1.),.PIECEWISE_BEZIER_KNOTS.);
#6128=B_SPLINE_CURVE_WITH_KNOTS('',2,(#10019,#10020,#10021),
 .UNSPECIFIED.,.F.,.F.,(3,3),(0.,1.),.PIECEWISE_BEZIER_KNOTS.);
#6129=B_SPLINE_CURVE_WITH_KNOTS('',2,(#10023,#10024,#10025),
 .UNSPECIFIED.,.F.,.F.,(3,3),(0.,1.),.PIECEWISE_BEZIER_KNOTS.);
#6130=B_SPLINE_CURVE_WITH_KNOTS('',2,(#10027,#10028,#10029),
 .UNSPECIFIED.,.F.,.F.,(3,3),(0.,1.),.PIECEWISE_BEZIER_KNOTS.);
#6131=B_SPLINE_CURVE_WITH_KNOTS('',2,(#10033,#10034,#10035),
 .UNSPECIFIED.,.F.,.F.,(3,3),(0.,1.),.PIECEWISE_BEZIER_KNOTS.);
#6132=B_SPLINE_CURVE_WITH_KNOTS('',2,(#10037,#10038,#10039),
 .UNSPECIFIED.,.F.,.F.,(3,3),(0.,1.),.PIECEWISE_BEZIER_KNOTS.);
#6133=B_SPLINE_CURVE_WITH_KNOTS('',2,(#10041,#10042,#10043),
 .UNSPECIFIED.,.F.,.F.,(3,3),(0.,1.),.PIECEWISE_BEZIER_KNOTS.);
#6134=B_SPLINE_CURVE_WITH_KNOTS('',2,(#10045,#10046,#10047),
 .UNSPECIFIED.,.F.,.F.,(3,3),(0.,1.),.PIECEWISE_BEZIER_KNOTS.);
#6135=B_SPLINE_CURVE_WITH_KNOTS('',2,(#10051,#10052,#10053),
 .UNSPECIFIED.,.F.,.F.,(3,3),(0.,1.),.PIECEWISE_BEZIER_KNOTS.);
#6136=B_SPLINE_CURVE_WITH_KNOTS('',2,(#10055,#10056,#10057),
 .UNSPECIFIED.,.F.,.F.,(3,3),(0.,1.),.PIECEWISE_BEZIER_KNOTS.);
#6137=B_SPLINE_CURVE_WITH_KNOTS('',2,(#10071,#10072,#10073),
 .UNSPECIFIED.,.F.,.F.,(3,3),(0.,1.),.PIECEWISE_BEZIER_KNOTS.);
#6138=B_SPLINE_CURVE_WITH_KNOTS('',2,(#10075,#10076,#10077),
 .UNSPECIFIED.,.F.,.F.,(3,3),(0.,1.),.PIECEWISE_BEZIER_KNOTS.);
#6139=B_SPLINE_CURVE_WITH_KNOTS('',2,(#10080,#10081,#10082),
 .UNSPECIFIED.,.F.,.F.,(3,3),(0.,1.),.PIECEWISE_BEZIER_KNOTS.);
#6140=B_SPLINE_CURVE_WITH_KNOTS('',2,(#10085,#10086,#10087),
 .UNSPECIFIED.,.F.,.F.,(3,3),(0.,1.),.PIECEWISE_BEZIER_KNOTS.);
#6141=B_SPLINE_CURVE_WITH_KNOTS('',2,(#10089,#10090,#10091),
 .UNSPECIFIED.,.F.,.F.,(3,3),(0.,1.),.PIECEWISE_BEZIER_KNOTS.);
#6142=B_SPLINE_CURVE_WITH_KNOTS('',2,(#10093,#10094,#10095),
 .UNSPECIFIED.,.F.,.F.,(3,3),(0.,1.),.PIECEWISE_BEZIER_KNOTS.);
#6143=B_SPLINE_CURVE_WITH_KNOTS('',2,(#10097,#10098,#10099),
 .UNSPECIFIED.,.F.,.F.,(3,3),(0.,1.),.PIECEWISE_BEZIER_KNOTS.);
#6144=B_SPLINE_CURVE_WITH_KNOTS('',2,(#10101,#10102,#10103),
 .UNSPECIFIED.,.F.,.F.,(3,3),(0.,1.),.PIECEWISE_BEZIER_KNOTS.);
#6145=B_SPLINE_CURVE_WITH_KNOTS('',2,(#10105,#10106,#10107),
 .UNSPECIFIED.,.F.,.F.,(3,3),(0.,1.),.PIECEWISE_BEZIER_KNOTS.);
#6146=B_SPLINE_CURVE_WITH_KNOTS('',2,(#10109,#10110,#10111),
 .UNSPECIFIED.,.F.,.F.,(3,3),(0.,1.),.PIECEWISE_BEZIER_KNOTS.);
#6147=B_SPLINE_CURVE_WITH_KNOTS('',2,(#10117,#10118,#10119),
 .UNSPECIFIED.,.F.,.F.,(3,3),(0.,1.),.PIECEWISE_BEZIER_KNOTS.);
#6148=B_SPLINE_CURVE_WITH_KNOTS('',2,(#10121,#10122,#10123),
 .UNSPECIFIED.,.F.,.F.,(3,3),(0.,1.),.PIECEWISE_BEZIER_KNOTS.);
#6149=B_SPLINE_CURVE_WITH_KNOTS('',2,(#10125,#10126,#10127),
 .UNSPECIFIED.,.F.,.F.,(3,3),(0.,1.),.PIECEWISE_BEZIER_KNOTS.);
#6150=B_SPLINE_CURVE_WITH_KNOTS('',2,(#10141,#10142,#10143),
 .UNSPECIFIED.,.F.,.F.,(3,3),(0.,1.),.PIECEWISE_BEZIER_KNOTS.);
#6151=B_SPLINE_CURVE_WITH_KNOTS('',2,(#10149,#10150,#10151),
 .UNSPECIFIED.,.F.,.F.,(3,3),(0.,1.),.PIECEWISE_BEZIER_KNOTS.);
#6152=B_SPLINE_CURVE_WITH_KNOTS('',2,(#10153,#10154,#10155),
 .UNSPECIFIED.,.F.,.F.,(3,3),(0.,1.),.PIECEWISE_BEZIER_KNOTS.);
#6153=B_SPLINE_CURVE_WITH_KNOTS('',2,(#10157,#10158,#10159),
 .UNSPECIFIED.,.F.,.F.,(3,3),(0.,1.),.PIECEWISE_BEZIER_KNOTS.);
#6154=B_SPLINE_CURVE_WITH_KNOTS('',2,(#10161,#10162,#10163),
 .UNSPECIFIED.,.F.,.F.,(3,3),(0.,1.),.PIECEWISE_BEZIER_KNOTS.);
#6155=B_SPLINE_CURVE_WITH_KNOTS('',2,(#10174,#10175,#10176),
 .UNSPECIFIED.,.F.,.F.,(3,3),(0.,1.),.PIECEWISE_BEZIER_KNOTS.);
#6156=B_SPLINE_CURVE_WITH_KNOTS('',2,(#10179,#10180,#10181),
 .UNSPECIFIED.,.F.,.F.,(3,3),(0.,1.),.PIECEWISE_BEZIER_KNOTS.);
#6157=B_SPLINE_CURVE_WITH_KNOTS('',2,(#10183,#10184,#10185),
 .UNSPECIFIED.,.F.,.F.,(3,3),(0.,1.),.PIECEWISE_BEZIER_KNOTS.);
#6158=B_SPLINE_CURVE_WITH_KNOTS('',2,(#10187,#10188,#10189),
 .UNSPECIFIED.,.F.,.F.,(3,3),(0.,1.),.PIECEWISE_BEZIER_KNOTS.);
#6159=B_SPLINE_CURVE_WITH_KNOTS('',2,(#10191,#10192,#10193),
 .UNSPECIFIED.,.F.,.F.,(3,3),(0.,1.),.PIECEWISE_BEZIER_KNOTS.);
#6160=B_SPLINE_CURVE_WITH_KNOTS('',2,(#10195,#10196,#10197),
 .UNSPECIFIED.,.F.,.F.,(3,3),(0.,1.),.PIECEWISE_BEZIER_KNOTS.);
#6161=B_SPLINE_CURVE_WITH_KNOTS('',2,(#10199,#10200,#10201),
 .UNSPECIFIED.,.F.,.F.,(3,3),(0.,1.),.PIECEWISE_BEZIER_KNOTS.);
#6162=B_SPLINE_CURVE_WITH_KNOTS('',2,(#10205,#10206,#10207),
 .UNSPECIFIED.,.F.,.F.,(3,3),(0.,1.),.PIECEWISE_BEZIER_KNOTS.);
#6163=B_SPLINE_CURVE_WITH_KNOTS('',2,(#10209,#10210,#10211),
 .UNSPECIFIED.,.F.,.F.,(3,3),(0.,1.),.PIECEWISE_BEZIER_KNOTS.);
#6164=B_SPLINE_CURVE_WITH_KNOTS('',2,(#10213,#10214,#10215),
 .UNSPECIFIED.,.F.,.F.,(3,3),(0.,1.),.PIECEWISE_BEZIER_KNOTS.);
#6165=B_SPLINE_CURVE_WITH_KNOTS('',2,(#10217,#10218,#10219),
 .UNSPECIFIED.,.F.,.F.,(3,3),(0.,1.),.PIECEWISE_BEZIER_KNOTS.);
#6166=B_SPLINE_CURVE_WITH_KNOTS('',2,(#10221,#10222,#10223),
 .UNSPECIFIED.,.F.,.F.,(3,3),(0.,1.),.PIECEWISE_BEZIER_KNOTS.);
#6167=B_SPLINE_CURVE_WITH_KNOTS('',2,(#10225,#10226,#10227),
 .UNSPECIFIED.,.F.,.F.,(3,3),(0.,1.),.PIECEWISE_BEZIER_KNOTS.);
#6168=B_SPLINE_CURVE_WITH_KNOTS('',2,(#10237,#10238,#10239),
 .UNSPECIFIED.,.F.,.F.,(3,3),(0.,1.),.PIECEWISE_BEZIER_KNOTS.);
#6169=B_SPLINE_CURVE_WITH_KNOTS('',2,(#10241,#10242,#10243),
 .UNSPECIFIED.,.F.,.F.,(3,3),(0.,1.),.PIECEWISE_BEZIER_KNOTS.);
#6170=B_SPLINE_CURVE_WITH_KNOTS('',2,(#10245,#10246,#10247),
 .UNSPECIFIED.,.F.,.F.,(3,3),(0.,1.),.PIECEWISE_BEZIER_KNOTS.);
#6171=B_SPLINE_CURVE_WITH_KNOTS('',2,(#10249,#10250,#10251),
 .UNSPECIFIED.,.F.,.F.,(3,3),(0.,1.),.PIECEWISE_BEZIER_KNOTS.);
#6172=B_SPLINE_CURVE_WITH_KNOTS('',2,(#10259,#10260,#10261),
 .UNSPECIFIED.,.F.,.F.,(3,3),(0.,1.),.PIECEWISE_BEZIER_KNOTS.);
#6173=B_SPLINE_CURVE_WITH_KNOTS('',2,(#10263,#10264,#10265),
 .UNSPECIFIED.,.F.,.F.,(3,3),(0.,1.),.PIECEWISE_BEZIER_KNOTS.);
#6174=B_SPLINE_CURVE_WITH_KNOTS('',2,(#10267,#10268,#10269),
 .UNSPECIFIED.,.F.,.F.,(3,3),(0.,1.),.PIECEWISE_BEZIER_KNOTS.);
#6175=B_SPLINE_CURVE_WITH_KNOTS('',2,(#10306,#10307,#10308),
 .UNSPECIFIED.,.F.,.F.,(3,3),(0.,1.),.PIECEWISE_BEZIER_KNOTS.);
#6176=B_SPLINE_CURVE_WITH_KNOTS('',2,(#10311,#10312,#10313),
 .UNSPECIFIED.,.F.,.F.,(3,3),(0.,1.),.PIECEWISE_BEZIER_KNOTS.);
#6177=B_SPLINE_CURVE_WITH_KNOTS('',2,(#10315,#10316,#10317),
 .UNSPECIFIED.,.F.,.F.,(3,3),(0.,1.),.PIECEWISE_BEZIER_KNOTS.);
#6178=B_SPLINE_CURVE_WITH_KNOTS('',2,(#10341,#10342,#10343),
 .UNSPECIFIED.,.F.,.F.,(3,3),(0.,1.),.PIECEWISE_BEZIER_KNOTS.);
#6179=B_SPLINE_CURVE_WITH_KNOTS('',2,(#10345,#10346,#10347),
 .UNSPECIFIED.,.F.,.F.,(3,3),(0.,1.),.PIECEWISE_BEZIER_KNOTS.);
#6180=B_SPLINE_CURVE_WITH_KNOTS('',2,(#10349,#10350,#10351),
 .UNSPECIFIED.,.F.,.F.,(3,3),(0.,1.),.PIECEWISE_BEZIER_KNOTS.);
#6181=B_SPLINE_CURVE_WITH_KNOTS('',2,(#10357,#10358,#10359),
 .UNSPECIFIED.,.F.,.F.,(3,3),(0.,1.),.PIECEWISE_BEZIER_KNOTS.);
#6182=B_SPLINE_CURVE_WITH_KNOTS('',2,(#10361,#10362,#10363),
 .UNSPECIFIED.,.F.,.F.,(3,3),(0.,1.),.PIECEWISE_BEZIER_KNOTS.);
#6183=B_SPLINE_CURVE_WITH_KNOTS('',2,(#10365,#10366,#10367),
 .UNSPECIFIED.,.F.,.F.,(3,3),(0.,1.),.PIECEWISE_BEZIER_KNOTS.);
#6184=B_SPLINE_CURVE_WITH_KNOTS('',2,(#10369,#10370,#10371),
 .UNSPECIFIED.,.F.,.F.,(3,3),(0.,1.),.PIECEWISE_BEZIER_KNOTS.);
#6185=B_SPLINE_CURVE_WITH_KNOTS('',2,(#10379,#10380,#10381),
 .UNSPECIFIED.,.F.,.F.,(3,3),(0.,1.),.PIECEWISE_BEZIER_KNOTS.);
#6186=B_SPLINE_CURVE_WITH_KNOTS('',2,(#10383,#10384,#10385),
 .UNSPECIFIED.,.F.,.F.,(3,3),(0.,1.),.PIECEWISE_BEZIER_KNOTS.);
#6187=B_SPLINE_CURVE_WITH_KNOTS('',2,(#10387,#10388,#10389),
 .UNSPECIFIED.,.F.,.F.,(3,3),(0.,1.),.PIECEWISE_BEZIER_KNOTS.);
#6188=B_SPLINE_CURVE_WITH_KNOTS('',2,(#10410,#10411,#10412),
 .UNSPECIFIED.,.F.,.F.,(3,3),(0.,1.),.PIECEWISE_BEZIER_KNOTS.);
#6189=B_SPLINE_CURVE_WITH_KNOTS('',2,(#10415,#10416,#10417),
 .UNSPECIFIED.,.F.,.F.,(3,3),(0.,1.),.PIECEWISE_BEZIER_KNOTS.);
#6190=B_SPLINE_CURVE_WITH_KNOTS('',2,(#10419,#10420,#10421),
 .UNSPECIFIED.,.F.,.F.,(3,3),(0.,1.),.PIECEWISE_BEZIER_KNOTS.);
#6191=B_SPLINE_CURVE_WITH_KNOTS('',2,(#10425,#10426,#10427),
 .UNSPECIFIED.,.F.,.F.,(3,3),(0.,1.),.PIECEWISE_BEZIER_KNOTS.);
#6192=B_SPLINE_CURVE_WITH_KNOTS('',2,(#10433,#10434,#10435),
 .UNSPECIFIED.,.F.,.F.,(3,3),(0.,1.),.PIECEWISE_BEZIER_KNOTS.);
#6193=B_SPLINE_CURVE_WITH_KNOTS('',2,(#10437,#10438,#10439),
 .UNSPECIFIED.,.F.,.F.,(3,3),(0.,1.),.PIECEWISE_BEZIER_KNOTS.);
#6194=B_SPLINE_CURVE_WITH_KNOTS('',2,(#10441,#10442,#10443),
 .UNSPECIFIED.,.F.,.F.,(3,3),(0.,1.),.PIECEWISE_BEZIER_KNOTS.);
#6195=B_SPLINE_CURVE_WITH_KNOTS('',2,(#10447,#10448,#10449),
 .UNSPECIFIED.,.F.,.F.,(3,3),(0.,1.),.PIECEWISE_BEZIER_KNOTS.);
#6196=B_SPLINE_CURVE_WITH_KNOTS('',2,(#10451,#10452,#10453),
 .UNSPECIFIED.,.F.,.F.,(3,3),(0.,1.),.PIECEWISE_BEZIER_KNOTS.);
#6197=B_SPLINE_CURVE_WITH_KNOTS('',2,(#10455,#10456,#10457),
 .UNSPECIFIED.,.F.,.F.,(3,3),(0.,1.),.PIECEWISE_BEZIER_KNOTS.);
#6198=B_SPLINE_CURVE_WITH_KNOTS('',2,(#10459,#10460,#10461),
 .UNSPECIFIED.,.F.,.F.,(3,3),(0.,1.),.PIECEWISE_BEZIER_KNOTS.);
#6199=B_SPLINE_CURVE_WITH_KNOTS('',2,(#10465,#10466,#10467),
 .UNSPECIFIED.,.F.,.F.,(3,3),(0.,1.),.PIECEWISE_BEZIER_KNOTS.);
#6200=B_SPLINE_CURVE_WITH_KNOTS('',2,(#10469,#10470,#10471),
 .UNSPECIFIED.,.F.,.F.,(3,3),(0.,1.),.PIECEWISE_BEZIER_KNOTS.);
#6201=B_SPLINE_CURVE_WITH_KNOTS('',2,(#10473,#10474,#10475),
 .UNSPECIFIED.,.F.,.F.,(3,3),(0.,1.),.PIECEWISE_BEZIER_KNOTS.);
#6202=B_SPLINE_CURVE_WITH_KNOTS('',2,(#10484,#10485,#10486),
 .UNSPECIFIED.,.F.,.F.,(3,3),(0.,1.),.PIECEWISE_BEZIER_KNOTS.);
#6203=B_SPLINE_CURVE_WITH_KNOTS('',2,(#10489,#10490,#10491),
 .UNSPECIFIED.,.F.,.F.,(3,3),(0.,1.),.PIECEWISE_BEZIER_KNOTS.);
#6204=B_SPLINE_CURVE_WITH_KNOTS('',2,(#10493,#10494,#10495),
 .UNSPECIFIED.,.F.,.F.,(3,3),(0.,1.),.PIECEWISE_BEZIER_KNOTS.);
#6205=B_SPLINE_CURVE_WITH_KNOTS('',2,(#10497,#10498,#10499),
 .UNSPECIFIED.,.F.,.F.,(3,3),(0.,1.),.PIECEWISE_BEZIER_KNOTS.);
#6206=B_SPLINE_CURVE_WITH_KNOTS('',2,(#10501,#10502,#10503),
 .UNSPECIFIED.,.F.,.F.,(3,3),(0.,1.),.PIECEWISE_BEZIER_KNOTS.);
#6207=B_SPLINE_CURVE_WITH_KNOTS('',2,(#10509,#10510,#10511),
 .UNSPECIFIED.,.F.,.F.,(3,3),(0.,1.),.PIECEWISE_BEZIER_KNOTS.);
#6208=B_SPLINE_CURVE_WITH_KNOTS('',2,(#10513,#10514,#10515),
 .UNSPECIFIED.,.F.,.F.,(3,3),(0.,1.),.PIECEWISE_BEZIER_KNOTS.);
#6209=B_SPLINE_CURVE_WITH_KNOTS('',2,(#10517,#10518,#10519),
 .UNSPECIFIED.,.F.,.F.,(3,3),(0.,1.),.PIECEWISE_BEZIER_KNOTS.);
#6210=B_SPLINE_CURVE_WITH_KNOTS('',2,(#10521,#10522,#10523),
 .UNSPECIFIED.,.F.,.F.,(3,3),(0.,1.),.PIECEWISE_BEZIER_KNOTS.);
#6211=B_SPLINE_CURVE_WITH_KNOTS('',2,(#10527,#10528,#10529),
 .UNSPECIFIED.,.F.,.F.,(3,3),(0.,1.),.PIECEWISE_BEZIER_KNOTS.);
#6212=B_SPLINE_CURVE_WITH_KNOTS('',2,(#10531,#10532,#10533),
 .UNSPECIFIED.,.F.,.F.,(3,3),(0.,1.),.PIECEWISE_BEZIER_KNOTS.);
#6213=B_SPLINE_CURVE_WITH_KNOTS('',2,(#10535,#10536,#10537),
 .UNSPECIFIED.,.F.,.F.,(3,3),(0.,1.),.PIECEWISE_BEZIER_KNOTS.);
#6214=B_SPLINE_CURVE_WITH_KNOTS('',2,(#10539,#10540,#10541),
 .UNSPECIFIED.,.F.,.F.,(3,3),(0.,1.),.PIECEWISE_BEZIER_KNOTS.);
#6215=B_SPLINE_CURVE_WITH_KNOTS('',2,(#10545,#10546,#10547),
 .UNSPECIFIED.,.F.,.F.,(3,3),(0.,1.),.PIECEWISE_BEZIER_KNOTS.);
#6216=B_SPLINE_CURVE_WITH_KNOTS('',2,(#10549,#10550,#10551),
 .UNSPECIFIED.,.F.,.F.,(3,3),(0.,1.),.PIECEWISE_BEZIER_KNOTS.);
#6217=B_SPLINE_CURVE_WITH_KNOTS('',2,(#10565,#10566,#10567),
 .UNSPECIFIED.,.F.,.F.,(3,3),(0.,1.),.PIECEWISE_BEZIER_KNOTS.);
#6218=B_SPLINE_CURVE_WITH_KNOTS('',2,(#10569,#10570,#10571),
 .UNSPECIFIED.,.F.,.F.,(3,3),(0.,1.),.PIECEWISE_BEZIER_KNOTS.);
#6219=B_SPLINE_CURVE_WITH_KNOTS('',2,(#10581,#10582,#10583),
 .UNSPECIFIED.,.F.,.F.,(3,3),(0.,1.),.PIECEWISE_BEZIER_KNOTS.);
#6220=B_SPLINE_CURVE_WITH_KNOTS('',2,(#10607,#10608,#10609),
 .UNSPECIFIED.,.F.,.F.,(3,3),(0.,1.),.PIECEWISE_BEZIER_KNOTS.);
#6221=B_SPLINE_CURVE_WITH_KNOTS('',2,(#10639,#10640,#10641),
 .UNSPECIFIED.,.F.,.F.,(3,3),(0.,1.),.PIECEWISE_BEZIER_KNOTS.);
#6222=B_SPLINE_CURVE_WITH_KNOTS('',2,(#10643,#10644,#10645),
 .UNSPECIFIED.,.F.,.F.,(3,3),(0.,1.),.PIECEWISE_BEZIER_KNOTS.);
#6223=B_SPLINE_CURVE_WITH_KNOTS('',2,(#10647,#10648,#10649),
 .UNSPECIFIED.,.F.,.F.,(3,3),(0.,1.),.PIECEWISE_BEZIER_KNOTS.);
#6224=B_SPLINE_CURVE_WITH_KNOTS('',2,(#10651,#10652,#10653),
 .UNSPECIFIED.,.F.,.F.,(3,3),(0.,1.),.PIECEWISE_BEZIER_KNOTS.);
#6225=B_SPLINE_CURVE_WITH_KNOTS('',2,(#10661,#10662,#10663),
 .UNSPECIFIED.,.F.,.F.,(3,3),(0.,1.),.PIECEWISE_BEZIER_KNOTS.);
#6226=B_SPLINE_CURVE_WITH_KNOTS('',2,(#10665,#10666,#10667),
 .UNSPECIFIED.,.F.,.F.,(3,3),(0.,1.),.PIECEWISE_BEZIER_KNOTS.);
#6227=B_SPLINE_CURVE_WITH_KNOTS('',2,(#10669,#10670,#10671),
 .UNSPECIFIED.,.F.,.F.,(3,3),(0.,1.),.PIECEWISE_BEZIER_KNOTS.);
#6228=B_SPLINE_CURVE_WITH_KNOTS('',2,(#10699,#10700,#10701),
 .UNSPECIFIED.,.F.,.F.,(3,3),(0.,1.),.PIECEWISE_BEZIER_KNOTS.);
#6229=B_SPLINE_CURVE_WITH_KNOTS('',2,(#10725,#10726,#10727),
 .UNSPECIFIED.,.F.,.F.,(3,3),(0.,1.),.PIECEWISE_BEZIER_KNOTS.);
#6230=B_SPLINE_CURVE_WITH_KNOTS('',2,(#10842,#10843,#10844),
 .UNSPECIFIED.,.F.,.F.,(3,3),(0.,1.),.PIECEWISE_BEZIER_KNOTS.);
#6231=B_SPLINE_CURVE_WITH_KNOTS('',2,(#10855,#10856,#10857),
 .UNSPECIFIED.,.F.,.F.,(3,3),(0.,1.),.PIECEWISE_BEZIER_KNOTS.);
#6232=B_SPLINE_CURVE_WITH_KNOTS('',2,(#10868,#10869,#10870),
 .UNSPECIFIED.,.F.,.F.,(3,3),(0.,1.),.PIECEWISE_BEZIER_KNOTS.);
#6233=B_SPLINE_CURVE_WITH_KNOTS('',2,(#10881,#10882,#10883),
 .UNSPECIFIED.,.F.,.F.,(3,3),(0.,1.),.PIECEWISE_BEZIER_KNOTS.);
#6234=B_SPLINE_CURVE_WITH_KNOTS('',2,(#10906,#10907,#10908),
 .UNSPECIFIED.,.F.,.F.,(3,3),(0.,1.),.PIECEWISE_BEZIER_KNOTS.);
#6235=B_SPLINE_CURVE_WITH_KNOTS('',2,(#10919,#10920,#10921),
 .UNSPECIFIED.,.F.,.F.,(3,3),(0.,1.),.PIECEWISE_BEZIER_KNOTS.);
#6236=B_SPLINE_CURVE_WITH_KNOTS('',2,(#10932,#10933,#10934),
 .UNSPECIFIED.,.F.,.F.,(3,3),(0.,1.),.PIECEWISE_BEZIER_KNOTS.);
#6237=B_SPLINE_CURVE_WITH_KNOTS('',2,(#10970,#10971,#10972),
 .UNSPECIFIED.,.F.,.F.,(3,3),(0.,1.),.PIECEWISE_BEZIER_KNOTS.);
#6238=B_SPLINE_CURVE_WITH_KNOTS('',2,(#10983,#10984,#10985),
 .UNSPECIFIED.,.F.,.F.,(3,3),(0.,1.),.PIECEWISE_BEZIER_KNOTS.);
#6239=B_SPLINE_CURVE_WITH_KNOTS('',2,(#10996,#10997,#10998),
 .UNSPECIFIED.,.F.,.F.,(3,3),(0.,1.),.PIECEWISE_BEZIER_KNOTS.);
#6240=B_SPLINE_CURVE_WITH_KNOTS('',2,(#11053,#11054,#11055),
 .UNSPECIFIED.,.F.,.F.,(3,3),(0.,1.),.PIECEWISE_BEZIER_KNOTS.);
#6241=B_SPLINE_CURVE_WITH_KNOTS('',2,(#11066,#11067,#11068),
 .UNSPECIFIED.,.F.,.F.,(3,3),(0.,1.),.PIECEWISE_BEZIER_KNOTS.);
#6242=B_SPLINE_CURVE_WITH_KNOTS('',2,(#11079,#11080,#11081),
 .UNSPECIFIED.,.F.,.F.,(3,3),(0.,1.),.PIECEWISE_BEZIER_KNOTS.);
#6243=B_SPLINE_CURVE_WITH_KNOTS('',2,(#11097,#11098,#11099),
 .UNSPECIFIED.,.F.,.F.,(3,3),(0.,1.),.PIECEWISE_BEZIER_KNOTS.);
#6244=B_SPLINE_CURVE_WITH_KNOTS('',2,(#11110,#11111,#11112),
 .UNSPECIFIED.,.F.,.F.,(3,3),(0.,1.),.PIECEWISE_BEZIER_KNOTS.);
#6245=B_SPLINE_CURVE_WITH_KNOTS('',2,(#11123,#11124,#11125),
 .UNSPECIFIED.,.F.,.F.,(3,3),(0.,1.),.PIECEWISE_BEZIER_KNOTS.);
#6246=B_SPLINE_CURVE_WITH_KNOTS('',2,(#11136,#11137,#11138),
 .UNSPECIFIED.,.F.,.F.,(3,3),(0.,1.),.PIECEWISE_BEZIER_KNOTS.);
#6247=B_SPLINE_CURVE_WITH_KNOTS('',2,(#11149,#11150,#11151),
 .UNSPECIFIED.,.F.,.F.,(3,3),(0.,1.),.PIECEWISE_BEZIER_KNOTS.);
#6248=B_SPLINE_CURVE_WITH_KNOTS('',2,(#11162,#11163,#11164),
 .UNSPECIFIED.,.F.,.F.,(3,3),(0.,1.),.PIECEWISE_BEZIER_KNOTS.);
#6249=B_SPLINE_CURVE_WITH_KNOTS('',2,(#11175,#11176,#11177),
 .UNSPECIFIED.,.F.,.F.,(3,3),(0.,1.),.PIECEWISE_BEZIER_KNOTS.);
#6250=B_SPLINE_CURVE_WITH_KNOTS('',2,(#11192,#11193,#11194),
 .UNSPECIFIED.,.F.,.F.,(3,3),(0.,1.),.PIECEWISE_BEZIER_KNOTS.);
#6251=B_SPLINE_CURVE_WITH_KNOTS('',2,(#11205,#11206,#11207),
 .UNSPECIFIED.,.F.,.F.,(3,3),(0.,1.),.PIECEWISE_BEZIER_KNOTS.);
#6252=B_SPLINE_CURVE_WITH_KNOTS('',2,(#11218,#11219,#11220),
 .UNSPECIFIED.,.F.,.F.,(3,3),(0.,1.),.PIECEWISE_BEZIER_KNOTS.);
#6253=B_SPLINE_CURVE_WITH_KNOTS('',2,(#11231,#11232,#11233),
 .UNSPECIFIED.,.F.,.F.,(3,3),(0.,1.),.PIECEWISE_BEZIER_KNOTS.);
#6254=B_SPLINE_CURVE_WITH_KNOTS('',2,(#11244,#11245,#11246),
 .UNSPECIFIED.,.F.,.F.,(3,3),(0.,1.),.PIECEWISE_BEZIER_KNOTS.);
#6255=B_SPLINE_CURVE_WITH_KNOTS('',2,(#11257,#11258,#11259),
 .UNSPECIFIED.,.F.,.F.,(3,3),(0.,1.),.PIECEWISE_BEZIER_KNOTS.);
#6256=B_SPLINE_CURVE_WITH_KNOTS('',2,(#11287,#11288,#11289),
 .UNSPECIFIED.,.F.,.F.,(3,3),(0.,1.),.PIECEWISE_BEZIER_KNOTS.);
#6257=B_SPLINE_CURVE_WITH_KNOTS('',2,(#11300,#11301,#11302),
 .UNSPECIFIED.,.F.,.F.,(3,3),(0.,1.),.PIECEWISE_BEZIER_KNOTS.);
#6258=B_SPLINE_CURVE_WITH_KNOTS('',2,(#11313,#11314,#11315),
 .UNSPECIFIED.,.F.,.F.,(3,3),(0.,1.),.PIECEWISE_BEZIER_KNOTS.);
#6259=B_SPLINE_CURVE_WITH_KNOTS('',2,(#11326,#11327,#11328),
 .UNSPECIFIED.,.F.,.F.,(3,3),(0.,1.),.PIECEWISE_BEZIER_KNOTS.);
#6260=B_SPLINE_CURVE_WITH_KNOTS('',2,(#11351,#11352,#11353),
 .UNSPECIFIED.,.F.,.F.,(3,3),(0.,1.),.PIECEWISE_BEZIER_KNOTS.);
#6261=B_SPLINE_CURVE_WITH_KNOTS('',2,(#11364,#11365,#11366),
 .UNSPECIFIED.,.F.,.F.,(3,3),(0.,1.),.PIECEWISE_BEZIER_KNOTS.);
#6262=B_SPLINE_CURVE_WITH_KNOTS('',2,(#11377,#11378,#11379),
 .UNSPECIFIED.,.F.,.F.,(3,3),(0.,1.),.PIECEWISE_BEZIER_KNOTS.);
#6263=B_SPLINE_CURVE_WITH_KNOTS('',2,(#11457,#11458,#11459),
 .UNSPECIFIED.,.F.,.F.,(3,3),(0.,1.),.PIECEWISE_BEZIER_KNOTS.);
#6264=B_SPLINE_CURVE_WITH_KNOTS('',2,(#11470,#11471,#11472),
 .UNSPECIFIED.,.F.,.F.,(3,3),(0.,1.),.PIECEWISE_BEZIER_KNOTS.);
#6265=B_SPLINE_CURVE_WITH_KNOTS('',2,(#11483,#11484,#11485),
 .UNSPECIFIED.,.F.,.F.,(3,3),(0.,1.),.PIECEWISE_BEZIER_KNOTS.);
#6266=B_SPLINE_CURVE_WITH_KNOTS('',2,(#11520,#11521,#11522),
 .UNSPECIFIED.,.F.,.F.,(3,3),(0.,1.),.PIECEWISE_BEZIER_KNOTS.);
#6267=B_SPLINE_CURVE_WITH_KNOTS('',2,(#11541,#11542,#11543),
 .UNSPECIFIED.,.F.,.F.,(3,3),(0.,1.),.PIECEWISE_BEZIER_KNOTS.);
#6268=B_SPLINE_CURVE_WITH_KNOTS('',2,(#11554,#11555,#11556),
 .UNSPECIFIED.,.F.,.F.,(3,3),(0.,1.),.PIECEWISE_BEZIER_KNOTS.);
#6269=B_SPLINE_CURVE_WITH_KNOTS('',2,(#11567,#11568,#11569),
 .UNSPECIFIED.,.F.,.F.,(3,3),(0.,1.),.PIECEWISE_BEZIER_KNOTS.);
#6270=B_SPLINE_CURVE_WITH_KNOTS('',2,(#11580,#11581,#11582),
 .UNSPECIFIED.,.F.,.F.,(3,3),(0.,1.),.PIECEWISE_BEZIER_KNOTS.);
#6271=B_SPLINE_CURVE_WITH_KNOTS('',2,(#11598,#11599,#11600),
 .UNSPECIFIED.,.F.,.F.,(3,3),(0.,1.),.PIECEWISE_BEZIER_KNOTS.);
#6272=B_SPLINE_CURVE_WITH_KNOTS('',2,(#11611,#11612,#11613),
 .UNSPECIFIED.,.F.,.F.,(3,3),(0.,1.),.PIECEWISE_BEZIER_KNOTS.);
#6273=B_SPLINE_CURVE_WITH_KNOTS('',2,(#11624,#11625,#11626),
 .UNSPECIFIED.,.F.,.F.,(3,3),(0.,1.),.PIECEWISE_BEZIER_KNOTS.);
#6274=B_SPLINE_CURVE_WITH_KNOTS('',2,(#11641,#11642,#11643),
 .UNSPECIFIED.,.F.,.F.,(3,3),(0.,1.),.PIECEWISE_BEZIER_KNOTS.);
#6275=B_SPLINE_CURVE_WITH_KNOTS('',2,(#11662,#11663,#11664),
 .UNSPECIFIED.,.F.,.F.,(3,3),(0.,1.),.PIECEWISE_BEZIER_KNOTS.);
#6276=B_SPLINE_CURVE_WITH_KNOTS('',2,(#11675,#11676,#11677),
 .UNSPECIFIED.,.F.,.F.,(3,3),(0.,1.),.PIECEWISE_BEZIER_KNOTS.);
#6277=B_SPLINE_CURVE_WITH_KNOTS('',2,(#11688,#11689,#11690),
 .UNSPECIFIED.,.F.,.F.,(3,3),(0.,1.),.PIECEWISE_BEZIER_KNOTS.);
#6278=B_SPLINE_CURVE_WITH_KNOTS('',2,(#11705,#11706,#11707),
 .UNSPECIFIED.,.F.,.F.,(3,3),(0.,1.),.PIECEWISE_BEZIER_KNOTS.);
#6279=B_SPLINE_CURVE_WITH_KNOTS('',2,(#11718,#11719,#11720),
 .UNSPECIFIED.,.F.,.F.,(3,3),(0.,1.),.PIECEWISE_BEZIER_KNOTS.);
#6280=B_SPLINE_CURVE_WITH_KNOTS('',2,(#11731,#11732,#11733),
 .UNSPECIFIED.,.F.,.F.,(3,3),(0.,1.),.PIECEWISE_BEZIER_KNOTS.);
#6281=B_SPLINE_CURVE_WITH_KNOTS('',2,(#11744,#11745,#11746),
 .UNSPECIFIED.,.F.,.F.,(3,3),(0.,1.),.PIECEWISE_BEZIER_KNOTS.);
#6282=B_SPLINE_CURVE_WITH_KNOTS('',2,(#11761,#11762,#11763),
 .UNSPECIFIED.,.F.,.F.,(3,3),(0.,1.),.PIECEWISE_BEZIER_KNOTS.);
#6283=B_SPLINE_CURVE_WITH_KNOTS('',2,(#11774,#11775,#11776),
 .UNSPECIFIED.,.F.,.F.,(3,3),(0.,1.),.PIECEWISE_BEZIER_KNOTS.);
#6284=B_SPLINE_CURVE_WITH_KNOTS('',2,(#11787,#11788,#11789),
 .UNSPECIFIED.,.F.,.F.,(3,3),(0.,1.),.PIECEWISE_BEZIER_KNOTS.);
#6285=B_SPLINE_CURVE_WITH_KNOTS('',2,(#11801,#11802,#11803),
 .UNSPECIFIED.,.F.,.F.,(3,3),(0.,1.),.PIECEWISE_BEZIER_KNOTS.);
#6286=B_SPLINE_CURVE_WITH_KNOTS('',2,(#11814,#11815,#11816),
 .UNSPECIFIED.,.F.,.F.,(3,3),(0.,1.),.PIECEWISE_BEZIER_KNOTS.);
#6287=B_SPLINE_CURVE_WITH_KNOTS('',2,(#11827,#11828,#11829),
 .UNSPECIFIED.,.F.,.F.,(3,3),(0.,1.),.PIECEWISE_BEZIER_KNOTS.);
#6288=B_SPLINE_CURVE_WITH_KNOTS('',2,(#11840,#11841,#11842),
 .UNSPECIFIED.,.F.,.F.,(3,3),(0.,1.),.PIECEWISE_BEZIER_KNOTS.);
#6289=B_SPLINE_CURVE_WITH_KNOTS('',2,(#11853,#11854,#11855),
 .UNSPECIFIED.,.F.,.F.,(3,3),(0.,1.),.PIECEWISE_BEZIER_KNOTS.);
#6290=B_SPLINE_CURVE_WITH_KNOTS('',2,(#11866,#11867,#11868),
 .UNSPECIFIED.,.F.,.F.,(3,3),(0.,1.),.PIECEWISE_BEZIER_KNOTS.);
#6291=B_SPLINE_CURVE_WITH_KNOTS('',2,(#11879,#11880,#11881),
 .UNSPECIFIED.,.F.,.F.,(3,3),(0.,1.),.PIECEWISE_BEZIER_KNOTS.);
#6292=B_SPLINE_CURVE_WITH_KNOTS('',2,(#11892,#11893,#11894),
 .UNSPECIFIED.,.F.,.F.,(3,3),(0.,1.),.PIECEWISE_BEZIER_KNOTS.);
#6293=B_SPLINE_CURVE_WITH_KNOTS('',2,(#11899,#11900,#11901),
 .UNSPECIFIED.,.F.,.F.,(3,3),(0.,1.),.PIECEWISE_BEZIER_KNOTS.);
#6294=B_SPLINE_CURVE_WITH_KNOTS('',2,(#11912,#11913,#11914),
 .UNSPECIFIED.,.F.,.F.,(3,3),(0.,1.),.PIECEWISE_BEZIER_KNOTS.);
#6295=B_SPLINE_CURVE_WITH_KNOTS('',2,(#11916,#11917,#11918),
 .UNSPECIFIED.,.F.,.F.,(3,3),(0.,1.),.PIECEWISE_BEZIER_KNOTS.);
#6296=B_SPLINE_CURVE_WITH_KNOTS('',2,(#11929,#11930,#11931),
 .UNSPECIFIED.,.F.,.F.,(3,3),(0.,1.),.PIECEWISE_BEZIER_KNOTS.);
#6297=B_SPLINE_CURVE_WITH_KNOTS('',2,(#11933,#11934,#11935),
 .UNSPECIFIED.,.F.,.F.,(3,3),(0.,1.),.PIECEWISE_BEZIER_KNOTS.);
#6298=B_SPLINE_CURVE_WITH_KNOTS('',2,(#11946,#11947,#11948),
 .UNSPECIFIED.,.F.,.F.,(3,3),(0.,1.),.PIECEWISE_BEZIER_KNOTS.);
#6299=B_SPLINE_CURVE_WITH_KNOTS('',2,(#11950,#11951,#11952),
 .UNSPECIFIED.,.F.,.F.,(3,3),(0.,1.),.PIECEWISE_BEZIER_KNOTS.);
#6300=B_SPLINE_CURVE_WITH_KNOTS('',2,(#11963,#11964,#11965),
 .UNSPECIFIED.,.F.,.F.,(3,3),(0.,1.),.PIECEWISE_BEZIER_KNOTS.);
#6301=B_SPLINE_CURVE_WITH_KNOTS('',2,(#11967,#11968,#11969),
 .UNSPECIFIED.,.F.,.F.,(3,3),(0.,1.),.PIECEWISE_BEZIER_KNOTS.);
#6302=B_SPLINE_CURVE_WITH_KNOTS('',2,(#11980,#11981,#11982),
 .UNSPECIFIED.,.F.,.F.,(3,3),(0.,1.),.PIECEWISE_BEZIER_KNOTS.);
#6303=B_SPLINE_CURVE_WITH_KNOTS('',2,(#11983,#11984,#11985),
 .UNSPECIFIED.,.F.,.F.,(3,3),(0.,1.),.PIECEWISE_BEZIER_KNOTS.);
#6304=B_SPLINE_CURVE_WITH_KNOTS('',2,(#11994,#11995,#11996),
 .UNSPECIFIED.,.F.,.F.,(3,3),(0.,1.),.PIECEWISE_BEZIER_KNOTS.);
#6305=B_SPLINE_CURVE_WITH_KNOTS('',2,(#12026,#12027,#12028),
 .UNSPECIFIED.,.F.,.F.,(3,3),(0.,1.),.PIECEWISE_BEZIER_KNOTS.);
#6306=B_SPLINE_CURVE_WITH_KNOTS('',2,(#12039,#12040,#12041),
 .UNSPECIFIED.,.F.,.F.,(3,3),(0.,1.),.PIECEWISE_BEZIER_KNOTS.);
#6307=B_SPLINE_CURVE_WITH_KNOTS('',2,(#12052,#12053,#12054),
 .UNSPECIFIED.,.F.,.F.,(3,3),(0.,1.),.PIECEWISE_BEZIER_KNOTS.);
#6308=B_SPLINE_CURVE_WITH_KNOTS('',2,(#12065,#12066,#12067),
 .UNSPECIFIED.,.F.,.F.,(3,3),(0.,1.),.PIECEWISE_BEZIER_KNOTS.);
#6309=B_SPLINE_CURVE_WITH_KNOTS('',2,(#12078,#12079,#12080),
 .UNSPECIFIED.,.F.,.F.,(3,3),(0.,1.),.PIECEWISE_BEZIER_KNOTS.);
#6310=B_SPLINE_CURVE_WITH_KNOTS('',2,(#12099,#12100,#12101),
 .UNSPECIFIED.,.F.,.F.,(3,3),(0.,1.),.PIECEWISE_BEZIER_KNOTS.);
#6311=B_SPLINE_CURVE_WITH_KNOTS('',2,(#12112,#12113,#12114),
 .UNSPECIFIED.,.F.,.F.,(3,3),(0.,1.),.PIECEWISE_BEZIER_KNOTS.);
#6312=B_SPLINE_CURVE_WITH_KNOTS('',2,(#12125,#12126,#12127),
 .UNSPECIFIED.,.F.,.F.,(3,3),(0.,1.),.PIECEWISE_BEZIER_KNOTS.);
#6313=B_SPLINE_CURVE_WITH_KNOTS('',2,(#12138,#12139,#12140),
 .UNSPECIFIED.,.F.,.F.,(3,3),(0.,1.),.PIECEWISE_BEZIER_KNOTS.);
#6314=B_SPLINE_CURVE_WITH_KNOTS('',2,(#12155,#12156,#12157),
 .UNSPECIFIED.,.F.,.F.,(3,3),(0.,1.),.PIECEWISE_BEZIER_KNOTS.);
#6315=B_SPLINE_CURVE_WITH_KNOTS('',2,(#12168,#12169,#12170),
 .UNSPECIFIED.,.F.,.F.,(3,3),(0.,1.),.PIECEWISE_BEZIER_KNOTS.);
#6316=B_SPLINE_CURVE_WITH_KNOTS('',2,(#12181,#12182,#12183),
 .UNSPECIFIED.,.F.,.F.,(3,3),(0.,1.),.PIECEWISE_BEZIER_KNOTS.);
#6317=B_SPLINE_CURVE_WITH_KNOTS('',2,(#12194,#12195,#12196),
 .UNSPECIFIED.,.F.,.F.,(3,3),(0.,1.),.PIECEWISE_BEZIER_KNOTS.);
#6318=B_SPLINE_CURVE_WITH_KNOTS('',2,(#12211,#12212,#12213),
 .UNSPECIFIED.,.F.,.F.,(3,3),(0.,1.),.PIECEWISE_BEZIER_KNOTS.);
#6319=B_SPLINE_CURVE_WITH_KNOTS('',2,(#12224,#12225,#12226),
 .UNSPECIFIED.,.F.,.F.,(3,3),(0.,1.),.PIECEWISE_BEZIER_KNOTS.);
#6320=B_SPLINE_CURVE_WITH_KNOTS('',2,(#12261,#12262,#12263),
 .UNSPECIFIED.,.F.,.F.,(3,3),(0.,1.),.PIECEWISE_BEZIER_KNOTS.);
#6321=B_SPLINE_CURVE_WITH_KNOTS('',2,(#12274,#12275,#12276),
 .UNSPECIFIED.,.F.,.F.,(3,3),(0.,1.),.PIECEWISE_BEZIER_KNOTS.);
#6322=B_SPLINE_CURVE_WITH_KNOTS('',2,(#12302,#12303,#12304),
 .UNSPECIFIED.,.F.,.F.,(3,3),(0.,1.),.PIECEWISE_BEZIER_KNOTS.);
#6323=B_SPLINE_CURVE_WITH_KNOTS('',2,(#12306,#12307,#12308),
 .UNSPECIFIED.,.F.,.F.,(3,3),(0.,1.),.PIECEWISE_BEZIER_KNOTS.);
#6324=B_SPLINE_CURVE_WITH_KNOTS('',2,(#12325,#12326,#12327),
 .UNSPECIFIED.,.F.,.F.,(3,3),(0.,1.),.PIECEWISE_BEZIER_KNOTS.);
#6325=B_SPLINE_CURVE_WITH_KNOTS('',2,(#12329,#12330,#12331),
 .UNSPECIFIED.,.F.,.F.,(3,3),(0.,1.),.PIECEWISE_BEZIER_KNOTS.);
#6326=B_SPLINE_CURVE_WITH_KNOTS('',2,(#12342,#12343,#12344),
 .UNSPECIFIED.,.F.,.F.,(3,3),(0.,1.),.PIECEWISE_BEZIER_KNOTS.);
#6327=B_SPLINE_CURVE_WITH_KNOTS('',2,(#12346,#12347,#12348),
 .UNSPECIFIED.,.F.,.F.,(3,3),(0.,1.),.PIECEWISE_BEZIER_KNOTS.);
#6328=B_SPLINE_CURVE_WITH_KNOTS('',2,(#12359,#12360,#12361),
 .UNSPECIFIED.,.F.,.F.,(3,3),(0.,1.),.PIECEWISE_BEZIER_KNOTS.);
#6329=B_SPLINE_CURVE_WITH_KNOTS('',2,(#12363,#12364,#12365),
 .UNSPECIFIED.,.F.,.F.,(3,3),(0.,1.),.PIECEWISE_BEZIER_KNOTS.);
#6330=B_SPLINE_CURVE_WITH_KNOTS('',2,(#12397,#12398,#12399),
 .UNSPECIFIED.,.F.,.F.,(3,3),(0.,1.),.PIECEWISE_BEZIER_KNOTS.);
#6331=B_SPLINE_CURVE_WITH_KNOTS('',2,(#12410,#12411,#12412),
 .UNSPECIFIED.,.F.,.F.,(3,3),(0.,1.),.PIECEWISE_BEZIER_KNOTS.);
#6332=B_SPLINE_CURVE_WITH_KNOTS('',2,(#12423,#12424,#12425),
 .UNSPECIFIED.,.F.,.F.,(3,3),(0.,1.),.PIECEWISE_BEZIER_KNOTS.);
#6333=B_SPLINE_CURVE_WITH_KNOTS('',2,(#12436,#12437,#12438),
 .UNSPECIFIED.,.F.,.F.,(3,3),(0.,1.),.PIECEWISE_BEZIER_KNOTS.);
#6334=B_SPLINE_CURVE_WITH_KNOTS('',2,(#12449,#12450,#12451),
 .UNSPECIFIED.,.F.,.F.,(3,3),(0.,1.),.PIECEWISE_BEZIER_KNOTS.);
#6335=B_SPLINE_CURVE_WITH_KNOTS('',2,(#12470,#12471,#12472),
 .UNSPECIFIED.,.F.,.F.,(3,3),(0.,1.),.PIECEWISE_BEZIER_KNOTS.);
#6336=B_SPLINE_CURVE_WITH_KNOTS('',2,(#12483,#12484,#12485),
 .UNSPECIFIED.,.F.,.F.,(3,3),(0.,1.),.PIECEWISE_BEZIER_KNOTS.);
#6337=B_SPLINE_CURVE_WITH_KNOTS('',2,(#12496,#12497,#12498),
 .UNSPECIFIED.,.F.,.F.,(3,3),(0.,1.),.PIECEWISE_BEZIER_KNOTS.);
#6338=B_SPLINE_CURVE_WITH_KNOTS('',2,(#12509,#12510,#12511),
 .UNSPECIFIED.,.F.,.F.,(3,3),(0.,1.),.PIECEWISE_BEZIER_KNOTS.);
#6339=B_SPLINE_CURVE_WITH_KNOTS('',2,(#12526,#12527,#12528),
 .UNSPECIFIED.,.F.,.F.,(3,3),(0.,1.),.PIECEWISE_BEZIER_KNOTS.);
#6340=B_SPLINE_CURVE_WITH_KNOTS('',2,(#12539,#12540,#12541),
 .UNSPECIFIED.,.F.,.F.,(3,3),(0.,1.),.PIECEWISE_BEZIER_KNOTS.);
#6341=B_SPLINE_CURVE_WITH_KNOTS('',2,(#12552,#12553,#12554),
 .UNSPECIFIED.,.F.,.F.,(3,3),(0.,1.),.PIECEWISE_BEZIER_KNOTS.);
#6342=B_SPLINE_CURVE_WITH_KNOTS('',2,(#12565,#12566,#12567),
 .UNSPECIFIED.,.F.,.F.,(3,3),(0.,1.),.PIECEWISE_BEZIER_KNOTS.);
#6343=B_SPLINE_CURVE_WITH_KNOTS('',2,(#12582,#12583,#12584),
 .UNSPECIFIED.,.F.,.F.,(3,3),(0.,1.),.PIECEWISE_BEZIER_KNOTS.);
#6344=B_SPLINE_CURVE_WITH_KNOTS('',2,(#12595,#12596,#12597),
 .UNSPECIFIED.,.F.,.F.,(3,3),(0.,1.),.PIECEWISE_BEZIER_KNOTS.);
#6345=B_SPLINE_CURVE_WITH_KNOTS('',2,(#12632,#12633,#12634),
 .UNSPECIFIED.,.F.,.F.,(3,3),(0.,1.),.PIECEWISE_BEZIER_KNOTS.);
#6346=B_SPLINE_CURVE_WITH_KNOTS('',2,(#12645,#12646,#12647),
 .UNSPECIFIED.,.F.,.F.,(3,3),(0.,1.),.PIECEWISE_BEZIER_KNOTS.);
#6347=B_SPLINE_CURVE_WITH_KNOTS('',2,(#12673,#12674,#12675),
 .UNSPECIFIED.,.F.,.F.,(3,3),(0.,1.),.PIECEWISE_BEZIER_KNOTS.);
#6348=B_SPLINE_CURVE_WITH_KNOTS('',2,(#12677,#12678,#12679),
 .UNSPECIFIED.,.F.,.F.,(3,3),(0.,1.),.PIECEWISE_BEZIER_KNOTS.);
#6349=B_SPLINE_CURVE_WITH_KNOTS('',2,(#12696,#12697,#12698),
 .UNSPECIFIED.,.F.,.F.,(3,3),(0.,1.),.PIECEWISE_BEZIER_KNOTS.);
#6350=B_SPLINE_CURVE_WITH_KNOTS('',2,(#12700,#12701,#12702),
 .UNSPECIFIED.,.F.,.F.,(3,3),(0.,1.),.PIECEWISE_BEZIER_KNOTS.);
#6351=B_SPLINE_CURVE_WITH_KNOTS('',2,(#12713,#12714,#12715),
 .UNSPECIFIED.,.F.,.F.,(3,3),(0.,1.),.PIECEWISE_BEZIER_KNOTS.);
#6352=B_SPLINE_CURVE_WITH_KNOTS('',2,(#12717,#12718,#12719),
 .UNSPECIFIED.,.F.,.F.,(3,3),(0.,1.),.PIECEWISE_BEZIER_KNOTS.);
#6353=B_SPLINE_CURVE_WITH_KNOTS('',2,(#12730,#12731,#12732),
 .UNSPECIFIED.,.F.,.F.,(3,3),(0.,1.),.PIECEWISE_BEZIER_KNOTS.);
#6354=B_SPLINE_CURVE_WITH_KNOTS('',2,(#12734,#12735,#12736),
 .UNSPECIFIED.,.F.,.F.,(3,3),(0.,1.),.PIECEWISE_BEZIER_KNOTS.);
#6355=B_SPLINE_CURVE_WITH_KNOTS('',2,(#12772,#12773,#12774),
 .UNSPECIFIED.,.F.,.F.,(3,3),(0.,1.),.PIECEWISE_BEZIER_KNOTS.);
#6356=B_SPLINE_CURVE_WITH_KNOTS('',2,(#12793,#12794,#12795),
 .UNSPECIFIED.,.F.,.F.,(3,3),(0.,1.),.PIECEWISE_BEZIER_KNOTS.);
#6357=B_SPLINE_CURVE_WITH_KNOTS('',2,(#12806,#12807,#12808),
 .UNSPECIFIED.,.F.,.F.,(3,3),(0.,1.),.PIECEWISE_BEZIER_KNOTS.);
#6358=B_SPLINE_CURVE_WITH_KNOTS('',2,(#12819,#12820,#12821),
 .UNSPECIFIED.,.F.,.F.,(3,3),(0.,1.),.PIECEWISE_BEZIER_KNOTS.);
#6359=B_SPLINE_CURVE_WITH_KNOTS('',2,(#12832,#12833,#12834),
 .UNSPECIFIED.,.F.,.F.,(3,3),(0.,1.),.PIECEWISE_BEZIER_KNOTS.);
#6360=B_SPLINE_CURVE_WITH_KNOTS('',2,(#12845,#12846,#12847),
 .UNSPECIFIED.,.F.,.F.,(3,3),(0.,1.),.PIECEWISE_BEZIER_KNOTS.);
#6361=B_SPLINE_CURVE_WITH_KNOTS('',2,(#12858,#12859,#12860),
 .UNSPECIFIED.,.F.,.F.,(3,3),(0.,1.),.PIECEWISE_BEZIER_KNOTS.);
#6362=B_SPLINE_CURVE_WITH_KNOTS('',2,(#12871,#12872,#12873),
 .UNSPECIFIED.,.F.,.F.,(3,3),(0.,1.),.PIECEWISE_BEZIER_KNOTS.);
#6363=B_SPLINE_CURVE_WITH_KNOTS('',2,(#12904,#12905,#12906),
 .UNSPECIFIED.,.F.,.F.,(3,3),(0.,1.),.PIECEWISE_BEZIER_KNOTS.);
#6364=B_SPLINE_CURVE_WITH_KNOTS('',2,(#12911,#12912,#12913),
 .UNSPECIFIED.,.F.,.F.,(3,3),(0.,1.),.PIECEWISE_BEZIER_KNOTS.);
#6365=B_SPLINE_CURVE_WITH_KNOTS('',2,(#12924,#12925,#12926),
 .UNSPECIFIED.,.F.,.F.,(3,3),(0.,1.),.PIECEWISE_BEZIER_KNOTS.);
#6366=B_SPLINE_CURVE_WITH_KNOTS('',2,(#12928,#12929,#12930),
 .UNSPECIFIED.,.F.,.F.,(3,3),(0.,1.),.PIECEWISE_BEZIER_KNOTS.);
#6367=B_SPLINE_CURVE_WITH_KNOTS('',2,(#12941,#12942,#12943),
 .UNSPECIFIED.,.F.,.F.,(3,3),(0.,1.),.PIECEWISE_BEZIER_KNOTS.);
#6368=B_SPLINE_CURVE_WITH_KNOTS('',2,(#12945,#12946,#12947),
 .UNSPECIFIED.,.F.,.F.,(3,3),(0.,1.),.PIECEWISE_BEZIER_KNOTS.);
#6369=B_SPLINE_CURVE_WITH_KNOTS('',2,(#12958,#12959,#12960),
 .UNSPECIFIED.,.F.,.F.,(3,3),(0.,1.),.PIECEWISE_BEZIER_KNOTS.);
#6370=B_SPLINE_CURVE_WITH_KNOTS('',2,(#12962,#12963,#12964),
 .UNSPECIFIED.,.F.,.F.,(3,3),(0.,1.),.PIECEWISE_BEZIER_KNOTS.);
#6371=B_SPLINE_CURVE_WITH_KNOTS('',2,(#12975,#12976,#12977),
 .UNSPECIFIED.,.F.,.F.,(3,3),(0.,1.),.PIECEWISE_BEZIER_KNOTS.);
#6372=B_SPLINE_CURVE_WITH_KNOTS('',2,(#12979,#12980,#12981),
 .UNSPECIFIED.,.F.,.F.,(3,3),(0.,1.),.PIECEWISE_BEZIER_KNOTS.);
#6373=B_SPLINE_CURVE_WITH_KNOTS('',2,(#12992,#12993,#12994),
 .UNSPECIFIED.,.F.,.F.,(3,3),(0.,1.),.PIECEWISE_BEZIER_KNOTS.);
#6374=B_SPLINE_CURVE_WITH_KNOTS('',2,(#12996,#12997,#12998),
 .UNSPECIFIED.,.F.,.F.,(3,3),(0.,1.),.PIECEWISE_BEZIER_KNOTS.);
#6375=B_SPLINE_CURVE_WITH_KNOTS('',2,(#13009,#13010,#13011),
 .UNSPECIFIED.,.F.,.F.,(3,3),(0.,1.),.PIECEWISE_BEZIER_KNOTS.);
#6376=B_SPLINE_CURVE_WITH_KNOTS('',2,(#13012,#13013,#13014),
 .UNSPECIFIED.,.F.,.F.,(3,3),(0.,1.),.PIECEWISE_BEZIER_KNOTS.);
#6377=B_SPLINE_CURVE_WITH_KNOTS('',2,(#13041,#13042,#13043),
 .UNSPECIFIED.,.F.,.F.,(3,3),(0.,1.),.PIECEWISE_BEZIER_KNOTS.);
#6378=B_SPLINE_CURVE_WITH_KNOTS('',2,(#13098,#13099,#13100),
 .UNSPECIFIED.,.F.,.F.,(3,3),(0.,1.),.PIECEWISE_BEZIER_KNOTS.);
#6379=B_SPLINE_CURVE_WITH_KNOTS('',2,(#13132,#13133,#13134),
 .UNSPECIFIED.,.F.,.F.,(3,3),(0.,1.),.PIECEWISE_BEZIER_KNOTS.);
#6380=B_SPLINE_CURVE_WITH_KNOTS('',2,(#13145,#13146,#13147),
 .UNSPECIFIED.,.F.,.F.,(3,3),(0.,1.),.PIECEWISE_BEZIER_KNOTS.);
#6381=B_SPLINE_CURVE_WITH_KNOTS('',2,(#13158,#13159,#13160),
 .UNSPECIFIED.,.F.,.F.,(3,3),(0.,1.),.PIECEWISE_BEZIER_KNOTS.);
#6382=B_SPLINE_CURVE_WITH_KNOTS('',2,(#13183,#13184,#13185),
 .UNSPECIFIED.,.F.,.F.,(3,3),(0.,1.),.PIECEWISE_BEZIER_KNOTS.);
#6383=B_SPLINE_CURVE_WITH_KNOTS('',2,(#13200,#13201,#13202),
 .UNSPECIFIED.,.F.,.F.,(3,3),(0.,1.),.PIECEWISE_BEZIER_KNOTS.);
#6384=B_SPLINE_CURVE_WITH_KNOTS('',2,(#13217,#13218,#13219),
 .UNSPECIFIED.,.F.,.F.,(3,3),(0.,1.),.PIECEWISE_BEZIER_KNOTS.);
#6385=B_SPLINE_CURVE_WITH_KNOTS('',2,(#13230,#13231,#13232),
 .UNSPECIFIED.,.F.,.F.,(3,3),(0.,1.),.PIECEWISE_BEZIER_KNOTS.);
#6386=B_SPLINE_CURVE_WITH_KNOTS('',2,(#13243,#13244,#13245),
 .UNSPECIFIED.,.F.,.F.,(3,3),(0.,1.),.PIECEWISE_BEZIER_KNOTS.);
#6387=B_SPLINE_CURVE_WITH_KNOTS('',2,(#13256,#13257,#13258),
 .UNSPECIFIED.,.F.,.F.,(3,3),(0.,1.),.PIECEWISE_BEZIER_KNOTS.);
#6388=B_SPLINE_CURVE_WITH_KNOTS('',2,(#13360,#13361,#13362),
 .UNSPECIFIED.,.F.,.F.,(3,3),(0.,1.),.PIECEWISE_BEZIER_KNOTS.);
#6389=B_SPLINE_CURVE_WITH_KNOTS('',2,(#13373,#13374,#13375),
 .UNSPECIFIED.,.F.,.F.,(3,3),(0.,1.),.PIECEWISE_BEZIER_KNOTS.);
#6390=B_SPLINE_CURVE_WITH_KNOTS('',2,(#13386,#13387,#13388),
 .UNSPECIFIED.,.F.,.F.,(3,3),(0.,1.),.PIECEWISE_BEZIER_KNOTS.);
#6391=B_SPLINE_CURVE_WITH_KNOTS('',2,(#13399,#13400,#13401),
 .UNSPECIFIED.,.F.,.F.,(3,3),(0.,1.),.PIECEWISE_BEZIER_KNOTS.);
#6392=B_SPLINE_CURVE_WITH_KNOTS('',2,(#13424,#13425,#13426),
 .UNSPECIFIED.,.F.,.F.,(3,3),(0.,1.),.PIECEWISE_BEZIER_KNOTS.);
#6393=B_SPLINE_CURVE_WITH_KNOTS('',2,(#13437,#13438,#13439),
 .UNSPECIFIED.,.F.,.F.,(3,3),(0.,1.),.PIECEWISE_BEZIER_KNOTS.);
#6394=B_SPLINE_CURVE_WITH_KNOTS('',2,(#13450,#13451,#13452),
 .UNSPECIFIED.,.F.,.F.,(3,3),(0.,1.),.PIECEWISE_BEZIER_KNOTS.);
#6395=B_SPLINE_CURVE_WITH_KNOTS('',2,(#13522,#13523,#13524),
 .UNSPECIFIED.,.F.,.F.,(3,3),(0.,1.),.PIECEWISE_BEZIER_KNOTS.);
#6396=B_SPLINE_CURVE_WITH_KNOTS('',2,(#13535,#13536,#13537),
 .UNSPECIFIED.,.F.,.F.,(3,3),(0.,1.),.PIECEWISE_BEZIER_KNOTS.);
#6397=B_SPLINE_CURVE_WITH_KNOTS('',2,(#13548,#13549,#13550),
 .UNSPECIFIED.,.F.,.F.,(3,3),(0.,1.),.PIECEWISE_BEZIER_KNOTS.);
#6398=B_SPLINE_CURVE_WITH_KNOTS('',2,(#13561,#13562,#13563),
 .UNSPECIFIED.,.F.,.F.,(3,3),(0.,1.),.PIECEWISE_BEZIER_KNOTS.);
#6399=B_SPLINE_CURVE_WITH_KNOTS('',2,(#13574,#13575,#13576),
 .UNSPECIFIED.,.F.,.F.,(3,3),(0.,1.),.PIECEWISE_BEZIER_KNOTS.);
#6400=B_SPLINE_CURVE_WITH_KNOTS('',2,(#13595,#13596,#13597),
 .UNSPECIFIED.,.F.,.F.,(3,3),(0.,1.),.PIECEWISE_BEZIER_KNOTS.);
#6401=B_SPLINE_CURVE_WITH_KNOTS('',2,(#13608,#13609,#13610),
 .UNSPECIFIED.,.F.,.F.,(3,3),(0.,1.),.PIECEWISE_BEZIER_KNOTS.);
#6402=B_SPLINE_CURVE_WITH_KNOTS('',2,(#13621,#13622,#13623),
 .UNSPECIFIED.,.F.,.F.,(3,3),(0.,1.),.PIECEWISE_BEZIER_KNOTS.);
#6403=B_SPLINE_CURVE_WITH_KNOTS('',2,(#13634,#13635,#13636),
 .UNSPECIFIED.,.F.,.F.,(3,3),(0.,1.),.PIECEWISE_BEZIER_KNOTS.);
#6404=B_SPLINE_CURVE_WITH_KNOTS('',2,(#13651,#13652,#13653),
 .UNSPECIFIED.,.F.,.F.,(3,3),(0.,1.),.PIECEWISE_BEZIER_KNOTS.);
#6405=B_SPLINE_CURVE_WITH_KNOTS('',2,(#13664,#13665,#13666),
 .UNSPECIFIED.,.F.,.F.,(3,3),(0.,1.),.PIECEWISE_BEZIER_KNOTS.);
#6406=B_SPLINE_CURVE_WITH_KNOTS('',2,(#13677,#13678,#13679),
 .UNSPECIFIED.,.F.,.F.,(3,3),(0.,1.),.PIECEWISE_BEZIER_KNOTS.);
#6407=B_SPLINE_CURVE_WITH_KNOTS('',2,(#13690,#13691,#13692),
 .UNSPECIFIED.,.F.,.F.,(3,3),(0.,1.),.PIECEWISE_BEZIER_KNOTS.);
#6408=B_SPLINE_CURVE_WITH_KNOTS('',2,(#13707,#13708,#13709),
 .UNSPECIFIED.,.F.,.F.,(3,3),(0.,1.),.PIECEWISE_BEZIER_KNOTS.);
#6409=B_SPLINE_CURVE_WITH_KNOTS('',2,(#13720,#13721,#13722),
 .UNSPECIFIED.,.F.,.F.,(3,3),(0.,1.),.PIECEWISE_BEZIER_KNOTS.);
#6410=B_SPLINE_CURVE_WITH_KNOTS('',2,(#13757,#13758,#13759),
 .UNSPECIFIED.,.F.,.F.,(3,3),(0.,1.),.PIECEWISE_BEZIER_KNOTS.);
#6411=B_SPLINE_CURVE_WITH_KNOTS('',2,(#13770,#13771,#13772),
 .UNSPECIFIED.,.F.,.F.,(3,3),(0.,1.),.PIECEWISE_BEZIER_KNOTS.);
#6412=B_SPLINE_CURVE_WITH_KNOTS('',2,(#13798,#13799,#13800),
 .UNSPECIFIED.,.F.,.F.,(3,3),(0.,1.),.PIECEWISE_BEZIER_KNOTS.);
#6413=B_SPLINE_CURVE_WITH_KNOTS('',2,(#13802,#13803,#13804),
 .UNSPECIFIED.,.F.,.F.,(3,3),(0.,1.),.PIECEWISE_BEZIER_KNOTS.);
#6414=B_SPLINE_CURVE_WITH_KNOTS('',2,(#13821,#13822,#13823),
 .UNSPECIFIED.,.F.,.F.,(3,3),(0.,1.),.PIECEWISE_BEZIER_KNOTS.);
#6415=B_SPLINE_CURVE_WITH_KNOTS('',2,(#13825,#13826,#13827),
 .UNSPECIFIED.,.F.,.F.,(3,3),(0.,1.),.PIECEWISE_BEZIER_KNOTS.);
#6416=B_SPLINE_CURVE_WITH_KNOTS('',2,(#13838,#13839,#13840),
 .UNSPECIFIED.,.F.,.F.,(3,3),(0.,1.),.PIECEWISE_BEZIER_KNOTS.);
#6417=B_SPLINE_CURVE_WITH_KNOTS('',2,(#13842,#13843,#13844),
 .UNSPECIFIED.,.F.,.F.,(3,3),(0.,1.),.PIECEWISE_BEZIER_KNOTS.);
#6418=B_SPLINE_CURVE_WITH_KNOTS('',2,(#13855,#13856,#13857),
 .UNSPECIFIED.,.F.,.F.,(3,3),(0.,1.),.PIECEWISE_BEZIER_KNOTS.);
#6419=B_SPLINE_CURVE_WITH_KNOTS('',2,(#13859,#13860,#13861),
 .UNSPECIFIED.,.F.,.F.,(3,3),(0.,1.),.PIECEWISE_BEZIER_KNOTS.);
#6420=B_SPLINE_CURVE_WITH_KNOTS('',2,(#13878,#13879,#13880),
 .UNSPECIFIED.,.F.,.F.,(3,3),(0.,1.),.PIECEWISE_BEZIER_KNOTS.);
#6421=B_SPLINE_CURVE_WITH_KNOTS('',2,(#13882,#13883,#13884),
 .UNSPECIFIED.,.F.,.F.,(3,3),(0.,1.),.PIECEWISE_BEZIER_KNOTS.);
#6422=B_SPLINE_CURVE_WITH_KNOTS('',2,(#13916,#13917,#13918),
 .UNSPECIFIED.,.F.,.F.,(3,3),(0.,1.),.PIECEWISE_BEZIER_KNOTS.);
#6423=B_SPLINE_CURVE_WITH_KNOTS('',2,(#13973,#13974,#13975),
 .UNSPECIFIED.,.F.,.F.,(3,3),(0.,1.),.PIECEWISE_BEZIER_KNOTS.);
#6424=EDGE_LOOP('',(#1799,#1800,#1801,#1802,#1803,#1804,#1805,#1806,#1807,
#1808,#1809,#1810,#1811,#1812,#1813,#1814,#1815,#1816,#1817,#1818,#1819,
#1820,#1821,#1822,#1823,#1824,#1825,#1826));
#6425=EDGE_LOOP('',(#1827,#1828,#1829,#1830));
#6426=EDGE_LOOP('',(#1831,#1832,#1833,#1834,#1835,#1836,#1837,#1838,#1839,
#1840));
#6427=EDGE_LOOP('',(#1841,#1842,#1843,#1844,#1845,#1846,#1847,#1848,#1849,
#1850,#1851,#1852,#1853,#1854,#1855,#1856,#1857));
#6428=EDGE_LOOP('',(#1858,#1859,#1860,#1861,#1862,#1863,#1864,#1865,#1866,
#1867,#1868,#1869,#1870,#1871,#1872,#1873,#1874));
#6429=EDGE_LOOP('',(#1875,#1876,#1877,#1878,#1879,#1880,#1881,#1882,#1883,
#1884,#1885,#1886,#1887,#1888,#1889,#1890,#1891,#1892,#1893,#1894,#1895,
#1896,#1897,#1898,#1899,#1900,#1901,#1902));
#6430=EDGE_LOOP('',(#1903,#1904,#1905,#1906,#1907,#1908,#1909,#1910));
#6431=EDGE_LOOP('',(#1911,#1912,#1913,#1914,#1915,#1916,#1917,#1918,#1919,
#1920,#1921,#1922,#1923,#1924,#1925,#1926,#1927,#1928,#1929));
#6432=EDGE_LOOP('',(#1930,#1931,#1932,#1933));
#6433=EDGE_LOOP('',(#1934,#1935,#1936,#1937,#1938,#1939,#1940,#1941,#1942,
#1943,#1944,#1945,#1946,#1947,#1948,#1949,#1950));
#6434=EDGE_LOOP('',(#1951,#1952,#1953,#1954,#1955,#1956,#1957,#1958,#1959,
#1960,#1961,#1962,#1963,#1964,#1965,#1966,#1967));
#6435=EDGE_LOOP('',(#1968));
#6436=EDGE_LOOP('',(#1969));
#6437=EDGE_LOOP('',(#1970));
#6438=EDGE_LOOP('',(#1971));
#6439=EDGE_LOOP('',(#1972,#1973,#1974,#1975,#1976,#1977,#1978,#1979));
#6440=EDGE_LOOP('',(#1980,#1981,#1982,#1983,#1984,#1985,#1986,#1987,#1988,
#1989,#1990,#1991,#1992,#1993,#1994,#1995,#1996,#1997));
#6441=EDGE_LOOP('',(#1998,#1999,#2000,#2001,#2002,#2003,#2004,#2005,#2006,
#2007,#2008,#2009,#2010,#2011,#2012,#2013,#2014));
#6442=EDGE_LOOP('',(#2015,#2016,#2017,#2018));
#6443=EDGE_LOOP('',(#2019,#2020,#2021,#2022,#2023,#2024,#2025,#2026,#2027,
#2028,#2029,#2030,#2031,#2032,#2033,#2034,#2035,#2036,#2037));
#6444=EDGE_LOOP('',(#2038,#2039,#2040,#2041));
#6445=EDGE_LOOP('',(#2042,#2043,#2044,#2045,#2046,#2047,#2048,#2049,#2050,
#2051,#2052,#2053,#2054,#2055,#2056,#2057,#2058,#2059,#2060,#2061,#2062,
#2063,#2064,#2065,#2066,#2067,#2068,#2069));
#6446=EDGE_LOOP('',(#2070,#2071,#2072,#2073,#2074,#2075,#2076,#2077,#2078,
#2079,#2080,#2081,#2082,#2083,#2084,#2085,#2086,#2087,#2088));
#6447=EDGE_LOOP('',(#2089,#2090,#2091,#2092,#2093,#2094,#2095,#2096,#2097,
#2098));
#6448=EDGE_LOOP('',(#2099,#2100,#2101,#2102,#2103,#2104,#2105,#2106,#2107,
#2108,#2109,#2110,#2111,#2112,#2113,#2114,#2115));
#6449=EDGE_LOOP('',(#2116,#2117,#2118,#2119));
#6450=EDGE_LOOP('',(#2120,#2121,#2122,#2123,#2124,#2125,#2126,#2127,#2128,
#2129,#2130,#2131,#2132,#2133,#2134,#2135,#2136,#2137,#2138));
#6451=EDGE_LOOP('',(#2139,#2140,#2141,#2142));
#6452=EDGE_LOOP('',(#2143,#2144,#2145,#2146));
#6453=EDGE_LOOP('',(#2147,#2148,#2149,#2150));
#6454=EDGE_LOOP('',(#2151,#2152,#2153,#2154));
#6455=EDGE_LOOP('',(#2155,#2156,#2157,#2158));
#6456=EDGE_LOOP('',(#2159,#2160,#2161,#2162));
#6457=EDGE_LOOP('',(#2163,#2164,#2165,#2166));
#6458=EDGE_LOOP('',(#2167,#2168,#2169,#2170));
#6459=EDGE_LOOP('',(#2171,#2172,#2173,#2174));
#6460=EDGE_LOOP('',(#2175,#2176,#2177,#2178));
#6461=EDGE_LOOP('',(#2179,#2180,#2181,#2182));
#6462=EDGE_LOOP('',(#2183,#2184,#2185,#2186));
#6463=EDGE_LOOP('',(#2187,#2188,#2189,#2190));
#6464=EDGE_LOOP('',(#2191,#2192,#2193,#2194));
#6465=EDGE_LOOP('',(#2195,#2196,#2197,#2198));
#6466=EDGE_LOOP('',(#2199));
#6467=EDGE_LOOP('',(#2200));
#6468=EDGE_LOOP('',(#2201));
#6469=EDGE_LOOP('',(#2202));
#6470=EDGE_LOOP('',(#2203));
#6471=EDGE_LOOP('',(#2204));
#6472=EDGE_LOOP('',(#2205));
#6473=EDGE_LOOP('',(#2206));
#6474=EDGE_LOOP('',(#2207,#2208,#2209,#2210));
#6475=EDGE_LOOP('',(#2211));
#6476=EDGE_LOOP('',(#2212));
#6477=EDGE_LOOP('',(#2213));
#6478=EDGE_LOOP('',(#2214));
#6479=EDGE_LOOP('',(#2215,#2216,#2217,#2218,#2219,#2220,#2221,#2222));
#6480=EDGE_LOOP('',(#2223,#2224,#2225,#2226,#2227,#2228,#2229,#2230));
#6481=EDGE_LOOP('',(#2231,#2232,#2233,#2234,#2235,#2236,#2237,#2238));
#6482=EDGE_LOOP('',(#2239,#2240,#2241,#2242));
#6483=EDGE_LOOP('',(#2243,#2244,#2245,#2246));
#6484=EDGE_LOOP('',(#2247,#2248,#2249,#2250));
#6485=EDGE_LOOP('',(#2251,#2252,#2253,#2254));
#6486=EDGE_LOOP('',(#2255,#2256,#2257,#2258));
#6487=EDGE_LOOP('',(#2259,#2260,#2261,#2262));
#6488=EDGE_LOOP('',(#2263,#2264,#2265,#2266));
#6489=EDGE_LOOP('',(#2267,#2268,#2269,#2270));
#6490=EDGE_LOOP('',(#2271,#2272,#2273,#2274));
#6491=EDGE_LOOP('',(#2275,#2276,#2277,#2278));
#6492=EDGE_LOOP('',(#2279,#2280,#2281,#2282));
#6493=EDGE_LOOP('',(#2283,#2284,#2285,#2286));
#6494=EDGE_LOOP('',(#2287,#2288,#2289,#2290));
#6495=EDGE_LOOP('',(#2291,#2292,#2293,#2294));
#6496=EDGE_LOOP('',(#2295,#2296,#2297,#2298));
#6497=EDGE_LOOP('',(#2299,#2300,#2301,#2302));
#6498=EDGE_LOOP('',(#2303,#2304,#2305,#2306));
#6499=EDGE_LOOP('',(#2307,#2308,#2309,#2310,#2311,#2312,#2313,#2314,#2315,
#2316,#2317,#2318,#2319,#2320,#2321,#2322,#2323));
#6500=EDGE_LOOP('',(#2324,#2325,#2326,#2327));
#6501=EDGE_LOOP('',(#2328,#2329,#2330,#2331));
#6502=EDGE_LOOP('',(#2332,#2333,#2334,#2335));
#6503=EDGE_LOOP('',(#2336,#2337,#2338,#2339));
#6504=EDGE_LOOP('',(#2340,#2341,#2342,#2343));
#6505=EDGE_LOOP('',(#2344,#2345,#2346,#2347));
#6506=EDGE_LOOP('',(#2348,#2349,#2350,#2351));
#6507=EDGE_LOOP('',(#2352,#2353,#2354,#2355));
#6508=EDGE_LOOP('',(#2356,#2357,#2358,#2359));
#6509=EDGE_LOOP('',(#2360,#2361,#2362,#2363));
#6510=EDGE_LOOP('',(#2364,#2365,#2366,#2367));
#6511=EDGE_LOOP('',(#2368,#2369,#2370,#2371));
#6512=EDGE_LOOP('',(#2372,#2373,#2374,#2375));
#6513=EDGE_LOOP('',(#2376,#2377,#2378,#2379));
#6514=EDGE_LOOP('',(#2380,#2381,#2382,#2383));
#6515=EDGE_LOOP('',(#2384,#2385,#2386,#2387));
#6516=EDGE_LOOP('',(#2388,#2389,#2390,#2391));
#6517=EDGE_LOOP('',(#2392,#2393,#2394,#2395));
#6518=EDGE_LOOP('',(#2396,#2397,#2398,#2399,#2400,#2401,#2402,#2403,#2404,
#2405,#2406,#2407,#2408,#2409,#2410,#2411,#2412,#2413));
#6519=EDGE_LOOP('',(#2414,#2415,#2416,#2417));
#6520=EDGE_LOOP('',(#2418,#2419,#2420,#2421));
#6521=EDGE_LOOP('',(#2422,#2423,#2424,#2425));
#6522=EDGE_LOOP('',(#2426,#2427,#2428,#2429));
#6523=EDGE_LOOP('',(#2430,#2431,#2432,#2433));
#6524=EDGE_LOOP('',(#2434,#2435,#2436,#2437));
#6525=EDGE_LOOP('',(#2438,#2439,#2440,#2441));
#6526=EDGE_LOOP('',(#2442,#2443,#2444,#2445));
#6527=EDGE_LOOP('',(#2446,#2447,#2448,#2449));
#6528=EDGE_LOOP('',(#2450,#2451,#2452,#2453));
#6529=EDGE_LOOP('',(#2454,#2455,#2456,#2457));
#6530=EDGE_LOOP('',(#2458,#2459,#2460,#2461));
#6531=EDGE_LOOP('',(#2462,#2463,#2464,#2465));
#6532=EDGE_LOOP('',(#2466,#2467,#2468,#2469));
#6533=EDGE_LOOP('',(#2470,#2471,#2472,#2473));
#6534=EDGE_LOOP('',(#2474,#2475,#2476,#2477));
#6535=EDGE_LOOP('',(#2478,#2479,#2480,#2481));
#6536=EDGE_LOOP('',(#2482,#2483,#2484,#2485,#2486,#2487,#2488,#2489,#2490,
#2491,#2492,#2493,#2494,#2495,#2496,#2497,#2498));
#6537=EDGE_LOOP('',(#2499,#2500,#2501,#2502));
#6538=EDGE_LOOP('',(#2503,#2504,#2505,#2506));
#6539=EDGE_LOOP('',(#2507,#2508,#2509,#2510));
#6540=EDGE_LOOP('',(#2511,#2512,#2513,#2514));
#6541=EDGE_LOOP('',(#2515,#2516,#2517,#2518));
#6542=EDGE_LOOP('',(#2519,#2520,#2521,#2522));
#6543=EDGE_LOOP('',(#2523,#2524,#2525,#2526));
#6544=EDGE_LOOP('',(#2527,#2528,#2529,#2530));
#6545=EDGE_LOOP('',(#2531,#2532,#2533,#2534));
#6546=EDGE_LOOP('',(#2535,#2536,#2537,#2538));
#6547=EDGE_LOOP('',(#2539,#2540,#2541,#2542));
#6548=EDGE_LOOP('',(#2543,#2544,#2545,#2546));
#6549=EDGE_LOOP('',(#2547,#2548,#2549,#2550));
#6550=EDGE_LOOP('',(#2551,#2552,#2553,#2554));
#6551=EDGE_LOOP('',(#2555,#2556,#2557,#2558));
#6552=EDGE_LOOP('',(#2559,#2560,#2561,#2562));
#6553=EDGE_LOOP('',(#2563,#2564,#2565,#2566));
#6554=EDGE_LOOP('',(#2567,#2568,#2569,#2570,#2571,#2572,#2573,#2574,#2575,
#2576,#2577,#2578,#2579,#2580,#2581,#2582,#2583));
#6555=EDGE_LOOP('',(#2584,#2585,#2586,#2587));
#6556=EDGE_LOOP('',(#2588,#2589,#2590,#2591));
#6557=EDGE_LOOP('',(#2592,#2593,#2594,#2595));
#6558=EDGE_LOOP('',(#2596,#2597,#2598,#2599));
#6559=EDGE_LOOP('',(#2600,#2601,#2602,#2603));
#6560=EDGE_LOOP('',(#2604,#2605,#2606,#2607));
#6561=EDGE_LOOP('',(#2608,#2609,#2610,#2611));
#6562=EDGE_LOOP('',(#2612,#2613,#2614,#2615));
#6563=EDGE_LOOP('',(#2616,#2617,#2618,#2619));
#6564=EDGE_LOOP('',(#2620,#2621,#2622,#2623));
#6565=EDGE_LOOP('',(#2624,#2625,#2626,#2627));
#6566=EDGE_LOOP('',(#2628,#2629,#2630,#2631));
#6567=EDGE_LOOP('',(#2632,#2633,#2634,#2635));
#6568=EDGE_LOOP('',(#2636,#2637,#2638,#2639));
#6569=EDGE_LOOP('',(#2640,#2641,#2642,#2643));
#6570=EDGE_LOOP('',(#2644,#2645,#2646,#2647));
#6571=EDGE_LOOP('',(#2648,#2649,#2650,#2651));
#6572=EDGE_LOOP('',(#2652,#2653,#2654,#2655));
#6573=EDGE_LOOP('',(#2656,#2657,#2658,#2659));
#6574=EDGE_LOOP('',(#2660,#2661,#2662,#2663));
#6575=EDGE_LOOP('',(#2664,#2665,#2666,#2667));
#6576=EDGE_LOOP('',(#2668,#2669,#2670,#2671));
#6577=EDGE_LOOP('',(#2672,#2673,#2674,#2675));
#6578=EDGE_LOOP('',(#2676,#2677,#2678,#2679));
#6579=EDGE_LOOP('',(#2680,#2681,#2682,#2683));
#6580=EDGE_LOOP('',(#2684,#2685,#2686,#2687));
#6581=EDGE_LOOP('',(#2688,#2689,#2690,#2691));
#6582=EDGE_LOOP('',(#2692,#2693,#2694,#2695));
#6583=EDGE_LOOP('',(#2696,#2697,#2698,#2699));
#6584=EDGE_LOOP('',(#2700,#2701,#2702,#2703,#2704,#2705,#2706,#2707,#2708,
#2709,#2710,#2711,#2712,#2713,#2714,#2715,#2716,#2717,#2718));
#6585=EDGE_LOOP('',(#2719,#2720,#2721,#2722));
#6586=EDGE_LOOP('',(#2723,#2724,#2725,#2726));
#6587=EDGE_LOOP('',(#2727,#2728,#2729,#2730));
#6588=EDGE_LOOP('',(#2731,#2732,#2733,#2734));
#6589=EDGE_LOOP('',(#2735,#2736,#2737,#2738));
#6590=EDGE_LOOP('',(#2739,#2740,#2741,#2742));
#6591=EDGE_LOOP('',(#2743,#2744,#2745,#2746));
#6592=EDGE_LOOP('',(#2747,#2748,#2749,#2750));
#6593=EDGE_LOOP('',(#2751,#2752,#2753,#2754));
#6594=EDGE_LOOP('',(#2755,#2756,#2757,#2758));
#6595=EDGE_LOOP('',(#2759,#2760,#2761,#2762));
#6596=EDGE_LOOP('',(#2763,#2764,#2765,#2766));
#6597=EDGE_LOOP('',(#2767,#2768,#2769,#2770));
#6598=EDGE_LOOP('',(#2771,#2772,#2773,#2774));
#6599=EDGE_LOOP('',(#2775,#2776,#2777,#2778));
#6600=EDGE_LOOP('',(#2779,#2780,#2781,#2782));
#6601=EDGE_LOOP('',(#2783,#2784,#2785,#2786));
#6602=EDGE_LOOP('',(#2787,#2788,#2789,#2790));
#6603=EDGE_LOOP('',(#2791,#2792,#2793,#2794));
#6604=EDGE_LOOP('',(#2795,#2796,#2797,#2798,#2799,#2800,#2801,#2802,#2803,
#2804,#2805,#2806,#2807,#2808,#2809,#2810,#2811,#2812,#2813));
#6605=EDGE_LOOP('',(#2814,#2815,#2816,#2817));
#6606=EDGE_LOOP('',(#2818,#2819,#2820,#2821));
#6607=EDGE_LOOP('',(#2822,#2823,#2824,#2825));
#6608=EDGE_LOOP('',(#2826,#2827,#2828,#2829));
#6609=EDGE_LOOP('',(#2830,#2831,#2832,#2833));
#6610=EDGE_LOOP('',(#2834,#2835,#2836,#2837));
#6611=EDGE_LOOP('',(#2838,#2839,#2840,#2841));
#6612=EDGE_LOOP('',(#2842,#2843,#2844,#2845));
#6613=EDGE_LOOP('',(#2846,#2847,#2848,#2849));
#6614=EDGE_LOOP('',(#2850,#2851,#2852,#2853));
#6615=EDGE_LOOP('',(#2854,#2855,#2856,#2857));
#6616=EDGE_LOOP('',(#2858,#2859,#2860,#2861));
#6617=EDGE_LOOP('',(#2862,#2863,#2864,#2865));
#6618=EDGE_LOOP('',(#2866,#2867,#2868,#2869));
#6619=EDGE_LOOP('',(#2870,#2871,#2872,#2873,#2874,#2875));
#6620=EDGE_LOOP('',(#2876,#2877,#2878,#2879,#2880,#2881,#2882,#2883));
#6621=EDGE_LOOP('',(#2884,#2885,#2886,#2887,#2888,#2889));
#6622=EDGE_LOOP('',(#2890,#2891,#2892,#2893));
#6623=EDGE_LOOP('',(#2894,#2895,#2896,#2897));
#6624=EDGE_LOOP('',(#2898,#2899,#2900,#2901));
#6625=EDGE_LOOP('',(#2902,#2903,#2904,#2905));
#6626=EDGE_LOOP('',(#2906,#2907,#2908,#2909));
#6627=EDGE_LOOP('',(#2910,#2911,#2912,#2913));
#6628=EDGE_LOOP('',(#2914,#2915,#2916,#2917));
#6629=EDGE_LOOP('',(#2918,#2919,#2920,#2921));
#6630=EDGE_LOOP('',(#2922,#2923,#2924,#2925));
#6631=EDGE_LOOP('',(#2926,#2927,#2928,#2929));
#6632=EDGE_LOOP('',(#2930,#2931,#2932,#2933));
#6633=EDGE_LOOP('',(#2934,#2935,#2936,#2937));
#6634=EDGE_LOOP('',(#2938,#2939,#2940,#2941));
#6635=EDGE_LOOP('',(#2942,#2943,#2944,#2945));
#6636=EDGE_LOOP('',(#2946,#2947,#2948,#2949));
#6637=EDGE_LOOP('',(#2950,#2951,#2952,#2953));
#6638=EDGE_LOOP('',(#2954,#2955,#2956,#2957));
#6639=EDGE_LOOP('',(#2958,#2959,#2960,#2961));
#6640=EDGE_LOOP('',(#2962,#2963,#2964,#2965));
#6641=EDGE_LOOP('',(#2966,#2967,#2968,#2969));
#6642=EDGE_LOOP('',(#2970,#2971,#2972,#2973));
#6643=EDGE_LOOP('',(#2974,#2975,#2976,#2977));
#6644=EDGE_LOOP('',(#2978,#2979,#2980,#2981));
#6645=EDGE_LOOP('',(#2982,#2983,#2984,#2985));
#6646=EDGE_LOOP('',(#2986,#2987,#2988,#2989));
#6647=EDGE_LOOP('',(#2990,#2991,#2992,#2993));
#6648=EDGE_LOOP('',(#2994,#2995,#2996,#2997));
#6649=EDGE_LOOP('',(#2998,#2999,#3000,#3001));
#6650=EDGE_LOOP('',(#3002,#3003,#3004,#3005));
#6651=EDGE_LOOP('',(#3006,#3007,#3008,#3009));
#6652=EDGE_LOOP('',(#3010,#3011,#3012,#3013));
#6653=EDGE_LOOP('',(#3014,#3015,#3016,#3017));
#6654=EDGE_LOOP('',(#3018,#3019,#3020,#3021));
#6655=EDGE_LOOP('',(#3022,#3023,#3024,#3025));
#6656=EDGE_LOOP('',(#3026,#3027,#3028,#3029));
#6657=EDGE_LOOP('',(#3030,#3031,#3032,#3033));
#6658=EDGE_LOOP('',(#3034,#3035,#3036,#3037));
#6659=EDGE_LOOP('',(#3038,#3039,#3040,#3041));
#6660=EDGE_LOOP('',(#3042,#3043,#3044,#3045));
#6661=EDGE_LOOP('',(#3046,#3047,#3048,#3049));
#6662=EDGE_LOOP('',(#3050,#3051,#3052,#3053));
#6663=EDGE_LOOP('',(#3054,#3055,#3056,#3057));
#6664=EDGE_LOOP('',(#3058,#3059,#3060,#3061));
#6665=EDGE_LOOP('',(#3062,#3063,#3064,#3065,#3066,#3067,#3068,#3069,#3070,
#3071));
#6666=EDGE_LOOP('',(#3072,#3073,#3074,#3075,#3076,#3077,#3078,#3079,#3080,
#3081,#3082,#3083,#3084,#3085,#3086,#3087,#3088,#3089,#3090,#3091,#3092,
#3093,#3094,#3095,#3096,#3097,#3098,#3099));
#6667=EDGE_LOOP('',(#3100,#3101,#3102,#3103,#3104,#3105,#3106,#3107,#3108,
#3109));
#6668=EDGE_LOOP('',(#3110,#3111,#3112,#3113));
#6669=EDGE_LOOP('',(#3114,#3115,#3116,#3117));
#6670=EDGE_LOOP('',(#3118,#3119,#3120,#3121));
#6671=EDGE_LOOP('',(#3122,#3123,#3124,#3125));
#6672=EDGE_LOOP('',(#3126,#3127,#3128,#3129));
#6673=EDGE_LOOP('',(#3130,#3131,#3132,#3133));
#6674=EDGE_LOOP('',(#3134,#3135,#3136,#3137));
#6675=EDGE_LOOP('',(#3138,#3139,#3140,#3141));
#6676=EDGE_LOOP('',(#3142,#3143,#3144,#3145));
#6677=EDGE_LOOP('',(#3146,#3147,#3148,#3149));
#6678=EDGE_LOOP('',(#3150,#3151,#3152,#3153));
#6679=EDGE_LOOP('',(#3154,#3155,#3156,#3157));
#6680=EDGE_LOOP('',(#3158,#3159,#3160,#3161));
#6681=EDGE_LOOP('',(#3162,#3163,#3164,#3165));
#6682=EDGE_LOOP('',(#3166,#3167,#3168,#3169));
#6683=EDGE_LOOP('',(#3170,#3171,#3172,#3173));
#6684=EDGE_LOOP('',(#3174,#3175,#3176,#3177));
#6685=EDGE_LOOP('',(#3178,#3179,#3180,#3181));
#6686=EDGE_LOOP('',(#3182,#3183,#3184,#3185));
#6687=EDGE_LOOP('',(#3186,#3187,#3188,#3189));
#6688=EDGE_LOOP('',(#3190,#3191,#3192,#3193));
#6689=EDGE_LOOP('',(#3194,#3195,#3196,#3197));
#6690=EDGE_LOOP('',(#3198,#3199,#3200,#3201));
#6691=EDGE_LOOP('',(#3202,#3203,#3204,#3205));
#6692=EDGE_LOOP('',(#3206,#3207,#3208,#3209));
#6693=EDGE_LOOP('',(#3210,#3211,#3212,#3213));
#6694=EDGE_LOOP('',(#3214,#3215,#3216,#3217));
#6695=EDGE_LOOP('',(#3218,#3219,#3220,#3221));
#6696=EDGE_LOOP('',(#3222,#3223,#3224,#3225));
#6697=EDGE_LOOP('',(#3226,#3227,#3228,#3229));
#6698=EDGE_LOOP('',(#3230,#3231,#3232,#3233));
#6699=EDGE_LOOP('',(#3234,#3235,#3236,#3237));
#6700=EDGE_LOOP('',(#3238,#3239,#3240,#3241));
#6701=EDGE_LOOP('',(#3242,#3243,#3244,#3245));
#6702=EDGE_LOOP('',(#3246,#3247,#3248,#3249));
#6703=EDGE_LOOP('',(#3250,#3251,#3252,#3253));
#6704=EDGE_LOOP('',(#3254,#3255,#3256,#3257));
#6705=EDGE_LOOP('',(#3258,#3259,#3260,#3261));
#6706=EDGE_LOOP('',(#3262,#3263,#3264,#3265,#3266,#3267,#3268,#3269,#3270,
#3271));
#6707=EDGE_LOOP('',(#3272,#3273,#3274,#3275,#3276,#3277,#3278,#3279,#3280,
#3281,#3282,#3283,#3284,#3285,#3286,#3287,#3288,#3289,#3290,#3291,#3292,
#3293,#3294,#3295,#3296,#3297,#3298,#3299));
#6708=EDGE_LOOP('',(#3300,#3301,#3302,#3303,#3304,#3305,#3306,#3307,#3308,
#3309));
#6709=EDGE_LOOP('',(#3310,#3311,#3312,#3313));
#6710=EDGE_LOOP('',(#3314,#3315,#3316,#3317));
#6711=EDGE_LOOP('',(#3318,#3319,#3320,#3321));
#6712=EDGE_LOOP('',(#3322,#3323,#3324,#3325));
#6713=EDGE_LOOP('',(#3326,#3327,#3328,#3329));
#6714=EDGE_LOOP('',(#3330,#3331,#3332,#3333));
#6715=EDGE_LOOP('',(#3334,#3335,#3336,#3337));
#6716=EDGE_LOOP('',(#3338,#3339,#3340,#3341));
#6717=EDGE_LOOP('',(#3342,#3343,#3344,#3345));
#6718=EDGE_LOOP('',(#3346,#3347,#3348,#3349));
#6719=EDGE_LOOP('',(#3350,#3351,#3352,#3353));
#6720=EDGE_LOOP('',(#3354,#3355,#3356,#3357));
#6721=EDGE_LOOP('',(#3358,#3359,#3360,#3361));
#6722=EDGE_LOOP('',(#3362,#3363,#3364,#3365));
#6723=EDGE_LOOP('',(#3366,#3367,#3368,#3369));
#6724=EDGE_LOOP('',(#3370,#3371,#3372,#3373));
#6725=EDGE_LOOP('',(#3374,#3375,#3376,#3377));
#6726=EDGE_LOOP('',(#3378,#3379,#3380,#3381));
#6727=EDGE_LOOP('',(#3382,#3383,#3384,#3385));
#6728=EDGE_LOOP('',(#3386,#3387,#3388,#3389));
#6729=EDGE_LOOP('',(#3390,#3391,#3392,#3393));
#6730=EDGE_LOOP('',(#3394,#3395,#3396,#3397));
#6731=EDGE_LOOP('',(#3398,#3399,#3400,#3401));
#6732=EDGE_LOOP('',(#3402,#3403,#3404,#3405));
#6733=EDGE_LOOP('',(#3406,#3407,#3408,#3409,#3410,#3411,#3412));
#6734=EDGE_LOOP('',(#3413,#3414,#3415,#3416,#3417,#3418,#3419,#3420,#3421,
#3422,#3423,#3424,#3425,#3426,#3427,#3428,#3429));
#6735=EDGE_LOOP('',(#3430,#3431,#3432,#3433,#3434,#3435,#3436));
#6736=EDGE_LOOP('',(#3437,#3438,#3439,#3440));
#6737=EDGE_LOOP('',(#3441,#3442,#3443,#3444));
#6738=EDGE_LOOP('',(#3445,#3446,#3447,#3448));
#6739=EDGE_LOOP('',(#3449,#3450,#3451,#3452));
#6740=EDGE_LOOP('',(#3453,#3454,#3455,#3456));
#6741=EDGE_LOOP('',(#3457,#3458,#3459,#3460));
#6742=EDGE_LOOP('',(#3461,#3462,#3463,#3464));
#6743=EDGE_LOOP('',(#3465,#3466,#3467,#3468));
#6744=EDGE_LOOP('',(#3469,#3470,#3471,#3472));
#6745=EDGE_LOOP('',(#3473,#3474,#3475,#3476));
#6746=EDGE_LOOP('',(#3477,#3478,#3479,#3480));
#6747=EDGE_LOOP('',(#3481,#3482,#3483,#3484));
#6748=EDGE_LOOP('',(#3485,#3486,#3487,#3488));
#6749=EDGE_LOOP('',(#3489,#3490,#3491,#3492));
#6750=EDGE_LOOP('',(#3493,#3494,#3495,#3496));
#6751=EDGE_LOOP('',(#3497,#3498,#3499,#3500));
#6752=EDGE_LOOP('',(#3501,#3502,#3503,#3504));
#6753=EDGE_LOOP('',(#3505,#3506,#3507,#3508));
#6754=EDGE_LOOP('',(#3509,#3510,#3511,#3512));
#6755=EDGE_LOOP('',(#3513,#3514,#3515,#3516,#3517,#3518,#3519,#3520,#3521,
#3522,#3523,#3524,#3525,#3526,#3527,#3528,#3529,#3530,#3531));
#6756=EDGE_LOOP('',(#3532,#3533,#3534,#3535));
#6757=EDGE_LOOP('',(#3536,#3537,#3538,#3539));
#6758=EDGE_LOOP('',(#3540,#3541,#3542,#3543));
#6759=EDGE_LOOP('',(#3544,#3545,#3546,#3547));
#6760=EDGE_LOOP('',(#3548,#3549,#3550,#3551));
#6761=EDGE_LOOP('',(#3552,#3553,#3554,#3555));
#6762=EDGE_LOOP('',(#3556,#3557,#3558,#3559));
#6763=EDGE_LOOP('',(#3560,#3561,#3562,#3563));
#6764=EDGE_LOOP('',(#3564,#3565,#3566,#3567));
#6765=EDGE_LOOP('',(#3568,#3569,#3570,#3571));
#6766=EDGE_LOOP('',(#3572,#3573,#3574,#3575));
#6767=EDGE_LOOP('',(#3576,#3577,#3578,#3579));
#6768=EDGE_LOOP('',(#3580,#3581,#3582,#3583));
#6769=EDGE_LOOP('',(#3584,#3585,#3586,#3587));
#6770=EDGE_LOOP('',(#3588,#3589,#3590,#3591));
#6771=EDGE_LOOP('',(#3592,#3593,#3594,#3595));
#6772=EDGE_LOOP('',(#3596,#3597,#3598,#3599));
#6773=EDGE_LOOP('',(#3600,#3601,#3602,#3603,#3604,#3605,#3606,#3607,#3608,
#3609,#3610,#3611,#3612,#3613,#3614,#3615,#3616));
#6774=EDGE_LOOP('',(#3617,#3618,#3619,#3620));
#6775=EDGE_LOOP('',(#3621,#3622,#3623,#3624));
#6776=EDGE_LOOP('',(#3625,#3626,#3627,#3628));
#6777=EDGE_LOOP('',(#3629,#3630,#3631,#3632));
#6778=EDGE_LOOP('',(#3633,#3634,#3635,#3636));
#6779=EDGE_LOOP('',(#3637,#3638,#3639,#3640));
#6780=EDGE_LOOP('',(#3641,#3642,#3643,#3644));
#6781=EDGE_LOOP('',(#3645,#3646,#3647,#3648));
#6782=EDGE_LOOP('',(#3649,#3650,#3651,#3652));
#6783=EDGE_LOOP('',(#3653,#3654,#3655,#3656));
#6784=EDGE_LOOP('',(#3657,#3658,#3659,#3660,#3661,#3662,#3663,#3664,#3665,
#3666));
#6785=EDGE_LOOP('',(#3667,#3668,#3669,#3670));
#6786=EDGE_LOOP('',(#3671,#3672,#3673,#3674));
#6787=EDGE_LOOP('',(#3675,#3676,#3677,#3678));
#6788=EDGE_LOOP('',(#3679,#3680,#3681,#3682));
#6789=EDGE_LOOP('',(#3683,#3684,#3685,#3686));
#6790=EDGE_LOOP('',(#3687,#3688,#3689,#3690));
#6791=EDGE_LOOP('',(#3691,#3692,#3693,#3694));
#6792=EDGE_LOOP('',(#3695,#3696,#3697,#3698));
#6793=EDGE_LOOP('',(#3699,#3700,#3701,#3702));
#6794=EDGE_LOOP('',(#3703,#3704,#3705,#3706));
#6795=EDGE_LOOP('',(#3707,#3708,#3709,#3710,#3711,#3712,#3713,#3714,#3715,
#3716));
#6796=EDGE_LOOP('',(#3717,#3718,#3719,#3720));
#6797=EDGE_LOOP('',(#3721,#3722,#3723,#3724));
#6798=EDGE_LOOP('',(#3725,#3726,#3727,#3728));
#6799=EDGE_LOOP('',(#3729,#3730,#3731,#3732));
#6800=EDGE_LOOP('',(#3733,#3734,#3735,#3736));
#6801=EDGE_LOOP('',(#3737,#3738,#3739,#3740));
#6802=EDGE_LOOP('',(#3741,#3742,#3743,#3744));
#6803=EDGE_LOOP('',(#3745,#3746,#3747,#3748));
#6804=EDGE_LOOP('',(#3749,#3750,#3751,#3752));
#6805=EDGE_LOOP('',(#3753,#3754,#3755,#3756));
#6806=EDGE_LOOP('',(#3757,#3758,#3759,#3760));
#6807=EDGE_LOOP('',(#3761,#3762,#3763,#3764));
#6808=EDGE_LOOP('',(#3765,#3766,#3767,#3768));
#6809=EDGE_LOOP('',(#3769,#3770,#3771,#3772));
#6810=EDGE_LOOP('',(#3773,#3774,#3775,#3776));
#6811=EDGE_LOOP('',(#3777,#3778,#3779,#3780));
#6812=EDGE_LOOP('',(#3781,#3782,#3783,#3784));
#6813=EDGE_LOOP('',(#3785,#3786,#3787,#3788,#3789,#3790,#3791,#3792,#3793,
#3794,#3795,#3796,#3797,#3798,#3799,#3800,#3801));
#6814=EDGE_LOOP('',(#3802,#3803,#3804,#3805));
#6815=EDGE_LOOP('',(#3806,#3807,#3808,#3809));
#6816=EDGE_LOOP('',(#3810,#3811,#3812,#3813));
#6817=EDGE_LOOP('',(#3814,#3815,#3816,#3817));
#6818=EDGE_LOOP('',(#3818,#3819,#3820,#3821));
#6819=EDGE_LOOP('',(#3822,#3823,#3824,#3825));
#6820=EDGE_LOOP('',(#3826,#3827,#3828,#3829));
#6821=EDGE_LOOP('',(#3830,#3831,#3832,#3833));
#6822=EDGE_LOOP('',(#3834,#3835,#3836,#3837));
#6823=EDGE_LOOP('',(#3838,#3839,#3840,#3841));
#6824=EDGE_LOOP('',(#3842,#3843,#3844,#3845));
#6825=EDGE_LOOP('',(#3846,#3847,#3848,#3849));
#6826=EDGE_LOOP('',(#3850,#3851,#3852,#3853));
#6827=EDGE_LOOP('',(#3854,#3855,#3856,#3857));
#6828=EDGE_LOOP('',(#3858,#3859,#3860,#3861));
#6829=EDGE_LOOP('',(#3862,#3863,#3864,#3865));
#6830=EDGE_LOOP('',(#3866,#3867,#3868,#3869));
#6831=EDGE_LOOP('',(#3870,#3871,#3872,#3873));
#6832=EDGE_LOOP('',(#3874,#3875,#3876,#3877));
#6833=EDGE_LOOP('',(#3878,#3879,#3880,#3881));
#6834=EDGE_LOOP('',(#3882,#3883,#3884,#3885));
#6835=EDGE_LOOP('',(#3886,#3887,#3888,#3889));
#6836=EDGE_LOOP('',(#3890,#3891,#3892,#3893));
#6837=EDGE_LOOP('',(#3894,#3895,#3896,#3897));
#6838=EDGE_LOOP('',(#3898,#3899,#3900,#3901));
#6839=EDGE_LOOP('',(#3902,#3903,#3904,#3905));
#6840=EDGE_LOOP('',(#3906,#3907,#3908,#3909));
#6841=EDGE_LOOP('',(#3910,#3911,#3912,#3913));
#6842=EDGE_LOOP('',(#3914,#3915,#3916,#3917));
#6843=EDGE_LOOP('',(#3918,#3919,#3920,#3921));
#6844=EDGE_LOOP('',(#3922,#3923,#3924,#3925));
#6845=EDGE_LOOP('',(#3926,#3927,#3928,#3929));
#6846=EDGE_LOOP('',(#3930,#3931,#3932,#3933));
#6847=EDGE_LOOP('',(#3934,#3935,#3936,#3937));
#6848=EDGE_LOOP('',(#3938,#3939,#3940,#3941));
#6849=EDGE_LOOP('',(#3942,#3943,#3944,#3945));
#6850=EDGE_LOOP('',(#3946,#3947,#3948,#3949));
#6851=EDGE_LOOP('',(#3950,#3951,#3952,#3953));
#6852=EDGE_LOOP('',(#3954,#3955,#3956,#3957));
#6853=EDGE_LOOP('',(#3958,#3959,#3960,#3961));
#6854=EDGE_LOOP('',(#3962,#3963,#3964,#3965));
#6855=EDGE_LOOP('',(#3966,#3967,#3968,#3969));
#6856=EDGE_LOOP('',(#3970,#3971,#3972,#3973));
#6857=EDGE_LOOP('',(#3974,#3975,#3976,#3977));
#6858=EDGE_LOOP('',(#3978,#3979,#3980,#3981));
#6859=EDGE_LOOP('',(#3982,#3983,#3984,#3985));
#6860=EDGE_LOOP('',(#3986,#3987,#3988,#3989));
#6861=EDGE_LOOP('',(#3990,#3991,#3992,#3993));
#6862=EDGE_LOOP('',(#3994,#3995,#3996,#3997,#3998,#3999,#4000,#4001,#4002,
#4003));
#6863=EDGE_LOOP('',(#4004,#4005,#4006,#4007,#4008,#4009,#4010,#4011,#4012,
#4013,#4014,#4015,#4016,#4017,#4018,#4019,#4020,#4021,#4022,#4023,#4024,
#4025,#4026,#4027,#4028,#4029,#4030,#4031));
#6864=EDGE_LOOP('',(#4032,#4033,#4034,#4035,#4036,#4037,#4038,#4039,#4040,
#4041));
#6865=EDGE_LOOP('',(#4042,#4043,#4044,#4045));
#6866=EDGE_LOOP('',(#4046,#4047,#4048,#4049));
#6867=EDGE_LOOP('',(#4050,#4051,#4052,#4053));
#6868=EDGE_LOOP('',(#4054,#4055,#4056,#4057));
#6869=EDGE_LOOP('',(#4058,#4059,#4060,#4061));
#6870=EDGE_LOOP('',(#4062,#4063,#4064,#4065));
#6871=EDGE_LOOP('',(#4066,#4067,#4068,#4069));
#6872=EDGE_LOOP('',(#4070,#4071,#4072,#4073));
#6873=EDGE_LOOP('',(#4074,#4075,#4076,#4077));
#6874=EDGE_LOOP('',(#4078,#4079,#4080,#4081));
#6875=EDGE_LOOP('',(#4082,#4083,#4084,#4085));
#6876=EDGE_LOOP('',(#4086,#4087,#4088,#4089));
#6877=EDGE_LOOP('',(#4090,#4091,#4092,#4093));
#6878=EDGE_LOOP('',(#4094,#4095,#4096,#4097));
#6879=EDGE_LOOP('',(#4098,#4099,#4100,#4101));
#6880=EDGE_LOOP('',(#4102,#4103,#4104,#4105));
#6881=EDGE_LOOP('',(#4106,#4107,#4108,#4109));
#6882=EDGE_LOOP('',(#4110,#4111,#4112,#4113));
#6883=EDGE_LOOP('',(#4114,#4115,#4116,#4117));
#6884=EDGE_LOOP('',(#4118,#4119,#4120,#4121,#4122,#4123,#4124,#4125,#4126,
#4127,#4128,#4129,#4130,#4131,#4132,#4133,#4134,#4135,#4136));
#6885=FACE_BOUND('',#6424,.T.);
#6886=FACE_BOUND('',#6425,.T.);
#6887=FACE_BOUND('',#6426,.T.);
#6888=FACE_BOUND('',#6427,.T.);
#6889=FACE_BOUND('',#6428,.T.);
#6890=FACE_BOUND('',#6429,.T.);
#6891=FACE_BOUND('',#6430,.T.);
#6892=FACE_BOUND('',#6431,.T.);
#6893=FACE_BOUND('',#6432,.T.);
#6894=FACE_BOUND('',#6433,.T.);
#6895=FACE_BOUND('',#6434,.T.);
#6896=FACE_BOUND('',#6435,.T.);
#6897=FACE_BOUND('',#6436,.T.);
#6898=FACE_BOUND('',#6437,.T.);
#6899=FACE_BOUND('',#6438,.T.);
#6900=FACE_BOUND('',#6439,.T.);
#6901=FACE_BOUND('',#6440,.T.);
#6902=FACE_BOUND('',#6441,.T.);
#6903=FACE_BOUND('',#6442,.T.);
#6904=FACE_BOUND('',#6443,.T.);
#6905=FACE_BOUND('',#6444,.T.);
#6906=FACE_BOUND('',#6445,.T.);
#6907=FACE_BOUND('',#6446,.T.);
#6908=FACE_BOUND('',#6447,.T.);
#6909=FACE_BOUND('',#6448,.T.);
#6910=FACE_BOUND('',#6449,.T.);
#6911=FACE_BOUND('',#6450,.T.);
#6912=FACE_BOUND('',#6451,.T.);
#6913=FACE_BOUND('',#6452,.T.);
#6914=FACE_BOUND('',#6453,.T.);
#6915=FACE_BOUND('',#6454,.T.);
#6916=FACE_BOUND('',#6455,.T.);
#6917=FACE_BOUND('',#6456,.T.);
#6918=FACE_BOUND('',#6457,.T.);
#6919=FACE_BOUND('',#6458,.T.);
#6920=FACE_BOUND('',#6459,.T.);
#6921=FACE_BOUND('',#6460,.T.);
#6922=FACE_BOUND('',#6461,.T.);
#6923=FACE_BOUND('',#6462,.T.);
#6924=FACE_BOUND('',#6463,.T.);
#6925=FACE_BOUND('',#6464,.T.);
#6926=FACE_BOUND('',#6465,.T.);
#6927=FACE_BOUND('',#6466,.T.);
#6928=FACE_BOUND('',#6467,.T.);
#6929=FACE_BOUND('',#6468,.T.);
#6930=FACE_BOUND('',#6469,.T.);
#6931=FACE_BOUND('',#6470,.T.);
#6932=FACE_BOUND('',#6471,.T.);
#6933=FACE_BOUND('',#6472,.T.);
#6934=FACE_BOUND('',#6473,.T.);
#6935=FACE_BOUND('',#6474,.T.);
#6936=FACE_BOUND('',#6475,.T.);
#6937=FACE_BOUND('',#6476,.T.);
#6938=FACE_BOUND('',#6477,.T.);
#6939=FACE_BOUND('',#6478,.T.);
#6940=FACE_BOUND('',#6479,.T.);
#6941=FACE_BOUND('',#6480,.T.);
#6942=FACE_BOUND('',#6481,.T.);
#6943=FACE_BOUND('',#6482,.T.);
#6944=FACE_BOUND('',#6483,.T.);
#6945=FACE_BOUND('',#6484,.T.);
#6946=FACE_BOUND('',#6485,.T.);
#6947=FACE_BOUND('',#6486,.T.);
#6948=FACE_BOUND('',#6487,.T.);
#6949=FACE_BOUND('',#6488,.T.);
#6950=FACE_BOUND('',#6489,.T.);
#6951=FACE_BOUND('',#6490,.T.);
#6952=FACE_BOUND('',#6491,.T.);
#6953=FACE_BOUND('',#6492,.T.);
#6954=FACE_BOUND('',#6493,.T.);
#6955=FACE_BOUND('',#6494,.T.);
#6956=FACE_BOUND('',#6495,.T.);
#6957=FACE_BOUND('',#6496,.T.);
#6958=FACE_BOUND('',#6497,.T.);
#6959=FACE_BOUND('',#6498,.T.);
#6960=FACE_BOUND('',#6499,.T.);
#6961=FACE_BOUND('',#6500,.T.);
#6962=FACE_BOUND('',#6501,.T.);
#6963=FACE_BOUND('',#6502,.T.);
#6964=FACE_BOUND('',#6503,.T.);
#6965=FACE_BOUND('',#6504,.T.);
#6966=FACE_BOUND('',#6505,.T.);
#6967=FACE_BOUND('',#6506,.T.);
#6968=FACE_BOUND('',#6507,.T.);
#6969=FACE_BOUND('',#6508,.T.);
#6970=FACE_BOUND('',#6509,.T.);
#6971=FACE_BOUND('',#6510,.T.);
#6972=FACE_BOUND('',#6511,.T.);
#6973=FACE_BOUND('',#6512,.T.);
#6974=FACE_BOUND('',#6513,.T.);
#6975=FACE_BOUND('',#6514,.T.);
#6976=FACE_BOUND('',#6515,.T.);
#6977=FACE_BOUND('',#6516,.T.);
#6978=FACE_BOUND('',#6517,.T.);
#6979=FACE_BOUND('',#6518,.T.);
#6980=FACE_BOUND('',#6519,.T.);
#6981=FACE_BOUND('',#6520,.T.);
#6982=FACE_BOUND('',#6521,.T.);
#6983=FACE_BOUND('',#6522,.T.);
#6984=FACE_BOUND('',#6523,.T.);
#6985=FACE_BOUND('',#6524,.T.);
#6986=FACE_BOUND('',#6525,.T.);
#6987=FACE_BOUND('',#6526,.T.);
#6988=FACE_BOUND('',#6527,.T.);
#6989=FACE_BOUND('',#6528,.T.);
#6990=FACE_BOUND('',#6529,.T.);
#6991=FACE_BOUND('',#6530,.T.);
#6992=FACE_BOUND('',#6531,.T.);
#6993=FACE_BOUND('',#6532,.T.);
#6994=FACE_BOUND('',#6533,.T.);
#6995=FACE_BOUND('',#6534,.T.);
#6996=FACE_BOUND('',#6535,.T.);
#6997=FACE_BOUND('',#6536,.T.);
#6998=FACE_BOUND('',#6537,.T.);
#6999=FACE_BOUND('',#6538,.T.);
#7000=FACE_BOUND('',#6539,.T.);
#7001=FACE_BOUND('',#6540,.T.);
#7002=FACE_BOUND('',#6541,.T.);
#7003=FACE_BOUND('',#6542,.T.);
#7004=FACE_BOUND('',#6543,.T.);
#7005=FACE_BOUND('',#6544,.T.);
#7006=FACE_BOUND('',#6545,.T.);
#7007=FACE_BOUND('',#6546,.T.);
#7008=FACE_BOUND('',#6547,.T.);
#7009=FACE_BOUND('',#6548,.T.);
#7010=FACE_BOUND('',#6549,.T.);
#7011=FACE_BOUND('',#6550,.T.);
#7012=FACE_BOUND('',#6551,.T.);
#7013=FACE_BOUND('',#6552,.T.);
#7014=FACE_BOUND('',#6553,.T.);
#7015=FACE_BOUND('',#6554,.T.);
#7016=FACE_BOUND('',#6555,.T.);
#7017=FACE_BOUND('',#6556,.T.);
#7018=FACE_BOUND('',#6557,.T.);
#7019=FACE_BOUND('',#6558,.T.);
#7020=FACE_BOUND('',#6559,.T.);
#7021=FACE_BOUND('',#6560,.T.);
#7022=FACE_BOUND('',#6561,.T.);
#7023=FACE_BOUND('',#6562,.T.);
#7024=FACE_BOUND('',#6563,.T.);
#7025=FACE_BOUND('',#6564,.T.);
#7026=FACE_BOUND('',#6565,.T.);
#7027=FACE_BOUND('',#6566,.T.);
#7028=FACE_BOUND('',#6567,.T.);
#7029=FACE_BOUND('',#6568,.T.);
#7030=FACE_BOUND('',#6569,.T.);
#7031=FACE_BOUND('',#6570,.T.);
#7032=FACE_BOUND('',#6571,.T.);
#7033=FACE_BOUND('',#6572,.T.);
#7034=FACE_BOUND('',#6573,.T.);
#7035=FACE_BOUND('',#6574,.T.);
#7036=FACE_BOUND('',#6575,.T.);
#7037=FACE_BOUND('',#6576,.T.);
#7038=FACE_BOUND('',#6577,.T.);
#7039=FACE_BOUND('',#6578,.T.);
#7040=FACE_BOUND('',#6579,.T.);
#7041=FACE_BOUND('',#6580,.T.);
#7042=FACE_BOUND('',#6581,.T.);
#7043=FACE_BOUND('',#6582,.T.);
#7044=FACE_BOUND('',#6583,.T.);
#7045=FACE_BOUND('',#6584,.T.);
#7046=FACE_BOUND('',#6585,.T.);
#7047=FACE_BOUND('',#6586,.T.);
#7048=FACE_BOUND('',#6587,.T.);
#7049=FACE_BOUND('',#6588,.T.);
#7050=FACE_BOUND('',#6589,.T.);
#7051=FACE_BOUND('',#6590,.T.);
#7052=FACE_BOUND('',#6591,.T.);
#7053=FACE_BOUND('',#6592,.T.);
#7054=FACE_BOUND('',#6593,.T.);
#7055=FACE_BOUND('',#6594,.T.);
#7056=FACE_BOUND('',#6595,.T.);
#7057=FACE_BOUND('',#6596,.T.);
#7058=FACE_BOUND('',#6597,.T.);
#7059=FACE_BOUND('',#6598,.T.);
#7060=FACE_BOUND('',#6599,.T.);
#7061=FACE_BOUND('',#6600,.T.);
#7062=FACE_BOUND('',#6601,.T.);
#7063=FACE_BOUND('',#6602,.T.);
#7064=FACE_BOUND('',#6603,.T.);
#7065=FACE_BOUND('',#6604,.T.);
#7066=FACE_BOUND('',#6605,.T.);
#7067=FACE_BOUND('',#6606,.T.);
#7068=FACE_BOUND('',#6607,.T.);
#7069=FACE_BOUND('',#6608,.T.);
#7070=FACE_BOUND('',#6609,.T.);
#7071=FACE_BOUND('',#6610,.T.);
#7072=FACE_BOUND('',#6611,.T.);
#7073=FACE_BOUND('',#6612,.T.);
#7074=FACE_BOUND('',#6613,.T.);
#7075=FACE_BOUND('',#6614,.T.);
#7076=FACE_BOUND('',#6615,.T.);
#7077=FACE_BOUND('',#6616,.T.);
#7078=FACE_BOUND('',#6617,.T.);
#7079=FACE_BOUND('',#6618,.T.);
#7080=FACE_BOUND('',#6619,.T.);
#7081=FACE_BOUND('',#6620,.T.);
#7082=FACE_BOUND('',#6621,.T.);
#7083=FACE_BOUND('',#6622,.T.);
#7084=FACE_BOUND('',#6623,.T.);
#7085=FACE_BOUND('',#6624,.T.);
#7086=FACE_BOUND('',#6625,.T.);
#7087=FACE_BOUND('',#6626,.T.);
#7088=FACE_BOUND('',#6627,.T.);
#7089=FACE_BOUND('',#6628,.T.);
#7090=FACE_BOUND('',#6629,.T.);
#7091=FACE_BOUND('',#6630,.T.);
#7092=FACE_BOUND('',#6631,.T.);
#7093=FACE_BOUND('',#6632,.T.);
#7094=FACE_BOUND('',#6633,.T.);
#7095=FACE_BOUND('',#6634,.T.);
#7096=FACE_BOUND('',#6635,.T.);
#7097=FACE_BOUND('',#6636,.T.);
#7098=FACE_BOUND('',#6637,.T.);
#7099=FACE_BOUND('',#6638,.T.);
#7100=FACE_BOUND('',#6639,.T.);
#7101=FACE_BOUND('',#6640,.T.);
#7102=FACE_BOUND('',#6641,.T.);
#7103=FACE_BOUND('',#6642,.T.);
#7104=FACE_BOUND('',#6643,.T.);
#7105=FACE_BOUND('',#6644,.T.);
#7106=FACE_BOUND('',#6645,.T.);
#7107=FACE_BOUND('',#6646,.T.);
#7108=FACE_BOUND('',#6647,.T.);
#7109=FACE_BOUND('',#6648,.T.);
#7110=FACE_BOUND('',#6649,.T.);
#7111=FACE_BOUND('',#6650,.T.);
#7112=FACE_BOUND('',#6651,.T.);
#7113=FACE_BOUND('',#6652,.T.);
#7114=FACE_BOUND('',#6653,.T.);
#7115=FACE_BOUND('',#6654,.T.);
#7116=FACE_BOUND('',#6655,.T.);
#7117=FACE_BOUND('',#6656,.T.);
#7118=FACE_BOUND('',#6657,.T.);
#7119=FACE_BOUND('',#6658,.T.);
#7120=FACE_BOUND('',#6659,.T.);
#7121=FACE_BOUND('',#6660,.T.);
#7122=FACE_BOUND('',#6661,.T.);
#7123=FACE_BOUND('',#6662,.T.);
#7124=FACE_BOUND('',#6663,.T.);
#7125=FACE_BOUND('',#6664,.T.);
#7126=FACE_BOUND('',#6665,.T.);
#7127=FACE_BOUND('',#6666,.T.);
#7128=FACE_BOUND('',#6667,.T.);
#7129=FACE_BOUND('',#6668,.T.);
#7130=FACE_BOUND('',#6669,.T.);
#7131=FACE_BOUND('',#6670,.T.);
#7132=FACE_BOUND('',#6671,.T.);
#7133=FACE_BOUND('',#6672,.T.);
#7134=FACE_BOUND('',#6673,.T.);
#7135=FACE_BOUND('',#6674,.T.);
#7136=FACE_BOUND('',#6675,.T.);
#7137=FACE_BOUND('',#6676,.T.);
#7138=FACE_BOUND('',#6677,.T.);
#7139=FACE_BOUND('',#6678,.T.);
#7140=FACE_BOUND('',#6679,.T.);
#7141=FACE_BOUND('',#6680,.T.);
#7142=FACE_BOUND('',#6681,.T.);
#7143=FACE_BOUND('',#6682,.T.);
#7144=FACE_BOUND('',#6683,.T.);
#7145=FACE_BOUND('',#6684,.T.);
#7146=FACE_BOUND('',#6685,.T.);
#7147=FACE_BOUND('',#6686,.T.);
#7148=FACE_BOUND('',#6687,.T.);
#7149=FACE_BOUND('',#6688,.T.);
#7150=FACE_BOUND('',#6689,.T.);
#7151=FACE_BOUND('',#6690,.T.);
#7152=FACE_BOUND('',#6691,.T.);
#7153=FACE_BOUND('',#6692,.T.);
#7154=FACE_BOUND('',#6693,.T.);
#7155=FACE_BOUND('',#6694,.T.);
#7156=FACE_BOUND('',#6695,.T.);
#7157=FACE_BOUND('',#6696,.T.);
#7158=FACE_BOUND('',#6697,.T.);
#7159=FACE_BOUND('',#6698,.T.);
#7160=FACE_BOUND('',#6699,.T.);
#7161=FACE_BOUND('',#6700,.T.);
#7162=FACE_BOUND('',#6701,.T.);
#7163=FACE_BOUND('',#6702,.T.);
#7164=FACE_BOUND('',#6703,.T.);
#7165=FACE_BOUND('',#6704,.T.);
#7166=FACE_BOUND('',#6705,.T.);
#7167=FACE_BOUND('',#6706,.T.);
#7168=FACE_BOUND('',#6707,.T.);
#7169=FACE_BOUND('',#6708,.T.);
#7170=FACE_BOUND('',#6709,.T.);
#7171=FACE_BOUND('',#6710,.T.);
#7172=FACE_BOUND('',#6711,.T.);
#7173=FACE_BOUND('',#6712,.T.);
#7174=FACE_BOUND('',#6713,.T.);
#7175=FACE_BOUND('',#6714,.T.);
#7176=FACE_BOUND('',#6715,.T.);
#7177=FACE_BOUND('',#6716,.T.);
#7178=FACE_BOUND('',#6717,.T.);
#7179=FACE_BOUND('',#6718,.T.);
#7180=FACE_BOUND('',#6719,.T.);
#7181=FACE_BOUND('',#6720,.T.);
#7182=FACE_BOUND('',#6721,.T.);
#7183=FACE_BOUND('',#6722,.T.);
#7184=FACE_BOUND('',#6723,.T.);
#7185=FACE_BOUND('',#6724,.T.);
#7186=FACE_BOUND('',#6725,.T.);
#7187=FACE_BOUND('',#6726,.T.);
#7188=FACE_BOUND('',#6727,.T.);
#7189=FACE_BOUND('',#6728,.T.);
#7190=FACE_BOUND('',#6729,.T.);
#7191=FACE_BOUND('',#6730,.T.);
#7192=FACE_BOUND('',#6731,.T.);
#7193=FACE_BOUND('',#6732,.T.);
#7194=FACE_BOUND('',#6733,.T.);
#7195=FACE_BOUND('',#6734,.T.);
#7196=FACE_BOUND('',#6735,.T.);
#7197=FACE_BOUND('',#6736,.T.);
#7198=FACE_BOUND('',#6737,.T.);
#7199=FACE_BOUND('',#6738,.T.);
#7200=FACE_BOUND('',#6739,.T.);
#7201=FACE_BOUND('',#6740,.T.);
#7202=FACE_BOUND('',#6741,.T.);
#7203=FACE_BOUND('',#6742,.T.);
#7204=FACE_BOUND('',#6743,.T.);
#7205=FACE_BOUND('',#6744,.T.);
#7206=FACE_BOUND('',#6745,.T.);
#7207=FACE_BOUND('',#6746,.T.);
#7208=FACE_BOUND('',#6747,.T.);
#7209=FACE_BOUND('',#6748,.T.);
#7210=FACE_BOUND('',#6749,.T.);
#7211=FACE_BOUND('',#6750,.T.);
#7212=FACE_BOUND('',#6751,.T.);
#7213=FACE_BOUND('',#6752,.T.);
#7214=FACE_BOUND('',#6753,.T.);
#7215=FACE_BOUND('',#6754,.T.);
#7216=FACE_BOUND('',#6755,.T.);
#7217=FACE_BOUND('',#6756,.T.);
#7218=FACE_BOUND('',#6757,.T.);
#7219=FACE_BOUND('',#6758,.T.);
#7220=FACE_BOUND('',#6759,.T.);
#7221=FACE_BOUND('',#6760,.T.);
#7222=FACE_BOUND('',#6761,.T.);
#7223=FACE_BOUND('',#6762,.T.);
#7224=FACE_BOUND('',#6763,.T.);
#7225=FACE_BOUND('',#6764,.T.);
#7226=FACE_BOUND('',#6765,.T.);
#7227=FACE_BOUND('',#6766,.T.);
#7228=FACE_BOUND('',#6767,.T.);
#7229=FACE_BOUND('',#6768,.T.);
#7230=FACE_BOUND('',#6769,.T.);
#7231=FACE_BOUND('',#6770,.T.);
#7232=FACE_BOUND('',#6771,.T.);
#7233=FACE_BOUND('',#6772,.T.);
#7234=FACE_BOUND('',#6773,.T.);
#7235=FACE_BOUND('',#6774,.T.);
#7236=FACE_BOUND('',#6775,.T.);
#7237=FACE_BOUND('',#6776,.T.);
#7238=FACE_BOUND('',#6777,.T.);
#7239=FACE_BOUND('',#6778,.T.);
#7240=FACE_BOUND('',#6779,.T.);
#7241=FACE_BOUND('',#6780,.T.);
#7242=FACE_BOUND('',#6781,.T.);
#7243=FACE_BOUND('',#6782,.T.);
#7244=FACE_BOUND('',#6783,.T.);
#7245=FACE_BOUND('',#6784,.T.);
#7246=FACE_BOUND('',#6785,.T.);
#7247=FACE_BOUND('',#6786,.T.);
#7248=FACE_BOUND('',#6787,.T.);
#7249=FACE_BOUND('',#6788,.T.);
#7250=FACE_BOUND('',#6789,.T.);
#7251=FACE_BOUND('',#6790,.T.);
#7252=FACE_BOUND('',#6791,.T.);
#7253=FACE_BOUND('',#6792,.T.);
#7254=FACE_BOUND('',#6793,.T.);
#7255=FACE_BOUND('',#6794,.T.);
#7256=FACE_BOUND('',#6795,.T.);
#7257=FACE_BOUND('',#6796,.T.);
#7258=FACE_BOUND('',#6797,.T.);
#7259=FACE_BOUND('',#6798,.T.);
#7260=FACE_BOUND('',#6799,.T.);
#7261=FACE_BOUND('',#6800,.T.);
#7262=FACE_BOUND('',#6801,.T.);
#7263=FACE_BOUND('',#6802,.T.);
#7264=FACE_BOUND('',#6803,.T.);
#7265=FACE_BOUND('',#6804,.T.);
#7266=FACE_BOUND('',#6805,.T.);
#7267=FACE_BOUND('',#6806,.T.);
#7268=FACE_BOUND('',#6807,.T.);
#7269=FACE_BOUND('',#6808,.T.);
#7270=FACE_BOUND('',#6809,.T.);
#7271=FACE_BOUND('',#6810,.T.);
#7272=FACE_BOUND('',#6811,.T.);
#7273=FACE_BOUND('',#6812,.T.);
#7274=FACE_BOUND('',#6813,.T.);
#7275=FACE_BOUND('',#6814,.T.);
#7276=FACE_BOUND('',#6815,.T.);
#7277=FACE_BOUND('',#6816,.T.);
#7278=FACE_BOUND('',#6817,.T.);
#7279=FACE_BOUND('',#6818,.T.);
#7280=FACE_BOUND('',#6819,.T.);
#7281=FACE_BOUND('',#6820,.T.);
#7282=FACE_BOUND('',#6821,.T.);
#7283=FACE_BOUND('',#6822,.T.);
#7284=FACE_BOUND('',#6823,.T.);
#7285=FACE_BOUND('',#6824,.T.);
#7286=FACE_BOUND('',#6825,.T.);
#7287=FACE_BOUND('',#6826,.T.);
#7288=FACE_BOUND('',#6827,.T.);
#7289=FACE_BOUND('',#6828,.T.);
#7290=FACE_BOUND('',#6829,.T.);
#7291=FACE_BOUND('',#6830,.T.);
#7292=FACE_BOUND('',#6831,.T.);
#7293=FACE_BOUND('',#6832,.T.);
#7294=FACE_BOUND('',#6833,.T.);
#7295=FACE_BOUND('',#6834,.T.);
#7296=FACE_BOUND('',#6835,.T.);
#7297=FACE_BOUND('',#6836,.T.);
#7298=FACE_BOUND('',#6837,.T.);
#7299=FACE_BOUND('',#6838,.T.);
#7300=FACE_BOUND('',#6839,.T.);
#7301=FACE_BOUND('',#6840,.T.);
#7302=FACE_BOUND('',#6841,.T.);
#7303=FACE_BOUND('',#6842,.T.);
#7304=FACE_BOUND('',#6843,.T.);
#7305=FACE_BOUND('',#6844,.T.);
#7306=FACE_BOUND('',#6845,.T.);
#7307=FACE_BOUND('',#6846,.T.);
#7308=FACE_BOUND('',#6847,.T.);
#7309=FACE_BOUND('',#6848,.T.);
#7310=FACE_BOUND('',#6849,.T.);
#7311=FACE_BOUND('',#6850,.T.);
#7312=FACE_BOUND('',#6851,.T.);
#7313=FACE_BOUND('',#6852,.T.);
#7314=FACE_BOUND('',#6853,.T.);
#7315=FACE_BOUND('',#6854,.T.);
#7316=FACE_BOUND('',#6855,.T.);
#7317=FACE_BOUND('',#6856,.T.);
#7318=FACE_BOUND('',#6857,.T.);
#7319=FACE_BOUND('',#6858,.T.);
#7320=FACE_BOUND('',#6859,.T.);
#7321=FACE_BOUND('',#6860,.T.);
#7322=FACE_BOUND('',#6861,.T.);
#7323=FACE_BOUND('',#6862,.T.);
#7324=FACE_BOUND('',#6863,.T.);
#7325=FACE_BOUND('',#6864,.T.);
#7326=FACE_BOUND('',#6865,.T.);
#7327=FACE_BOUND('',#6866,.T.);
#7328=FACE_BOUND('',#6867,.T.);
#7329=FACE_BOUND('',#6868,.T.);
#7330=FACE_BOUND('',#6869,.T.);
#7331=FACE_BOUND('',#6870,.T.);
#7332=FACE_BOUND('',#6871,.T.);
#7333=FACE_BOUND('',#6872,.T.);
#7334=FACE_BOUND('',#6873,.T.);
#7335=FACE_BOUND('',#6874,.T.);
#7336=FACE_BOUND('',#6875,.T.);
#7337=FACE_BOUND('',#6876,.T.);
#7338=FACE_BOUND('',#6877,.T.);
#7339=FACE_BOUND('',#6878,.T.);
#7340=FACE_BOUND('',#6879,.T.);
#7341=FACE_BOUND('',#6880,.T.);
#7342=FACE_BOUND('',#6881,.T.);
#7343=FACE_BOUND('',#6882,.T.);
#7344=FACE_BOUND('',#6883,.T.);
#7345=FACE_BOUND('',#6884,.T.);
#7346=PLANE('',#7986);
#7347=PLANE('',#8019);
#7348=PLANE('',#8020);
#7349=PLANE('',#8021);
#7350=PLANE('',#8022);
#7351=PLANE('',#8035);
#7352=PLANE('',#8038);
#7353=PLANE('',#8041);
#7354=PLANE('',#8044);
#7355=PLANE('',#8055);
#7356=PLANE('',#8056);
#7357=PLANE('',#8057);
#7358=PLANE('',#8058);
#7359=PLANE('',#8059);
#7360=PLANE('',#8060);
#7361=PLANE('',#8061);
#7362=PLANE('',#8062);
#7363=PLANE('',#8063);
#7364=PLANE('',#8064);
#7365=PLANE('',#8065);
#7366=PLANE('',#8068);
#7367=PLANE('',#8069);
#7368=PLANE('',#8070);
#7369=PLANE('',#8071);
#7370=PLANE('',#8072);
#7371=PLANE('',#8073);
#7372=PLANE('',#8074);
#7373=PLANE('',#8075);
#7374=PLANE('',#8076);
#7375=PLANE('',#8077);
#7376=PLANE('',#8078);
#7377=PLANE('',#8079);
#7378=PLANE('',#8080);
#7379=PLANE('',#8081);
#7380=PLANE('',#8082);
#7381=PLANE('',#8083);
#7382=PLANE('',#8088);
#7383=PLANE('',#8089);
#7384=PLANE('',#8090);
#7385=PLANE('',#8091);
#7386=PLANE('',#8092);
#7387=PLANE('',#8093);
#7388=PLANE('',#8094);
#7389=PLANE('',#8095);
#7390=PLANE('',#8096);
#7391=PLANE('',#8097);
#7392=PLANE('',#8100);
#7393=PLANE('',#8101);
#7394=PLANE('',#8102);
#7395=PLANE('',#8103);
#7396=PLANE('',#8104);
#7397=PLANE('',#8105);
#7398=PLANE('',#8106);
#7399=PLANE('',#8107);
#7400=PLANE('',#8108);
#7401=PLANE('',#8109);
#7402=PLANE('',#8110);
#7403=PLANE('',#8111);
#7404=PLANE('',#8112);
#7405=PLANE('',#8113);
#7406=PLANE('',#8114);
#7407=PLANE('',#8115);
#7408=PLANE('',#8120);
#7409=PLANE('',#8123);
#7410=PLANE('',#8124);
#7411=PLANE('',#8125);
#7412=PLANE('',#8126);
#7413=PLANE('',#8129);
#7414=PLANE('',#8132);
#7415=PLANE('',#8133);
#7416=PLANE('',#8134);
#7417=PLANE('',#8135);
#7418=PLANE('',#8136);
#7419=PLANE('',#8137);
#7420=PLANE('',#8138);
#7421=PLANE('',#8139);
#7422=PLANE('',#8140);
#7423=PLANE('',#8141);
#7424=PLANE('',#8142);
#7425=PLANE('',#8143);
#7426=PLANE('',#8144);
#7427=PLANE('',#8147);
#7428=PLANE('',#8148);
#7429=PLANE('',#8155);
#7430=PLANE('',#8156);
#7431=PLANE('',#8169);
#7432=PLANE('',#8170);
#7433=PLANE('',#8171);
#7434=PLANE('',#8172);
#7435=PLANE('',#8173);
#7436=PLANE('',#8174);
#7437=PLANE('',#8175);
#7438=PLANE('',#8178);
#7439=PLANE('',#8179);
#7440=PLANE('',#8186);
#7441=PLANE('',#8187);
#7442=PLANE('',#8200);
#7443=PLANE('',#8201);
#7444=PLANE('',#8202);
#7445=PLANE('',#8203);
#7446=PLANE('',#8206);
#7447=PLANE('',#8207);
#7448=PLANE('',#8208);
#7449=PLANE('',#8209);
#7450=PLANE('',#8210);
#7451=PLANE('',#8211);
#7452=PLANE('',#8214);
#7453=PLANE('',#8215);
#7454=PLANE('',#8216);
#7455=PLANE('',#8217);
#7456=PLANE('',#8218);
#7457=PLANE('',#8219);
#7458=PLANE('',#8220);
#7459=PLANE('',#8221);
#7460=PLANE('',#8222);
#7461=PLANE('',#8223);
#7462=PLANE('',#8224);
#7463=PLANE('',#8225);
#7464=PLANE('',#8226);
#7465=PLANE('',#8227);
#7466=PLANE('',#8228);
#7467=PLANE('',#8229);
#7468=PLANE('',#8230);
#7469=PLANE('',#8231);
#7470=PLANE('',#8232);
#7471=PLANE('',#8233);
#7472=PLANE('',#8234);
#7473=PLANE('',#8235);
#7474=PLANE('',#8236);
#7475=PLANE('',#8237);
#7476=PLANE('',#8238);
#7477=PLANE('',#8239);
#7478=PLANE('',#8240);
#7479=PLANE('',#8241);
#7480=PLANE('',#8242);
#7481=PLANE('',#8243);
#7482=PLANE('',#8244);
#7483=PLANE('',#8245);
#7484=PLANE('',#8246);
#7485=PLANE('',#8247);
#7486=PLANE('',#8248);
#7487=PLANE('',#8249);
#7488=PLANE('',#8250);
#7489=PLANE('',#8251);
#7490=PLANE('',#8252);
#7491=PLANE('',#8253);
#7492=PLANE('',#8254);
#7493=PLANE('',#8255);
#7494=PLANE('',#8256);
#7495=PLANE('',#8257);
#7496=PLANE('',#8258);
#7497=PLANE('',#8259);
#7498=PLANE('',#8260);
#7499=PLANE('',#8261);
#7500=PLANE('',#8262);
#7501=PLANE('',#8263);
#7502=PLANE('',#8264);
#7503=PLANE('',#8265);
#7504=PLANE('',#8266);
#7505=PLANE('',#8267);
#7506=PLANE('',#8268);
#7507=PLANE('',#8269);
#7508=PLANE('',#8270);
#7509=PLANE('',#8271);
#7510=PLANE('',#8272);
#7511=PLANE('',#8273);
#7512=PLANE('',#8276);
#7513=PLANE('',#8277);
#7514=PLANE('',#8278);
#7515=PLANE('',#8279);
#7516=PLANE('',#8280);
#7517=PLANE('',#8281);
#7518=PLANE('',#8282);
#7519=PLANE('',#8283);
#7520=PLANE('',#8284);
#7521=PLANE('',#8285);
#7522=PLANE('',#8286);
#7523=PLANE('',#8287);
#7524=PLANE('',#8288);
#7525=PLANE('',#8289);
#7526=PLANE('',#8290);
#7527=PLANE('',#8293);
#7528=PLANE('',#8294);
#7529=PLANE('',#8301);
#7530=PLANE('',#8302);
#7531=PLANE('',#8312);
#7532=PLANE('',#8313);
#7533=PLANE('',#8314);
#7534=PLANE('',#8315);
#7535=PLANE('',#8316);
#7536=PLANE('',#8317);
#7537=PLANE('',#8318);
#7538=PLANE('',#8319);
#7539=PLANE('',#8320);
#7540=PLANE('',#8321);
#7541=PLANE('',#8322);
#7542=PLANE('',#8323);
#7543=PLANE('',#8324);
#7544=PLANE('',#8325);
#7545=PLANE('',#8326);
#7546=PLANE('',#8327);
#7547=PLANE('',#8328);
#7548=PLANE('',#8329);
#7549=PLANE('',#8330);
#7550=PLANE('',#8331);
#7551=PLANE('',#8332);
#7552=ADVANCED_FACE('',(#6885,#6886,#6887,#6888,#6889,#6890,#6891,#6892,
#6893,#6894,#6895,#6896,#6897,#6898,#6899,#6900,#6901,#6902,#6903,#6904,
#6905,#6906,#6907,#6908,#6909,#6910,#6911),#7346,.F.);
#7553=ADVANCED_FACE('',(#6912),#7347,.F.);
#7554=ADVANCED_FACE('',(#6913),#7348,.F.);
#7555=ADVANCED_FACE('',(#6914),#7349,.T.);
#7556=ADVANCED_FACE('',(#6915),#7350,.T.);
#7557=ADVANCED_FACE('',(#6916),#180,.F.);
#7558=ADVANCED_FACE('',(#6917),#181,.F.);
#7559=ADVANCED_FACE('',(#6918),#182,.F.);
#7560=ADVANCED_FACE('',(#6919),#183,.F.);
#7561=ADVANCED_FACE('',(#6920),#7351,.T.);
#7562=ADVANCED_FACE('',(#6921),#184,.T.);
#7563=ADVANCED_FACE('',(#6922),#7352,.T.);
#7564=ADVANCED_FACE('',(#6923),#185,.T.);
#7565=ADVANCED_FACE('',(#6924),#7353,.F.);
#7566=ADVANCED_FACE('',(#6925),#186,.T.);
#7567=ADVANCED_FACE('',(#6926),#7354,.F.);
#7568=ADVANCED_FACE('',(#6927,#6928),#187,.F.);
#7569=ADVANCED_FACE('',(#6929,#6930),#188,.F.);
#7570=ADVANCED_FACE('',(#6931,#6932),#189,.F.);
#7571=ADVANCED_FACE('',(#6933,#6934),#190,.F.);
#7572=ADVANCED_FACE('',(#6935),#191,.T.);
#7573=ADVANCED_FACE('',(#6936,#6937,#6938,#6939,#6940,#6941),#7355,.T.);
#7574=ADVANCED_FACE('',(#6942),#7356,.T.);
#7575=ADVANCED_FACE('',(#6943),#7357,.T.);
#7576=ADVANCED_FACE('',(#6944),#12,.T.);
#7577=ADVANCED_FACE('',(#6945),#13,.T.);
#7578=ADVANCED_FACE('',(#6946),#14,.T.);
#7579=ADVANCED_FACE('',(#6947),#15,.T.);
#7580=ADVANCED_FACE('',(#6948),#7358,.T.);
#7581=ADVANCED_FACE('',(#6949),#7359,.T.);
#7582=ADVANCED_FACE('',(#6950),#7360,.T.);
#7583=ADVANCED_FACE('',(#6951),#16,.T.);
#7584=ADVANCED_FACE('',(#6952),#17,.T.);
#7585=ADVANCED_FACE('',(#6953),#18,.T.);
#7586=ADVANCED_FACE('',(#6954),#7361,.T.);
#7587=ADVANCED_FACE('',(#6955),#7362,.T.);
#7588=ADVANCED_FACE('',(#6956),#7363,.T.);
#7589=ADVANCED_FACE('',(#6957),#7364,.T.);
#7590=ADVANCED_FACE('',(#6958),#7365,.T.);
#7591=ADVANCED_FACE('',(#6959),#192,.F.);
#7592=ADVANCED_FACE('',(#6960),#7366,.F.);
#7593=ADVANCED_FACE('',(#6961),#19,.T.);
#7594=ADVANCED_FACE('',(#6962),#20,.T.);
#7595=ADVANCED_FACE('',(#6963),#21,.T.);
#7596=ADVANCED_FACE('',(#6964),#7367,.T.);
#7597=ADVANCED_FACE('',(#6965),#7368,.T.);
#7598=ADVANCED_FACE('',(#6966),#7369,.T.);
#7599=ADVANCED_FACE('',(#6967),#7370,.T.);
#7600=ADVANCED_FACE('',(#6968),#7371,.T.);
#7601=ADVANCED_FACE('',(#6969),#7372,.T.);
#7602=ADVANCED_FACE('',(#6970),#7373,.T.);
#7603=ADVANCED_FACE('',(#6971),#7374,.T.);
#7604=ADVANCED_FACE('',(#6972),#7375,.T.);
#7605=ADVANCED_FACE('',(#6973),#7376,.T.);
#7606=ADVANCED_FACE('',(#6974),#7377,.T.);
#7607=ADVANCED_FACE('',(#6975),#22,.T.);
#7608=ADVANCED_FACE('',(#6976),#23,.T.);
#7609=ADVANCED_FACE('',(#6977),#24,.T.);
#7610=ADVANCED_FACE('',(#6978),#7378,.T.);
#7611=ADVANCED_FACE('',(#6979),#7379,.F.);
#7612=ADVANCED_FACE('',(#6980),#25,.T.);
#7613=ADVANCED_FACE('',(#6981),#26,.T.);
#7614=ADVANCED_FACE('',(#6982),#27,.T.);
#7615=ADVANCED_FACE('',(#6983),#28,.T.);
#7616=ADVANCED_FACE('',(#6984),#29,.T.);
#7617=ADVANCED_FACE('',(#6985),#30,.T.);
#7618=ADVANCED_FACE('',(#6986),#31,.T.);
#7619=ADVANCED_FACE('',(#6987),#7380,.T.);
#7620=ADVANCED_FACE('',(#6988),#32,.T.);
#7621=ADVANCED_FACE('',(#6989),#33,.T.);
#7622=ADVANCED_FACE('',(#6990),#34,.T.);
#7623=ADVANCED_FACE('',(#6991),#35,.T.);
#7624=ADVANCED_FACE('',(#6992),#36,.T.);
#7625=ADVANCED_FACE('',(#6993),#37,.T.);
#7626=ADVANCED_FACE('',(#6994),#7381,.T.);
#7627=ADVANCED_FACE('',(#6995),#193,.F.);
#7628=ADVANCED_FACE('',(#6996),#194,.F.);
#7629=ADVANCED_FACE('',(#6997),#7382,.F.);
#7630=ADVANCED_FACE('',(#6998),#7383,.T.);
#7631=ADVANCED_FACE('',(#6999),#38,.T.);
#7632=ADVANCED_FACE('',(#7000),#39,.T.);
#7633=ADVANCED_FACE('',(#7001),#40,.T.);
#7634=ADVANCED_FACE('',(#7002),#41,.T.);
#7635=ADVANCED_FACE('',(#7003),#7384,.T.);
#7636=ADVANCED_FACE('',(#7004),#7385,.T.);
#7637=ADVANCED_FACE('',(#7005),#7386,.T.);
#7638=ADVANCED_FACE('',(#7006),#42,.T.);
#7639=ADVANCED_FACE('',(#7007),#43,.T.);
#7640=ADVANCED_FACE('',(#7008),#44,.T.);
#7641=ADVANCED_FACE('',(#7009),#7387,.T.);
#7642=ADVANCED_FACE('',(#7010),#7388,.T.);
#7643=ADVANCED_FACE('',(#7011),#7389,.T.);
#7644=ADVANCED_FACE('',(#7012),#7390,.T.);
#7645=ADVANCED_FACE('',(#7013),#7391,.T.);
#7646=ADVANCED_FACE('',(#7014),#195,.F.);
#7647=ADVANCED_FACE('',(#7015),#7392,.F.);
#7648=ADVANCED_FACE('',(#7016),#7393,.T.);
#7649=ADVANCED_FACE('',(#7017),#7394,.T.);
#7650=ADVANCED_FACE('',(#7018),#7395,.T.);
#7651=ADVANCED_FACE('',(#7019),#7396,.T.);
#7652=ADVANCED_FACE('',(#7020),#7397,.F.);
#7653=ADVANCED_FACE('',(#7021),#7398,.T.);
#7654=ADVANCED_FACE('',(#7022),#7399,.T.);
#7655=ADVANCED_FACE('',(#7023),#7400,.T.);
#7656=ADVANCED_FACE('',(#7024),#7401,.T.);
#7657=ADVANCED_FACE('',(#7025),#7402,.F.);
#7658=ADVANCED_FACE('',(#7026),#7403,.T.);
#7659=ADVANCED_FACE('',(#7027),#7404,.T.);
#7660=ADVANCED_FACE('',(#7028),#45,.T.);
#7661=ADVANCED_FACE('',(#7029),#46,.T.);
#7662=ADVANCED_FACE('',(#7030),#47,.T.);
#7663=ADVANCED_FACE('',(#7031),#7405,.T.);
#7664=ADVANCED_FACE('',(#7032),#7406,.T.);
#7665=ADVANCED_FACE('',(#7033),#7407,.T.);
#7666=ADVANCED_FACE('',(#7034),#196,.T.);
#7667=ADVANCED_FACE('',(#7035),#197,.T.);
#7668=ADVANCED_FACE('',(#7036),#7408,.T.);
#7669=ADVANCED_FACE('',(#7037),#48,.T.);
#7670=ADVANCED_FACE('',(#7038),#198,.F.);
#7671=ADVANCED_FACE('',(#7039),#7409,.T.);
#7672=ADVANCED_FACE('',(#7040),#49,.T.);
#7673=ADVANCED_FACE('',(#7041),#50,.T.);
#7674=ADVANCED_FACE('',(#7042),#51,.T.);
#7675=ADVANCED_FACE('',(#7043),#52,.T.);
#7676=ADVANCED_FACE('',(#7044),#7410,.T.);
#7677=ADVANCED_FACE('',(#7045),#7411,.F.);
#7678=ADVANCED_FACE('',(#7046),#53,.T.);
#7679=ADVANCED_FACE('',(#7047),#54,.T.);
#7680=ADVANCED_FACE('',(#7048),#55,.T.);
#7681=ADVANCED_FACE('',(#7049),#7412,.T.);
#7682=ADVANCED_FACE('',(#7050),#56,.T.);
#7683=ADVANCED_FACE('',(#7051),#199,.T.);
#7684=ADVANCED_FACE('',(#7052),#7413,.T.);
#7685=ADVANCED_FACE('',(#7053),#57,.T.);
#7686=ADVANCED_FACE('',(#7054),#58,.T.);
#7687=ADVANCED_FACE('',(#7055),#59,.T.);
#7688=ADVANCED_FACE('',(#7056),#200,.T.);
#7689=ADVANCED_FACE('',(#7057),#60,.T.);
#7690=ADVANCED_FACE('',(#7058),#61,.T.);
#7691=ADVANCED_FACE('',(#7059),#62,.T.);
#7692=ADVANCED_FACE('',(#7060),#63,.T.);
#7693=ADVANCED_FACE('',(#7061),#7414,.T.);
#7694=ADVANCED_FACE('',(#7062),#64,.T.);
#7695=ADVANCED_FACE('',(#7063),#65,.T.);
#7696=ADVANCED_FACE('',(#7064),#66,.T.);
#7697=ADVANCED_FACE('',(#7065),#7415,.F.);
#7698=ADVANCED_FACE('',(#7066),#67,.T.);
#7699=ADVANCED_FACE('',(#7067),#68,.T.);
#7700=ADVANCED_FACE('',(#7068),#69,.T.);
#7701=ADVANCED_FACE('',(#7069),#70,.T.);
#7702=ADVANCED_FACE('',(#7070),#71,.T.);
#7703=ADVANCED_FACE('',(#7071),#72,.T.);
#7704=ADVANCED_FACE('',(#7072),#73,.T.);
#7705=ADVANCED_FACE('',(#7073),#74,.T.);
#7706=ADVANCED_FACE('',(#7074),#75,.T.);
#7707=ADVANCED_FACE('',(#7075),#76,.T.);
#7708=ADVANCED_FACE('',(#7076),#77,.T.);
#7709=ADVANCED_FACE('',(#7077),#78,.T.);
#7710=ADVANCED_FACE('',(#7078),#79,.T.);
#7711=ADVANCED_FACE('',(#7079),#80,.T.);
#7712=ADVANCED_FACE('',(#7080,#7081),#7416,.F.);
#7713=ADVANCED_FACE('',(#7082),#7417,.F.);
#7714=ADVANCED_FACE('',(#7083),#7418,.T.);
#7715=ADVANCED_FACE('',(#7084),#7419,.T.);
#7716=ADVANCED_FACE('',(#7085),#7420,.T.);
#7717=ADVANCED_FACE('',(#7086),#7421,.T.);
#7718=ADVANCED_FACE('',(#7087),#7422,.F.);
#7719=ADVANCED_FACE('',(#7088),#81,.T.);
#7720=ADVANCED_FACE('',(#7089),#82,.T.);
#7721=ADVANCED_FACE('',(#7090),#83,.T.);
#7722=ADVANCED_FACE('',(#7091),#84,.T.);
#7723=ADVANCED_FACE('',(#7092),#85,.T.);
#7724=ADVANCED_FACE('',(#7093),#7423,.T.);
#7725=ADVANCED_FACE('',(#7094),#7424,.T.);
#7726=ADVANCED_FACE('',(#7095),#86,.T.);
#7727=ADVANCED_FACE('',(#7096),#87,.T.);
#7728=ADVANCED_FACE('',(#7097),#88,.T.);
#7729=ADVANCED_FACE('',(#7098),#89,.T.);
#7730=ADVANCED_FACE('',(#7099),#7425,.T.);
#7731=ADVANCED_FACE('',(#7100),#90,.T.);
#7732=ADVANCED_FACE('',(#7101),#91,.T.);
#7733=ADVANCED_FACE('',(#7102),#92,.T.);
#7734=ADVANCED_FACE('',(#7103),#93,.T.);
#7735=ADVANCED_FACE('',(#7104),#7426,.T.);
#7736=ADVANCED_FACE('',(#7105),#94,.T.);
#7737=ADVANCED_FACE('',(#7106),#95,.T.);
#7738=ADVANCED_FACE('',(#7107),#201,.T.);
#7739=ADVANCED_FACE('',(#7108),#7427,.T.);
#7740=ADVANCED_FACE('',(#7109),#7428,.T.);
#7741=ADVANCED_FACE('',(#7110),#202,.F.);
#7742=ADVANCED_FACE('',(#7111),#203,.F.);
#7743=ADVANCED_FACE('',(#7112),#204,.F.);
#7744=ADVANCED_FACE('',(#7113),#96,.T.);
#7745=ADVANCED_FACE('',(#7114),#97,.T.);
#7746=ADVANCED_FACE('',(#7115),#7429,.T.);
#7747=ADVANCED_FACE('',(#7116),#7430,.T.);
#7748=ADVANCED_FACE('',(#7117),#98,.T.);
#7749=ADVANCED_FACE('',(#7118),#205,.T.);
#7750=ADVANCED_FACE('',(#7119),#99,.T.);
#7751=ADVANCED_FACE('',(#7120),#100,.T.);
#7752=ADVANCED_FACE('',(#7121),#101,.T.);
#7753=ADVANCED_FACE('',(#7122),#206,.T.);
#7754=ADVANCED_FACE('',(#7123),#207,.T.);
#7755=ADVANCED_FACE('',(#7124),#208,.T.);
#7756=ADVANCED_FACE('',(#7125),#7431,.T.);
#7757=ADVANCED_FACE('',(#7126,#7127),#7432,.F.);
#7758=ADVANCED_FACE('',(#7128),#7433,.F.);
#7759=ADVANCED_FACE('',(#7129),#102,.T.);
#7760=ADVANCED_FACE('',(#7130),#103,.T.);
#7761=ADVANCED_FACE('',(#7131),#104,.T.);
#7762=ADVANCED_FACE('',(#7132),#105,.T.);
#7763=ADVANCED_FACE('',(#7133),#106,.T.);
#7764=ADVANCED_FACE('',(#7134),#7434,.T.);
#7765=ADVANCED_FACE('',(#7135),#7435,.T.);
#7766=ADVANCED_FACE('',(#7136),#107,.T.);
#7767=ADVANCED_FACE('',(#7137),#108,.T.);
#7768=ADVANCED_FACE('',(#7138),#109,.T.);
#7769=ADVANCED_FACE('',(#7139),#110,.T.);
#7770=ADVANCED_FACE('',(#7140),#7436,.T.);
#7771=ADVANCED_FACE('',(#7141),#111,.T.);
#7772=ADVANCED_FACE('',(#7142),#112,.T.);
#7773=ADVANCED_FACE('',(#7143),#113,.T.);
#7774=ADVANCED_FACE('',(#7144),#114,.T.);
#7775=ADVANCED_FACE('',(#7145),#7437,.T.);
#7776=ADVANCED_FACE('',(#7146),#115,.T.);
#7777=ADVANCED_FACE('',(#7147),#116,.T.);
#7778=ADVANCED_FACE('',(#7148),#209,.T.);
#7779=ADVANCED_FACE('',(#7149),#7438,.T.);
#7780=ADVANCED_FACE('',(#7150),#7439,.T.);
#7781=ADVANCED_FACE('',(#7151),#210,.F.);
#7782=ADVANCED_FACE('',(#7152),#211,.F.);
#7783=ADVANCED_FACE('',(#7153),#212,.F.);
#7784=ADVANCED_FACE('',(#7154),#117,.T.);
#7785=ADVANCED_FACE('',(#7155),#118,.T.);
#7786=ADVANCED_FACE('',(#7156),#7440,.T.);
#7787=ADVANCED_FACE('',(#7157),#7441,.T.);
#7788=ADVANCED_FACE('',(#7158),#119,.T.);
#7789=ADVANCED_FACE('',(#7159),#213,.T.);
#7790=ADVANCED_FACE('',(#7160),#120,.T.);
#7791=ADVANCED_FACE('',(#7161),#121,.T.);
#7792=ADVANCED_FACE('',(#7162),#122,.T.);
#7793=ADVANCED_FACE('',(#7163),#214,.T.);
#7794=ADVANCED_FACE('',(#7164),#215,.T.);
#7795=ADVANCED_FACE('',(#7165),#216,.T.);
#7796=ADVANCED_FACE('',(#7166),#7442,.T.);
#7797=ADVANCED_FACE('',(#7167,#7168),#7443,.F.);
#7798=ADVANCED_FACE('',(#7169),#7444,.F.);
#7799=ADVANCED_FACE('',(#7170),#7445,.T.);
#7800=ADVANCED_FACE('',(#7171),#123,.T.);
#7801=ADVANCED_FACE('',(#7172),#217,.F.);
#7802=ADVANCED_FACE('',(#7173),#7446,.T.);
#7803=ADVANCED_FACE('',(#7174),#124,.T.);
#7804=ADVANCED_FACE('',(#7175),#125,.T.);
#7805=ADVANCED_FACE('',(#7176),#126,.T.);
#7806=ADVANCED_FACE('',(#7177),#127,.T.);
#7807=ADVANCED_FACE('',(#7178),#128,.T.);
#7808=ADVANCED_FACE('',(#7179),#129,.T.);
#7809=ADVANCED_FACE('',(#7180),#130,.T.);
#7810=ADVANCED_FACE('',(#7181),#7447,.T.);
#7811=ADVANCED_FACE('',(#7182),#7448,.T.);
#7812=ADVANCED_FACE('',(#7183),#7449,.T.);
#7813=ADVANCED_FACE('',(#7184),#7450,.T.);
#7814=ADVANCED_FACE('',(#7185),#7451,.T.);
#7815=ADVANCED_FACE('',(#7186),#131,.T.);
#7816=ADVANCED_FACE('',(#7187),#132,.T.);
#7817=ADVANCED_FACE('',(#7188),#133,.T.);
#7818=ADVANCED_FACE('',(#7189),#134,.T.);
#7819=ADVANCED_FACE('',(#7190),#135,.T.);
#7820=ADVANCED_FACE('',(#7191),#136,.T.);
#7821=ADVANCED_FACE('',(#7192),#137,.T.);
#7822=ADVANCED_FACE('',(#7193),#218,.T.);
#7823=ADVANCED_FACE('',(#7194,#7195),#7452,.F.);
#7824=ADVANCED_FACE('',(#7196),#7453,.F.);
#7825=ADVANCED_FACE('',(#7197),#7454,.T.);
#7826=ADVANCED_FACE('',(#7198),#7455,.T.);
#7827=ADVANCED_FACE('',(#7199),#7456,.T.);
#7828=ADVANCED_FACE('',(#7200),#138,.T.);
#7829=ADVANCED_FACE('',(#7201),#7457,.T.);
#7830=ADVANCED_FACE('',(#7202),#7458,.T.);
#7831=ADVANCED_FACE('',(#7203),#7459,.T.);
#7832=ADVANCED_FACE('',(#7204),#7460,.T.);
#7833=ADVANCED_FACE('',(#7205),#7461,.T.);
#7834=ADVANCED_FACE('',(#7206),#7462,.T.);
#7835=ADVANCED_FACE('',(#7207),#7463,.T.);
#7836=ADVANCED_FACE('',(#7208),#7464,.T.);
#7837=ADVANCED_FACE('',(#7209),#7465,.T.);
#7838=ADVANCED_FACE('',(#7210),#7466,.T.);
#7839=ADVANCED_FACE('',(#7211),#7467,.T.);
#7840=ADVANCED_FACE('',(#7212),#139,.T.);
#7841=ADVANCED_FACE('',(#7213),#7468,.T.);
#7842=ADVANCED_FACE('',(#7214),#7469,.T.);
#7843=ADVANCED_FACE('',(#7215),#7470,.T.);
#7844=ADVANCED_FACE('',(#7216),#7471,.F.);
#7845=ADVANCED_FACE('',(#7217),#7472,.T.);
#7846=ADVANCED_FACE('',(#7218),#7473,.T.);
#7847=ADVANCED_FACE('',(#7219),#140,.T.);
#7848=ADVANCED_FACE('',(#7220),#141,.T.);
#7849=ADVANCED_FACE('',(#7221),#142,.T.);
#7850=ADVANCED_FACE('',(#7222),#7474,.T.);
#7851=ADVANCED_FACE('',(#7223),#7475,.T.);
#7852=ADVANCED_FACE('',(#7224),#7476,.T.);
#7853=ADVANCED_FACE('',(#7225),#143,.T.);
#7854=ADVANCED_FACE('',(#7226),#7477,.T.);
#7855=ADVANCED_FACE('',(#7227),#144,.T.);
#7856=ADVANCED_FACE('',(#7228),#7478,.T.);
#7857=ADVANCED_FACE('',(#7229),#145,.T.);
#7858=ADVANCED_FACE('',(#7230),#146,.T.);
#7859=ADVANCED_FACE('',(#7231),#147,.T.);
#7860=ADVANCED_FACE('',(#7232),#148,.T.);
#7861=ADVANCED_FACE('',(#7233),#7479,.T.);
#7862=ADVANCED_FACE('',(#7234),#7480,.F.);
#7863=ADVANCED_FACE('',(#7235),#7481,.T.);
#7864=ADVANCED_FACE('',(#7236),#7482,.T.);
#7865=ADVANCED_FACE('',(#7237),#7483,.T.);
#7866=ADVANCED_FACE('',(#7238),#7484,.T.);
#7867=ADVANCED_FACE('',(#7239),#7485,.T.);
#7868=ADVANCED_FACE('',(#7240),#7486,.T.);
#7869=ADVANCED_FACE('',(#7241),#7487,.T.);
#7870=ADVANCED_FACE('',(#7242),#7488,.T.);
#7871=ADVANCED_FACE('',(#7243),#7489,.T.);
#7872=ADVANCED_FACE('',(#7244),#7490,.T.);
#7873=ADVANCED_FACE('',(#7245),#7491,.F.);
#7874=ADVANCED_FACE('',(#7246),#7492,.T.);
#7875=ADVANCED_FACE('',(#7247),#7493,.T.);
#7876=ADVANCED_FACE('',(#7248),#7494,.T.);
#7877=ADVANCED_FACE('',(#7249),#7495,.T.);
#7878=ADVANCED_FACE('',(#7250),#7496,.T.);
#7879=ADVANCED_FACE('',(#7251),#7497,.T.);
#7880=ADVANCED_FACE('',(#7252),#7498,.T.);
#7881=ADVANCED_FACE('',(#7253),#7499,.T.);
#7882=ADVANCED_FACE('',(#7254),#7500,.T.);
#7883=ADVANCED_FACE('',(#7255),#7501,.T.);
#7884=ADVANCED_FACE('',(#7256),#7502,.F.);
#7885=ADVANCED_FACE('',(#7257),#7503,.T.);
#7886=ADVANCED_FACE('',(#7258),#149,.T.);
#7887=ADVANCED_FACE('',(#7259),#150,.T.);
#7888=ADVANCED_FACE('',(#7260),#151,.T.);
#7889=ADVANCED_FACE('',(#7261),#152,.T.);
#7890=ADVANCED_FACE('',(#7262),#7504,.T.);
#7891=ADVANCED_FACE('',(#7263),#7505,.T.);
#7892=ADVANCED_FACE('',(#7264),#7506,.T.);
#7893=ADVANCED_FACE('',(#7265),#153,.T.);
#7894=ADVANCED_FACE('',(#7266),#154,.T.);
#7895=ADVANCED_FACE('',(#7267),#155,.T.);
#7896=ADVANCED_FACE('',(#7268),#7507,.T.);
#7897=ADVANCED_FACE('',(#7269),#7508,.T.);
#7898=ADVANCED_FACE('',(#7270),#7509,.T.);
#7899=ADVANCED_FACE('',(#7271),#7510,.T.);
#7900=ADVANCED_FACE('',(#7272),#7511,.T.);
#7901=ADVANCED_FACE('',(#7273),#219,.F.);
#7902=ADVANCED_FACE('',(#7274),#7512,.F.);
#7903=ADVANCED_FACE('',(#7275),#7513,.T.);
#7904=ADVANCED_FACE('',(#7276),#7514,.T.);
#7905=ADVANCED_FACE('',(#7277),#7515,.T.);
#7906=ADVANCED_FACE('',(#7278),#7516,.T.);
#7907=ADVANCED_FACE('',(#7279),#7517,.F.);
#7908=ADVANCED_FACE('',(#7280),#7518,.T.);
#7909=ADVANCED_FACE('',(#7281),#7519,.T.);
#7910=ADVANCED_FACE('',(#7282),#7520,.T.);
#7911=ADVANCED_FACE('',(#7283),#7521,.T.);
#7912=ADVANCED_FACE('',(#7284),#7522,.F.);
#7913=ADVANCED_FACE('',(#7285),#156,.T.);
#7914=ADVANCED_FACE('',(#7286),#157,.T.);
#7915=ADVANCED_FACE('',(#7287),#158,.T.);
#7916=ADVANCED_FACE('',(#7288),#159,.T.);
#7917=ADVANCED_FACE('',(#7289),#160,.T.);
#7918=ADVANCED_FACE('',(#7290),#7523,.T.);
#7919=ADVANCED_FACE('',(#7291),#7524,.T.);
#7920=ADVANCED_FACE('',(#7292),#161,.T.);
#7921=ADVANCED_FACE('',(#7293),#162,.T.);
#7922=ADVANCED_FACE('',(#7294),#163,.T.);
#7923=ADVANCED_FACE('',(#7295),#164,.T.);
#7924=ADVANCED_FACE('',(#7296),#7525,.T.);
#7925=ADVANCED_FACE('',(#7297),#165,.T.);
#7926=ADVANCED_FACE('',(#7298),#166,.T.);
#7927=ADVANCED_FACE('',(#7299),#167,.T.);
#7928=ADVANCED_FACE('',(#7300),#168,.T.);
#7929=ADVANCED_FACE('',(#7301),#7526,.T.);
#7930=ADVANCED_FACE('',(#7302),#169,.T.);
#7931=ADVANCED_FACE('',(#7303),#170,.T.);
#7932=ADVANCED_FACE('',(#7304),#220,.T.);
#7933=ADVANCED_FACE('',(#7305),#7527,.T.);
#7934=ADVANCED_FACE('',(#7306),#7528,.T.);
#7935=ADVANCED_FACE('',(#7307),#221,.F.);
#7936=ADVANCED_FACE('',(#7308),#222,.F.);
#7937=ADVANCED_FACE('',(#7309),#223,.F.);
#7938=ADVANCED_FACE('',(#7310),#171,.T.);
#7939=ADVANCED_FACE('',(#7311),#172,.T.);
#7940=ADVANCED_FACE('',(#7312),#7529,.T.);
#7941=ADVANCED_FACE('',(#7313),#7530,.T.);
#7942=ADVANCED_FACE('',(#7314),#173,.T.);
#7943=ADVANCED_FACE('',(#7315),#224,.T.);
#7944=ADVANCED_FACE('',(#7316),#174,.T.);
#7945=ADVANCED_FACE('',(#7317),#175,.T.);
#7946=ADVANCED_FACE('',(#7318),#176,.T.);
#7947=ADVANCED_FACE('',(#7319),#225,.T.);
#7948=ADVANCED_FACE('',(#7320),#177,.T.);
#7949=ADVANCED_FACE('',(#7321),#226,.T.);
#7950=ADVANCED_FACE('',(#7322),#7531,.T.);
#7951=ADVANCED_FACE('',(#7323,#7324),#7532,.F.);
#7952=ADVANCED_FACE('',(#7325),#7533,.F.);
#7953=ADVANCED_FACE('',(#7326),#7534,.T.);
#7954=ADVANCED_FACE('',(#7327),#7535,.T.);
#7955=ADVANCED_FACE('',(#7328),#7536,.T.);
#7956=ADVANCED_FACE('',(#7329),#178,.T.);
#7957=ADVANCED_FACE('',(#7330),#7537,.T.);
#7958=ADVANCED_FACE('',(#7331),#7538,.T.);
#7959=ADVANCED_FACE('',(#7332),#7539,.T.);
#7960=ADVANCED_FACE('',(#7333),#7540,.T.);
#7961=ADVANCED_FACE('',(#7334),#7541,.T.);
#7962=ADVANCED_FACE('',(#7335),#7542,.T.);
#7963=ADVANCED_FACE('',(#7336),#7543,.T.);
#7964=ADVANCED_FACE('',(#7337),#7544,.T.);
#7965=ADVANCED_FACE('',(#7338),#7545,.T.);
#7966=ADVANCED_FACE('',(#7339),#7546,.T.);
#7967=ADVANCED_FACE('',(#7340),#7547,.T.);
#7968=ADVANCED_FACE('',(#7341),#179,.T.);
#7969=ADVANCED_FACE('',(#7342),#7548,.T.);
#7970=ADVANCED_FACE('',(#7343),#7549,.T.);
#7971=ADVANCED_FACE('',(#7344),#7550,.T.);
#7972=ADVANCED_FACE('',(#7345),#7551,.F.);
#7973=CLOSED_SHELL('',(#7552,#7553,#7554,#7555,#7556,#7557,#7558,#7559,
#7560,#7561,#7562,#7563,#7564,#7565,#7566,#7567,#7568,#7569,#7570,#7571,
#7572,#7573,#7574,#7575,#7576,#7577,#7578,#7579,#7580,#7581,#7582,#7583,
#7584,#7585,#7586,#7587,#7588,#7589,#7590,#7591,#7592,#7593,#7594,#7595,
#7596,#7597,#7598,#7599,#7600,#7601,#7602,#7603,#7604,#7605,#7606,#7607,
#7608,#7609,#7610,#7611,#7612,#7613,#7614,#7615,#7616,#7617,#7618,#7619,
#7620,#7621,#7622,#7623,#7624,#7625,#7626,#7627,#7628,#7629,#7630,#7631,
#7632,#7633,#7634,#7635,#7636,#7637,#7638,#7639,#7640,#7641,#7642,#7643,
#7644,#7645,#7646,#7647,#7648,#7649,#7650,#7651,#7652,#7653,#7654,#7655,
#7656,#7657,#7658,#7659,#7660,#7661,#7662,#7663,#7664,#7665,#7666,#7667,
#7668,#7669,#7670,#7671,#7672,#7673,#7674,#7675,#7676,#7677,#7678,#7679,
#7680,#7681,#7682,#7683,#7684,#7685,#7686,#7687,#7688,#7689,#7690,#7691,
#7692,#7693,#7694,#7695,#7696,#7697,#7698,#7699,#7700,#7701,#7702,#7703,
#7704,#7705,#7706,#7707,#7708,#7709,#7710,#7711,#7712,#7713,#7714,#7715,
#7716,#7717,#7718,#7719,#7720,#7721,#7722,#7723,#7724,#7725,#7726,#7727,
#7728,#7729,#7730,#7731,#7732,#7733,#7734,#7735,#7736,#7737,#7738,#7739,
#7740,#7741,#7742,#7743,#7744,#7745,#7746,#7747,#7748,#7749,#7750,#7751,
#7752,#7753,#7754,#7755,#7756,#7757,#7758,#7759,#7760,#7761,#7762,#7763,
#7764,#7765,#7766,#7767,#7768,#7769,#7770,#7771,#7772,#7773,#7774,#7775,
#7776,#7777,#7778,#7779,#7780,#7781,#7782,#7783,#7784,#7785,#7786,#7787,
#7788,#7789,#7790,#7791,#7792,#7793,#7794,#7795,#7796,#7797,#7798,#7799,
#7800,#7801,#7802,#7803,#7804,#7805,#7806,#7807,#7808,#7809,#7810,#7811,
#7812,#7813,#7814,#7815,#7816,#7817,#7818,#7819,#7820,#7821,#7822,#7823,
#7824,#7825,#7826,#7827,#7828,#7829,#7830,#7831,#7832,#7833,#7834,#7835,
#7836,#7837,#7838,#7839,#7840,#7841,#7842,#7843,#7844,#7845,#7846,#7847,
#7848,#7849,#7850,#7851,#7852,#7853,#7854,#7855,#7856,#7857,#7858,#7859,
#7860,#7861,#7862,#7863,#7864,#7865,#7866,#7867,#7868,#7869,#7870,#7871,
#7872,#7873,#7874,#7875,#7876,#7877,#7878,#7879,#7880,#7881,#7882,#7883,
#7884,#7885,#7886,#7887,#7888,#7889,#7890,#7891,#7892,#7893,#7894,#7895,
#7896,#7897,#7898,#7899,#7900,#7901,#7902,#7903,#7904,#7905,#7906,#7907,
#7908,#7909,#7910,#7911,#7912,#7913,#7914,#7915,#7916,#7917,#7918,#7919,
#7920,#7921,#7922,#7923,#7924,#7925,#7926,#7927,#7928,#7929,#7930,#7931,
#7932,#7933,#7934,#7935,#7936,#7937,#7938,#7939,#7940,#7941,#7942,#7943,
#7944,#7945,#7946,#7947,#7948,#7949,#7950,#7951,#7952,#7953,#7954,#7955,
#7956,#7957,#7958,#7959,#7960,#7961,#7962,#7963,#7964,#7965,#7966,#7967,
#7968,#7969,#7970,#7971,#7972));
#7974=STYLED_ITEM('',(#7975),#7982);
#7975=PRESENTATION_STYLE_ASSIGNMENT((#7976));
#7976=SURFACE_STYLE_USAGE(.BOTH.,#7977);
#7977=SURFACE_SIDE_STYLE('',(#7978));
#7978=SURFACE_STYLE_FILL_AREA(#7979);
#7979=FILL_AREA_STYLE('',(#7980));
#7980=FILL_AREA_STYLE_COLOUR('',#7981);
#7981=COLOUR_RGB('',0.615686274509804,0.811764705882353,0.929411764705882);
#7982=MANIFOLD_SOLID_BREP('Part 1',#7973);
#7983=SHAPE_DEFINITION_REPRESENTATION(#13995,#7984);
#7984=SHAPE_REPRESENTATION('Part 1',(#7985),#13990);
#7985=AXIS2_PLACEMENT_3D('',#9768,#8333,#8334);
#7986=AXIS2_PLACEMENT_3D('',#9769,#8335,#8336);
#7987=AXIS2_PLACEMENT_3D('',#9839,#8341,#8342);
#7988=AXIS2_PLACEMENT_3D('',#9845,#8345,#8346);
#7989=AXIS2_PLACEMENT_3D('',#9847,#8347,#8348);
#7990=AXIS2_PLACEMENT_3D('',#9849,#8349,#8350);
#7991=AXIS2_PLACEMENT_3D('',#9947,#8375,#8376);
#7992=AXIS2_PLACEMENT_3D('',#9989,#8383,#8384);
#7993=AXIS2_PLACEMENT_3D('',#10059,#8389,#8390);
#7994=AXIS2_PLACEMENT_3D('',#10065,#8393,#8394);
#7995=AXIS2_PLACEMENT_3D('',#10067,#8395,#8396);
#7996=AXIS2_PLACEMENT_3D('',#10069,#8397,#8398);
#7997=AXIS2_PLACEMENT_3D('',#10135,#8405,#8406);
#7998=AXIS2_PLACEMENT_3D('',#10137,#8407,#8408);
#7999=AXIS2_PLACEMENT_3D('',#10145,#8410,#8411);
#8000=AXIS2_PLACEMENT_3D('',#10231,#8420,#8421);
#8001=AXIS2_PLACEMENT_3D('',#10233,#8422,#8423);
#8002=AXIS2_PLACEMENT_3D('',#10281,#8433,#8434);
#8003=AXIS2_PLACEMENT_3D('',#10282,#8435,#8436);
#8004=AXIS2_PLACEMENT_3D('',#10284,#8437,#8438);
#8005=AXIS2_PLACEMENT_3D('',#10286,#8439,#8440);
#8006=AXIS2_PLACEMENT_3D('',#10288,#8441,#8442);
#8007=AXIS2_PLACEMENT_3D('',#10293,#8444,#8445);
#8008=AXIS2_PLACEMENT_3D('',#10297,#8447,#8448);
#8009=AXIS2_PLACEMENT_3D('',#10301,#8450,#8451);
#8010=AXIS2_PLACEMENT_3D('',#10305,#8453,#8454);
#8011=AXIS2_PLACEMENT_3D('',#10401,#8476,#8477);
#8012=AXIS2_PLACEMENT_3D('',#10429,#8483,#8484);
#8013=AXIS2_PLACEMENT_3D('',#10445,#8486,#8487);
#8014=AXIS2_PLACEMENT_3D('',#10553,#8497,#8498);
#8015=AXIS2_PLACEMENT_3D('',#10559,#8501,#8502);
#8016=AXIS2_PLACEMENT_3D('',#10561,#8503,#8504);
#8017=AXIS2_PLACEMENT_3D('',#10563,#8505,#8506);
#8018=AXIS2_PLACEMENT_3D('',#10683,#8544,#8545);
#8019=AXIS2_PLACEMENT_3D('',#10734,#8567,#8568);
#8020=AXIS2_PLACEMENT_3D('',#10743,#8573,#8574);
#8021=AXIS2_PLACEMENT_3D('',#10752,#8579,#8580);
#8022=AXIS2_PLACEMENT_3D('',#10761,#8585,#8586);
#8023=AXIS2_PLACEMENT_3D('',#10770,#8591,#8592);
#8024=AXIS2_PLACEMENT_3D('',#10771,#8593,#8594);
#8025=AXIS2_PLACEMENT_3D('',#10772,#8595,#8596);
#8026=AXIS2_PLACEMENT_3D('',#10773,#8597,#8598);
#8027=AXIS2_PLACEMENT_3D('',#10774,#8599,#8600);
#8028=AXIS2_PLACEMENT_3D('',#10775,#8601,#8602);
#8029=AXIS2_PLACEMENT_3D('',#10776,#8603,#8604);
#8030=AXIS2_PLACEMENT_3D('',#10777,#8605,#8606);
#8031=AXIS2_PLACEMENT_3D('',#10778,#8607,#8608);
#8032=AXIS2_PLACEMENT_3D('',#10779,#8609,#8610);
#8033=AXIS2_PLACEMENT_3D('',#10780,#8611,#8612);
#8034=AXIS2_PLACEMENT_3D('',#10781,#8613,#8614);
#8035=AXIS2_PLACEMENT_3D('',#10782,#8615,#8616);
#8036=AXIS2_PLACEMENT_3D('',#10788,#8620,#8621);
#8037=AXIS2_PLACEMENT_3D('',#10791,#8623,#8624);
#8038=AXIS2_PLACEMENT_3D('',#10792,#8625,#8626);
#8039=AXIS2_PLACEMENT_3D('',#10796,#8629,#8630);
#8040=AXIS2_PLACEMENT_3D('',#10799,#8632,#8633);
#8041=AXIS2_PLACEMENT_3D('',#10800,#8634,#8635);
#8042=AXIS2_PLACEMENT_3D('',#10804,#8638,#8639);
#8043=AXIS2_PLACEMENT_3D('',#10807,#8641,#8642);
#8044=AXIS2_PLACEMENT_3D('',#10808,#8643,#8644);
#8045=AXIS2_PLACEMENT_3D('',#10812,#8647,#8648);
#8046=AXIS2_PLACEMENT_3D('',#10813,#8649,#8650);
#8047=AXIS2_PLACEMENT_3D('',#10815,#8651,#8652);
#8048=AXIS2_PLACEMENT_3D('',#10816,#8653,#8654);
#8049=AXIS2_PLACEMENT_3D('',#10818,#8655,#8656);
#8050=AXIS2_PLACEMENT_3D('',#10819,#8657,#8658);
#8051=AXIS2_PLACEMENT_3D('',#10821,#8659,#8660);
#8052=AXIS2_PLACEMENT_3D('',#10822,#8661,#8662);
#8053=AXIS2_PLACEMENT_3D('',#10824,#8663,#8664);
#8054=AXIS2_PLACEMENT_3D('',#10825,#8665,#8666);
#8055=AXIS2_PLACEMENT_3D('',#10826,#8667,#8668);
#8056=AXIS2_PLACEMENT_3D('',#10827,#8669,#8670);
#8057=AXIS2_PLACEMENT_3D('',#10828,#8671,#8672);
#8058=AXIS2_PLACEMENT_3D('',#10886,#8680,#8681);
#8059=AXIS2_PLACEMENT_3D('',#10890,#8684,#8685);
#8060=AXIS2_PLACEMENT_3D('',#10894,#8688,#8689);
#8061=AXIS2_PLACEMENT_3D('',#10937,#8695,#8696);
#8062=AXIS2_PLACEMENT_3D('',#10941,#8699,#8700);
#8063=AXIS2_PLACEMENT_3D('',#10945,#8703,#8704);
#8064=AXIS2_PLACEMENT_3D('',#10949,#8707,#8708);
#8065=AXIS2_PLACEMENT_3D('',#10953,#8711,#8712);
#8066=AXIS2_PLACEMENT_3D('',#10957,#8715,#8716);
#8067=AXIS2_PLACEMENT_3D('',#10958,#8717,#8718);
#8068=AXIS2_PLACEMENT_3D('',#10959,#8719,#8720);
#8069=AXIS2_PLACEMENT_3D('',#11001,#8725,#8726);
#8070=AXIS2_PLACEMENT_3D('',#11005,#8729,#8730);
#8071=AXIS2_PLACEMENT_3D('',#11009,#8733,#8734);
#8072=AXIS2_PLACEMENT_3D('',#11013,#8737,#8738);
#8073=AXIS2_PLACEMENT_3D('',#11017,#8741,#8742);
#8074=AXIS2_PLACEMENT_3D('',#11021,#8745,#8746);
#8075=AXIS2_PLACEMENT_3D('',#11025,#8749,#8750);
#8076=AXIS2_PLACEMENT_3D('',#11029,#8753,#8754);
#8077=AXIS2_PLACEMENT_3D('',#11033,#8757,#8758);
#8078=AXIS2_PLACEMENT_3D('',#11037,#8761,#8762);
#8079=AXIS2_PLACEMENT_3D('',#11041,#8765,#8766);
#8080=AXIS2_PLACEMENT_3D('',#11084,#8772,#8773);
#8081=AXIS2_PLACEMENT_3D('',#11086,#8775,#8776);
#8082=AXIS2_PLACEMENT_3D('',#11180,#8785,#8786);
#8083=AXIS2_PLACEMENT_3D('',#11262,#8795,#8796);
#8084=AXIS2_PLACEMENT_3D('',#11266,#8799,#8800);
#8085=AXIS2_PLACEMENT_3D('',#11267,#8801,#8802);
#8086=AXIS2_PLACEMENT_3D('',#11270,#8804,#8805);
#8087=AXIS2_PLACEMENT_3D('',#11271,#8806,#8807);
#8088=AXIS2_PLACEMENT_3D('',#11272,#8808,#8809);
#8089=AXIS2_PLACEMENT_3D('',#11273,#8810,#8811);
#8090=AXIS2_PLACEMENT_3D('',#11331,#8819,#8820);
#8091=AXIS2_PLACEMENT_3D('',#11335,#8823,#8824);
#8092=AXIS2_PLACEMENT_3D('',#11339,#8827,#8828);
#8093=AXIS2_PLACEMENT_3D('',#11382,#8834,#8835);
#8094=AXIS2_PLACEMENT_3D('',#11386,#8838,#8839);
#8095=AXIS2_PLACEMENT_3D('',#11390,#8842,#8843);
#8096=AXIS2_PLACEMENT_3D('',#11394,#8846,#8847);
#8097=AXIS2_PLACEMENT_3D('',#11398,#8850,#8851);
#8098=AXIS2_PLACEMENT_3D('',#11402,#8854,#8855);
#8099=AXIS2_PLACEMENT_3D('',#11403,#8856,#8857);
#8100=AXIS2_PLACEMENT_3D('',#11404,#8858,#8859);
#8101=AXIS2_PLACEMENT_3D('',#11405,#8860,#8861);
#8102=AXIS2_PLACEMENT_3D('',#11411,#8865,#8866);
#8103=AXIS2_PLACEMENT_3D('',#11415,#8869,#8870);
#8104=AXIS2_PLACEMENT_3D('',#11419,#8873,#8874);
#8105=AXIS2_PLACEMENT_3D('',#11421,#8876,#8877);
#8106=AXIS2_PLACEMENT_3D('',#11422,#8878,#8879);
#8107=AXIS2_PLACEMENT_3D('',#11428,#8883,#8884);
#8108=AXIS2_PLACEMENT_3D('',#11432,#8887,#8888);
#8109=AXIS2_PLACEMENT_3D('',#11436,#8891,#8892);
#8110=AXIS2_PLACEMENT_3D('',#11438,#8894,#8895);
#8111=AXIS2_PLACEMENT_3D('',#11439,#8896,#8897);
#8112=AXIS2_PLACEMENT_3D('',#11445,#8901,#8902);
#8113=AXIS2_PLACEMENT_3D('',#11488,#8908,#8909);
#8114=AXIS2_PLACEMENT_3D('',#11492,#8912,#8913);
#8115=AXIS2_PLACEMENT_3D('',#11496,#8916,#8917);
#8116=AXIS2_PLACEMENT_3D('',#11500,#8920,#8921);
#8117=AXIS2_PLACEMENT_3D('',#11501,#8922,#8923);
#8118=AXIS2_PLACEMENT_3D('',#11504,#8925,#8926);
#8119=AXIS2_PLACEMENT_3D('',#11505,#8927,#8928);
#8120=AXIS2_PLACEMENT_3D('',#11508,#8930,#8931);
#8121=AXIS2_PLACEMENT_3D('',#11525,#8935,#8936);
#8122=AXIS2_PLACEMENT_3D('',#11526,#8937,#8938);
#8123=AXIS2_PLACEMENT_3D('',#11529,#8940,#8941);
#8124=AXIS2_PLACEMENT_3D('',#11585,#8948,#8949);
#8125=AXIS2_PLACEMENT_3D('',#11587,#8951,#8952);
#8126=AXIS2_PLACEMENT_3D('',#11629,#8957,#8958);
#8127=AXIS2_PLACEMENT_3D('',#11646,#8962,#8963);
#8128=AXIS2_PLACEMENT_3D('',#11647,#8964,#8965);
#8129=AXIS2_PLACEMENT_3D('',#11650,#8967,#8968);
#8130=AXIS2_PLACEMENT_3D('',#11693,#8974,#8975);
#8131=AXIS2_PLACEMENT_3D('',#11694,#8976,#8977);
#8132=AXIS2_PLACEMENT_3D('',#11749,#8983,#8984);
#8133=AXIS2_PLACEMENT_3D('',#11790,#8989,#8990);
#8134=AXIS2_PLACEMENT_3D('',#11997,#9005,#9006);
#8135=AXIS2_PLACEMENT_3D('',#11998,#9007,#9008);
#8136=AXIS2_PLACEMENT_3D('',#11999,#9009,#9010);
#8137=AXIS2_PLACEMENT_3D('',#12005,#9014,#9015);
#8138=AXIS2_PLACEMENT_3D('',#12009,#9018,#9019);
#8139=AXIS2_PLACEMENT_3D('',#12013,#9022,#9023);
#8140=AXIS2_PLACEMENT_3D('',#12015,#9025,#9026);
#8141=AXIS2_PLACEMENT_3D('',#12083,#9033,#9034);
#8142=AXIS2_PLACEMENT_3D('',#12087,#9037,#9038);
#8143=AXIS2_PLACEMENT_3D('',#12143,#9045,#9046);
#8144=AXIS2_PLACEMENT_3D('',#12199,#9053,#9054);
#8145=AXIS2_PLACEMENT_3D('',#12229,#9059,#9060);
#8146=AXIS2_PLACEMENT_3D('',#12230,#9061,#9062);
#8147=AXIS2_PLACEMENT_3D('',#12233,#9064,#9065);
#8148=AXIS2_PLACEMENT_3D('',#12237,#9068,#9069);
#8149=AXIS2_PLACEMENT_3D('',#12241,#9072,#9073);
#8150=AXIS2_PLACEMENT_3D('',#12242,#9074,#9075);
#8151=AXIS2_PLACEMENT_3D('',#12245,#9077,#9078);
#8152=AXIS2_PLACEMENT_3D('',#12246,#9079,#9080);
#8153=AXIS2_PLACEMENT_3D('',#12249,#9082,#9083);
#8154=AXIS2_PLACEMENT_3D('',#12250,#9084,#9085);
#8155=AXIS2_PLACEMENT_3D('',#12279,#9089,#9090);
#8156=AXIS2_PLACEMENT_3D('',#12288,#9095,#9096);
#8157=AXIS2_PLACEMENT_3D('',#12311,#9101,#9102);
#8158=AXIS2_PLACEMENT_3D('',#12312,#9103,#9104);
#8159=AXIS2_PLACEMENT_3D('',#12314,#9105,#9106);
#8160=AXIS2_PLACEMENT_3D('',#12368,#9111,#9112);
#8161=AXIS2_PLACEMENT_3D('',#12369,#9113,#9114);
#8162=AXIS2_PLACEMENT_3D('',#12371,#9115,#9116);
#8163=AXIS2_PLACEMENT_3D('',#12374,#9118,#9119);
#8164=AXIS2_PLACEMENT_3D('',#12375,#9120,#9121);
#8165=AXIS2_PLACEMENT_3D('',#12377,#9122,#9123);
#8166=AXIS2_PLACEMENT_3D('',#12380,#9125,#9126);
#8167=AXIS2_PLACEMENT_3D('',#12381,#9127,#9128);
#8168=AXIS2_PLACEMENT_3D('',#12382,#9129,#9130);
#8169=AXIS2_PLACEMENT_3D('',#12383,#9131,#9132);
#8170=AXIS2_PLACEMENT_3D('',#12385,#9134,#9135);
#8171=AXIS2_PLACEMENT_3D('',#12386,#9136,#9137);
#8172=AXIS2_PLACEMENT_3D('',#12454,#9144,#9145);
#8173=AXIS2_PLACEMENT_3D('',#12458,#9148,#9149);
#8174=AXIS2_PLACEMENT_3D('',#12514,#9156,#9157);
#8175=AXIS2_PLACEMENT_3D('',#12570,#9164,#9165);
#8176=AXIS2_PLACEMENT_3D('',#12600,#9170,#9171);
#8177=AXIS2_PLACEMENT_3D('',#12601,#9172,#9173);
#8178=AXIS2_PLACEMENT_3D('',#12604,#9175,#9176);
#8179=AXIS2_PLACEMENT_3D('',#12608,#9179,#9180);
#8180=AXIS2_PLACEMENT_3D('',#12612,#9183,#9184);
#8181=AXIS2_PLACEMENT_3D('',#12613,#9185,#9186);
#8182=AXIS2_PLACEMENT_3D('',#12616,#9188,#9189);
#8183=AXIS2_PLACEMENT_3D('',#12617,#9190,#9191);
#8184=AXIS2_PLACEMENT_3D('',#12620,#9193,#9194);
#8185=AXIS2_PLACEMENT_3D('',#12621,#9195,#9196);
#8186=AXIS2_PLACEMENT_3D('',#12650,#9200,#9201);
#8187=AXIS2_PLACEMENT_3D('',#12659,#9206,#9207);
#8188=AXIS2_PLACEMENT_3D('',#12682,#9212,#9213);
#8189=AXIS2_PLACEMENT_3D('',#12683,#9214,#9215);
#8190=AXIS2_PLACEMENT_3D('',#12685,#9216,#9217);
#8191=AXIS2_PLACEMENT_3D('',#12739,#9222,#9223);
#8192=AXIS2_PLACEMENT_3D('',#12740,#9224,#9225);
#8193=AXIS2_PLACEMENT_3D('',#12742,#9226,#9227);
#8194=AXIS2_PLACEMENT_3D('',#12745,#9229,#9230);
#8195=AXIS2_PLACEMENT_3D('',#12746,#9231,#9232);
#8196=AXIS2_PLACEMENT_3D('',#12748,#9233,#9234);
#8197=AXIS2_PLACEMENT_3D('',#12751,#9236,#9237);
#8198=AXIS2_PLACEMENT_3D('',#12752,#9238,#9239);
#8199=AXIS2_PLACEMENT_3D('',#12753,#9240,#9241);
#8200=AXIS2_PLACEMENT_3D('',#12754,#9242,#9243);
#8201=AXIS2_PLACEMENT_3D('',#12756,#9245,#9246);
#8202=AXIS2_PLACEMENT_3D('',#12757,#9247,#9248);
#8203=AXIS2_PLACEMENT_3D('',#12758,#9249,#9250);
#8204=AXIS2_PLACEMENT_3D('',#12777,#9255,#9256);
#8205=AXIS2_PLACEMENT_3D('',#12778,#9257,#9258);
#8206=AXIS2_PLACEMENT_3D('',#12781,#9260,#9261);
#8207=AXIS2_PLACEMENT_3D('',#12876,#9271,#9272);
#8208=AXIS2_PLACEMENT_3D('',#12880,#9275,#9276);
#8209=AXIS2_PLACEMENT_3D('',#12884,#9279,#9280);
#8210=AXIS2_PLACEMENT_3D('',#12888,#9283,#9284);
#8211=AXIS2_PLACEMENT_3D('',#12892,#9287,#9288);
#8212=AXIS2_PLACEMENT_3D('',#13015,#9298,#9299);
#8213=AXIS2_PLACEMENT_3D('',#13016,#9300,#9301);
#8214=AXIS2_PLACEMENT_3D('',#13017,#9302,#9303);
#8215=AXIS2_PLACEMENT_3D('',#13018,#9304,#9305);
#8216=AXIS2_PLACEMENT_3D('',#13019,#9306,#9307);
#8217=AXIS2_PLACEMENT_3D('',#13025,#9311,#9312);
#8218=AXIS2_PLACEMENT_3D('',#13029,#9315,#9316);
#8219=AXIS2_PLACEMENT_3D('',#13046,#9320,#9321);
#8220=AXIS2_PLACEMENT_3D('',#13050,#9324,#9325);
#8221=AXIS2_PLACEMENT_3D('',#13054,#9328,#9329);
#8222=AXIS2_PLACEMENT_3D('',#13058,#9332,#9333);
#8223=AXIS2_PLACEMENT_3D('',#13062,#9336,#9337);
#8224=AXIS2_PLACEMENT_3D('',#13066,#9340,#9341);
#8225=AXIS2_PLACEMENT_3D('',#13070,#9344,#9345);
#8226=AXIS2_PLACEMENT_3D('',#13074,#9348,#9349);
#8227=AXIS2_PLACEMENT_3D('',#13078,#9352,#9353);
#8228=AXIS2_PLACEMENT_3D('',#13082,#9356,#9357);
#8229=AXIS2_PLACEMENT_3D('',#13086,#9360,#9361);
#8230=AXIS2_PLACEMENT_3D('',#13103,#9365,#9366);
#8231=AXIS2_PLACEMENT_3D('',#13107,#9369,#9370);
#8232=AXIS2_PLACEMENT_3D('',#13111,#9373,#9374);
#8233=AXIS2_PLACEMENT_3D('',#13113,#9376,#9377);
#8234=AXIS2_PLACEMENT_3D('',#13114,#9378,#9379);
#8235=AXIS2_PLACEMENT_3D('',#13120,#9383,#9384);
#8236=AXIS2_PLACEMENT_3D('',#13163,#9390,#9391);
#8237=AXIS2_PLACEMENT_3D('',#13167,#9394,#9395);
#8238=AXIS2_PLACEMENT_3D('',#13171,#9398,#9399);
#8239=AXIS2_PLACEMENT_3D('',#13188,#9403,#9404);
#8240=AXIS2_PLACEMENT_3D('',#13205,#9408,#9409);
#8241=AXIS2_PLACEMENT_3D('',#13261,#9416,#9417);
#8242=AXIS2_PLACEMENT_3D('',#13263,#9419,#9420);
#8243=AXIS2_PLACEMENT_3D('',#13264,#9421,#9422);
#8244=AXIS2_PLACEMENT_3D('',#13270,#9426,#9427);
#8245=AXIS2_PLACEMENT_3D('',#13274,#9430,#9431);
#8246=AXIS2_PLACEMENT_3D('',#13278,#9434,#9435);
#8247=AXIS2_PLACEMENT_3D('',#13282,#9438,#9439);
#8248=AXIS2_PLACEMENT_3D('',#13286,#9442,#9443);
#8249=AXIS2_PLACEMENT_3D('',#13290,#9446,#9447);
#8250=AXIS2_PLACEMENT_3D('',#13294,#9450,#9451);
#8251=AXIS2_PLACEMENT_3D('',#13298,#9454,#9455);
#8252=AXIS2_PLACEMENT_3D('',#13302,#9458,#9459);
#8253=AXIS2_PLACEMENT_3D('',#13304,#9461,#9462);
#8254=AXIS2_PLACEMENT_3D('',#13305,#9463,#9464);
#8255=AXIS2_PLACEMENT_3D('',#13311,#9468,#9469);
#8256=AXIS2_PLACEMENT_3D('',#13315,#9472,#9473);
#8257=AXIS2_PLACEMENT_3D('',#13319,#9476,#9477);
#8258=AXIS2_PLACEMENT_3D('',#13323,#9480,#9481);
#8259=AXIS2_PLACEMENT_3D('',#13327,#9484,#9485);
#8260=AXIS2_PLACEMENT_3D('',#13331,#9488,#9489);
#8261=AXIS2_PLACEMENT_3D('',#13335,#9492,#9493);
#8262=AXIS2_PLACEMENT_3D('',#13339,#9496,#9497);
#8263=AXIS2_PLACEMENT_3D('',#13343,#9500,#9501);
#8264=AXIS2_PLACEMENT_3D('',#13345,#9503,#9504);
#8265=AXIS2_PLACEMENT_3D('',#13346,#9505,#9506);
#8266=AXIS2_PLACEMENT_3D('',#13404,#9514,#9515);
#8267=AXIS2_PLACEMENT_3D('',#13408,#9518,#9519);
#8268=AXIS2_PLACEMENT_3D('',#13412,#9522,#9523);
#8269=AXIS2_PLACEMENT_3D('',#13455,#9529,#9530);
#8270=AXIS2_PLACEMENT_3D('',#13459,#9533,#9534);
#8271=AXIS2_PLACEMENT_3D('',#13463,#9537,#9538);
#8272=AXIS2_PLACEMENT_3D('',#13467,#9541,#9542);
#8273=AXIS2_PLACEMENT_3D('',#13471,#9545,#9546);
#8274=AXIS2_PLACEMENT_3D('',#13475,#9549,#9550);
#8275=AXIS2_PLACEMENT_3D('',#13476,#9551,#9552);
#8276=AXIS2_PLACEMENT_3D('',#13477,#9553,#9554);
#8277=AXIS2_PLACEMENT_3D('',#13478,#9555,#9556);
#8278=AXIS2_PLACEMENT_3D('',#13484,#9560,#9561);
#8279=AXIS2_PLACEMENT_3D('',#13488,#9564,#9565);
#8280=AXIS2_PLACEMENT_3D('',#13492,#9568,#9569);
#8281=AXIS2_PLACEMENT_3D('',#13494,#9571,#9572);
#8282=AXIS2_PLACEMENT_3D('',#13495,#9573,#9574);
#8283=AXIS2_PLACEMENT_3D('',#13501,#9578,#9579);
#8284=AXIS2_PLACEMENT_3D('',#13505,#9582,#9583);
#8285=AXIS2_PLACEMENT_3D('',#13509,#9586,#9587);
#8286=AXIS2_PLACEMENT_3D('',#13511,#9589,#9590);
#8287=AXIS2_PLACEMENT_3D('',#13579,#9597,#9598);
#8288=AXIS2_PLACEMENT_3D('',#13583,#9601,#9602);
#8289=AXIS2_PLACEMENT_3D('',#13639,#9609,#9610);
#8290=AXIS2_PLACEMENT_3D('',#13695,#9617,#9618);
#8291=AXIS2_PLACEMENT_3D('',#13725,#9623,#9624);
#8292=AXIS2_PLACEMENT_3D('',#13726,#9625,#9626);
#8293=AXIS2_PLACEMENT_3D('',#13729,#9628,#9629);
#8294=AXIS2_PLACEMENT_3D('',#13733,#9632,#9633);
#8295=AXIS2_PLACEMENT_3D('',#13737,#9636,#9637);
#8296=AXIS2_PLACEMENT_3D('',#13738,#9638,#9639);
#8297=AXIS2_PLACEMENT_3D('',#13741,#9641,#9642);
#8298=AXIS2_PLACEMENT_3D('',#13742,#9643,#9644);
#8299=AXIS2_PLACEMENT_3D('',#13745,#9646,#9647);
#8300=AXIS2_PLACEMENT_3D('',#13746,#9648,#9649);
#8301=AXIS2_PLACEMENT_3D('',#13775,#9653,#9654);
#8302=AXIS2_PLACEMENT_3D('',#13784,#9659,#9660);
#8303=AXIS2_PLACEMENT_3D('',#13807,#9665,#9666);
#8304=AXIS2_PLACEMENT_3D('',#13808,#9667,#9668);
#8305=AXIS2_PLACEMENT_3D('',#13810,#9669,#9670);
#8306=AXIS2_PLACEMENT_3D('',#13864,#9675,#9676);
#8307=AXIS2_PLACEMENT_3D('',#13865,#9677,#9678);
#8308=AXIS2_PLACEMENT_3D('',#13867,#9679,#9680);
#8309=AXIS2_PLACEMENT_3D('',#13887,#9683,#9684);
#8310=AXIS2_PLACEMENT_3D('',#13888,#9685,#9686);
#8311=AXIS2_PLACEMENT_3D('',#13889,#9687,#9688);
#8312=AXIS2_PLACEMENT_3D('',#13890,#9689,#9690);
#8313=AXIS2_PLACEMENT_3D('',#13892,#9692,#9693);
#8314=AXIS2_PLACEMENT_3D('',#13893,#9694,#9695);
#8315=AXIS2_PLACEMENT_3D('',#13894,#9696,#9697);
#8316=AXIS2_PLACEMENT_3D('',#13900,#9701,#9702);
#8317=AXIS2_PLACEMENT_3D('',#13904,#9705,#9706);
#8318=AXIS2_PLACEMENT_3D('',#13921,#9710,#9711);
#8319=AXIS2_PLACEMENT_3D('',#13925,#9714,#9715);
#8320=AXIS2_PLACEMENT_3D('',#13929,#9718,#9719);
#8321=AXIS2_PLACEMENT_3D('',#13933,#9722,#9723);
#8322=AXIS2_PLACEMENT_3D('',#13937,#9726,#9727);
#8323=AXIS2_PLACEMENT_3D('',#13941,#9730,#9731);
#8324=AXIS2_PLACEMENT_3D('',#13945,#9734,#9735);
#8325=AXIS2_PLACEMENT_3D('',#13949,#9738,#9739);
#8326=AXIS2_PLACEMENT_3D('',#13953,#9742,#9743);
#8327=AXIS2_PLACEMENT_3D('',#13957,#9746,#9747);
#8328=AXIS2_PLACEMENT_3D('',#13961,#9750,#9751);
#8329=AXIS2_PLACEMENT_3D('',#13978,#9755,#9756);
#8330=AXIS2_PLACEMENT_3D('',#13982,#9759,#9760);
#8331=AXIS2_PLACEMENT_3D('',#13986,#9763,#9764);
#8332=AXIS2_PLACEMENT_3D('',#13988,#9766,#9767);
#8333=DIRECTION('',(0.,0.,1.));
#8334=DIRECTION('',(1.,0.,0.));
#8335=DIRECTION('',(0.,1.,0.));
#8336=DIRECTION('',(1.,0.,0.));
#8337=DIRECTION('',(-0.999864174520023,0.,-0.0164812776019774));
#8338=DIRECTION('',(0.,0.,-1.));
#8339=DIRECTION('',(0.998845800799864,0.,-0.0480319292187914));
#8340=DIRECTION('',(0.,0.,1.));
#8341=DIRECTION('',(0.,-1.,0.));
#8342=DIRECTION('',(0.,0.,-1.));
#8343=DIRECTION('',(0.,0.,1.));
#8344=DIRECTION('',(0.971154396308887,0.,0.238451543358228));
#8345=DIRECTION('',(0.,-1.,0.));
#8346=DIRECTION('',(0.,0.,-1.));
#8347=DIRECTION('',(0.,-1.,0.));
#8348=DIRECTION('',(0.,0.,-1.));
#8349=DIRECTION('',(0.,-1.,0.));
#8350=DIRECTION('',(0.,0.,-1.));
#8351=DIRECTION('',(1.,0.,0.));
#8352=DIRECTION('',(0.0325348503133542,0.,0.999470601626225));
#8353=DIRECTION('',(1.,0.,0.));
#8354=DIRECTION('',(0.0325348503133542,0.,-0.999470601626225));
#8355=DIRECTION('',(-1.,0.,0.));
#8356=DIRECTION('',(1.,0.,0.));
#8357=DIRECTION('',(0.,0.,-1.));
#8358=DIRECTION('',(-0.599336794104432,0.,-0.800496975155198));
#8359=DIRECTION('',(1.,0.,0.));
#8360=DIRECTION('',(0.,0.,-1.));
#8361=DIRECTION('',(-1.,0.,0.));
#8362=DIRECTION('',(0.,0.,1.));
#8363=DIRECTION('',(0.599514820825371,0.,0.800363654603783));
#8364=DIRECTION('',(-1.,0.,0.));
#8365=DIRECTION('',(0.,0.,1.));
#8366=DIRECTION('',(-1.,0.,0.));
#8367=DIRECTION('',(0.,0.,1.));
#8368=DIRECTION('',(0.,0.,-1.));
#8369=DIRECTION('',(-1.,0.,0.));
#8370=DIRECTION('',(0.,0.,1.));
#8371=DIRECTION('',(1.,0.,0.));
#8372=DIRECTION('',(1.,0.,0.));
#8373=DIRECTION('',(0.,0.,-1.));
#8374=DIRECTION('',(1.,0.,0.));
#8375=DIRECTION('',(0.,-1.,0.));
#8376=DIRECTION('',(0.,0.,-1.));
#8377=DIRECTION('',(1.,0.,0.));
#8378=DIRECTION('',(-1.,0.,0.));
#8379=DIRECTION('',(0.0125889303847709,0.,-0.9999207562761));
#8380=DIRECTION('',(0.,0.,-1.));
#8381=DIRECTION('',(-1.,0.,0.));
#8382=DIRECTION('',(0.,0.,1.));
#8383=DIRECTION('',(0.,-1.,0.));
#8384=DIRECTION('',(0.,0.,-1.));
#8385=DIRECTION('',(-0.999864174520023,0.,-0.0164812776019831));
#8386=DIRECTION('',(0.,0.,-1.));
#8387=DIRECTION('',(0.998845800799864,0.,-0.0480319292187914));
#8388=DIRECTION('',(0.,0.,1.));
#8389=DIRECTION('',(0.,-1.,0.));
#8390=DIRECTION('',(0.,0.,-1.));
#8391=DIRECTION('',(0.,0.,1.));
#8392=DIRECTION('',(0.971154396308904,0.,0.23845154335816));
#8393=DIRECTION('',(1.20360839840251E-17,1.,-6.00377559456059E-17));
#8394=DIRECTION('',(-0.242009328898179,6.11659135682984E-17,0.970273922522013));
#8395=DIRECTION('',(0.,-1.,0.));
#8396=DIRECTION('',(0.,0.,-1.));
#8397=DIRECTION('',(0.,-1.,0.));
#8398=DIRECTION('',(0.,0.,-1.));
#8399=DIRECTION('',(1.,0.,0.));
#8400=DIRECTION('',(1.,0.,0.));
#8401=DIRECTION('',(0.,0.,-1.));
#8402=DIRECTION('',(0.,0.,1.));
#8403=DIRECTION('',(1.,0.,0.));
#8404=DIRECTION('',(0.,0.,-1.));
#8405=DIRECTION('',(0.,-1.,0.));
#8406=DIRECTION('',(0.,0.,-1.));
#8407=DIRECTION('',(0.,-1.,0.));
#8408=DIRECTION('',(0.,0.,-1.));
#8409=DIRECTION('',(-1.,0.,0.));
#8410=DIRECTION('',(0.,-1.,0.));
#8411=DIRECTION('',(0.,0.,-1.));
#8412=DIRECTION('',(-1.,0.,0.));
#8413=DIRECTION('',(0.,0.,1.));
#8414=DIRECTION('',(1.,0.,0.));
#8415=DIRECTION('',(0.,0.,-1.));
#8416=DIRECTION('',(-1.,0.,0.));
#8417=DIRECTION('',(0.,0.,1.));
#8418=DIRECTION('',(0.998763583498724,0.,0.0497122145632898));
#8419=DIRECTION('',(-0.998918861935958,0.,0.0464877109413977));
#8420=DIRECTION('',(0.,-1.,0.));
#8421=DIRECTION('',(0.,0.,-1.));
#8422=DIRECTION('',(0.,-1.,0.));
#8423=DIRECTION('',(0.,0.,-1.));
#8424=DIRECTION('',(-1.,0.,0.));
#8425=DIRECTION('',(0.,0.,1.));
#8426=DIRECTION('',(1.,0.,0.));
#8427=DIRECTION('',(0.,0.,-1.));
#8428=DIRECTION('',(0.,0.,1.));
#8429=DIRECTION('',(1.,0.,0.));
#8430=DIRECTION('',(0.,0.,-1.));
#8431=DIRECTION('',(-1.,0.,0.));
#8432=DIRECTION('',(0.,0.,1.));
#8433=DIRECTION('',(0.,-1.,0.));
#8434=DIRECTION('',(0.,0.,-1.));
#8435=DIRECTION('',(0.,1.,0.));
#8436=DIRECTION('',(1.,0.,0.));
#8437=DIRECTION('',(0.,1.,0.));
#8438=DIRECTION('',(1.,0.,0.));
#8439=DIRECTION('',(0.,1.,0.));
#8440=DIRECTION('',(1.,0.,0.));
#8441=DIRECTION('',(0.,1.,0.));
#8442=DIRECTION('',(1.,0.,0.));
#8443=DIRECTION('',(0.,0.,1.));
#8444=DIRECTION('',(0.,1.,0.));
#8445=DIRECTION('',(1.7347234759768E-15,0.,1.));
#8446=DIRECTION('',(1.,0.,0.));
#8447=DIRECTION('',(0.,1.,0.));
#8448=DIRECTION('',(-1.,0.,0.));
#8449=DIRECTION('',(0.,0.,1.));
#8450=DIRECTION('',(0.,1.,0.));
#8451=DIRECTION('',(0.,0.,-1.));
#8452=DIRECTION('',(1.,0.,0.));
#8453=DIRECTION('',(0.,1.,0.));
#8454=DIRECTION('',(1.,0.,0.));
#8455=DIRECTION('',(0.,0.,-1.));
#8456=DIRECTION('',(1.,0.,0.));
#8457=DIRECTION('',(0.,0.,-1.));
#8458=DIRECTION('',(-1.,0.,0.));
#8459=DIRECTION('',(-0.327274058456687,0.,-0.944929463325855));
#8460=DIRECTION('',(-1.,0.,0.));
#8461=DIRECTION('',(0.,0.,1.));
#8462=DIRECTION('',(-1.,0.,0.));
#8463=DIRECTION('',(0.,0.,1.));
#8464=DIRECTION('',(1.,0.,0.));
#8465=DIRECTION('',(0.,0.,1.));
#8466=DIRECTION('',(0.,0.,1.));
#8467=DIRECTION('',(-1.,0.,0.));
#8468=DIRECTION('',(0.,0.,1.));
#8469=DIRECTION('',(1.,0.,0.));
#8470=DIRECTION('',(0.,0.,-1.));
#8471=DIRECTION('',(0.,0.,1.));
#8472=DIRECTION('',(1.,0.,0.));
#8473=DIRECTION('',(0.,0.,-1.));
#8474=DIRECTION('',(-1.,0.,0.));
#8475=DIRECTION('',(0.,0.,1.));
#8476=DIRECTION('',(0.,-1.,0.));
#8477=DIRECTION('',(0.,0.,-1.));
#8478=DIRECTION('',(1.,0.,0.));
#8479=DIRECTION('',(0.,0.,-1.));
#8480=DIRECTION('',(-1.,0.,0.));
#8481=DIRECTION('',(0.,0.,1.));
#8482=DIRECTION('',(0.810499591938654,0.,0.585739200896846));
#8483=DIRECTION('',(0.,-1.,0.));
#8484=DIRECTION('',(0.,0.,-1.));
#8485=DIRECTION('',(1.,0.,0.));
#8486=DIRECTION('',(0.,-1.,0.));
#8487=DIRECTION('',(0.,0.,-1.));
#8488=DIRECTION('',(0.99913695997832,0.,-0.0415371545159528));
#8489=DIRECTION('',(1.,0.,0.));
#8490=DIRECTION('',(0.,0.,-1.));
#8491=DIRECTION('',(-1.,0.,0.));
#8492=DIRECTION('',(0.,0.,1.));
#8493=DIRECTION('',(-0.999864174520023,0.,-0.0164812776019831));
#8494=DIRECTION('',(0.,0.,-1.));
#8495=DIRECTION('',(0.998845800799864,0.,-0.0480319292187868));
#8496=DIRECTION('',(0.,0.,1.));
#8497=DIRECTION('',(0.,-1.,0.));
#8498=DIRECTION('',(0.,0.,-1.));
#8499=DIRECTION('',(0.,0.,1.));
#8500=DIRECTION('',(0.971154396308909,0.,0.238451543358138));
#8501=DIRECTION('',(1.20360839840257E-17,1.,-6.00377559456058E-17));
#8502=DIRECTION('',(-0.242009328898211,6.11659135682983E-17,0.970273922522005));
#8503=DIRECTION('',(0.,-1.,0.));
#8504=DIRECTION('',(0.,0.,-1.));
#8505=DIRECTION('',(0.,-1.,0.));
#8506=DIRECTION('',(0.,0.,-1.));
#8507=DIRECTION('',(1.,0.,0.));
#8508=DIRECTION('',(0.2540285942939,0.,0.967196708679814));
#8509=DIRECTION('',(1.,0.,0.));
#8510=DIRECTION('',(0.251906267330476,0.,-0.967751637807773));
#8511=DIRECTION('',(0.226789756329685,0.,0.973943738839119));
#8512=DIRECTION('',(0.255789167919872,0.,0.966732590520698));
#8513=DIRECTION('',(1.,0.,0.));
#8514=DIRECTION('',(0.250544775522558,0.,-0.968105012619164));
#8515=DIRECTION('',(-1.,0.,0.));
#8516=DIRECTION('',(-0.210717373681262,0.,0.977547026198163));
#8517=DIRECTION('',(-0.183003578452724,0.,-0.983112247036674));
#8518=DIRECTION('',(-0.208433994533335,0.,-0.97803643588717));
#8519=DIRECTION('',(-0.258630782940425,0.,-0.965976251320716));
#8520=DIRECTION('',(-1.,0.,0.));
#8521=DIRECTION('',(-0.252719217164708,0.,0.967539661861806));
#8522=DIRECTION('',(-0.208880632715241,0.,-0.9779411440759));
#8523=DIRECTION('',(-0.218785208216173,0.,-0.975773043625312));
#8524=DIRECTION('',(-1.,0.,0.));
#8525=DIRECTION('',(1.,0.,0.));
#8526=DIRECTION('',(0.,0.,-1.));
#8527=DIRECTION('',(-0.599336794104433,0.,-0.800496975155198));
#8528=DIRECTION('',(1.,0.,0.));
#8529=DIRECTION('',(0.,0.,-1.));
#8530=DIRECTION('',(-1.,0.,0.));
#8531=DIRECTION('',(0.,0.,1.));
#8532=DIRECTION('',(0.599514820825372,0.,0.800363654603782));
#8533=DIRECTION('',(-1.,0.,0.));
#8534=DIRECTION('',(0.,0.,1.));
#8535=DIRECTION('',(-1.,0.,0.));
#8536=DIRECTION('',(0.,0.,1.));
#8537=DIRECTION('',(1.,0.,0.));
#8538=DIRECTION('',(0.,0.,-1.));
#8539=DIRECTION('',(0.,0.,1.));
#8540=DIRECTION('',(1.,0.,0.));
#8541=DIRECTION('',(0.,0.,-1.));
#8542=DIRECTION('',(-1.,0.,0.));
#8543=DIRECTION('',(0.,0.,1.));
#8544=DIRECTION('',(0.,-1.,0.));
#8545=DIRECTION('',(0.,0.,-1.));
#8546=DIRECTION('',(1.,0.,0.));
#8547=DIRECTION('',(0.,0.,-1.));
#8548=DIRECTION('',(-1.,0.,0.));
#8549=DIRECTION('',(0.,0.,1.));
#8550=DIRECTION('',(0.2540285942939,0.,0.967196708679814));
#8551=DIRECTION('',(1.,0.,0.));
#8552=DIRECTION('',(0.251906267330477,0.,-0.967751637807773));
#8553=DIRECTION('',(0.226789756329682,0.,0.97394373883912));
#8554=DIRECTION('',(0.255789167919873,0.,0.966732590520698));
#8555=DIRECTION('',(1.,0.,0.));
#8556=DIRECTION('',(0.250544775522557,0.,-0.968105012619164));
#8557=DIRECTION('',(-1.,0.,0.));
#8558=DIRECTION('',(-0.21071737368126,0.,0.977547026198163));
#8559=DIRECTION('',(-0.183003578452707,0.,-0.983112247036677));
#8560=DIRECTION('',(-0.208433994533332,0.,-0.97803643588717));
#8561=DIRECTION('',(-0.258630782940423,0.,-0.965976251320716));
#8562=DIRECTION('',(-1.,0.,0.));
#8563=DIRECTION('',(-0.252719217164709,0.,0.967539661861806));
#8564=DIRECTION('',(-0.208880632715241,0.,-0.9779411440759));
#8565=DIRECTION('',(-0.218785208216173,0.,-0.975773043625312));
#8566=DIRECTION('',(-1.,0.,0.));
#8567=DIRECTION('',(1.,0.,0.));
#8568=DIRECTION('',(0.,-1.,0.));
#8569=DIRECTION('',(0.,-1.,0.));
#8570=DIRECTION('',(0.,0.,1.));
#8571=DIRECTION('',(0.,-1.,0.));
#8572=DIRECTION('',(0.,0.,1.));
#8573=DIRECTION('',(0.,0.,-1.));
#8574=DIRECTION('',(0.,1.,0.));
#8575=DIRECTION('',(0.,-1.,0.));
#8576=DIRECTION('',(1.,0.,0.));
#8577=DIRECTION('',(0.,-1.,0.));
#8578=DIRECTION('',(1.,0.,0.));
#8579=DIRECTION('',(1.,0.,0.));
#8580=DIRECTION('',(0.,-1.,0.));
#8581=DIRECTION('',(0.,0.,1.));
#8582=DIRECTION('',(0.,-1.,0.));
#8583=DIRECTION('',(0.,0.,1.));
#8584=DIRECTION('',(0.,-1.,0.));
#8585=DIRECTION('',(0.,0.,-1.));
#8586=DIRECTION('',(0.,1.,0.));
#8587=DIRECTION('',(1.,0.,0.));
#8588=DIRECTION('',(0.,-1.,0.));
#8589=DIRECTION('',(1.,0.,0.));
#8590=DIRECTION('',(0.,-1.,0.));
#8591=DIRECTION('',(0.,-1.,0.));
#8592=DIRECTION('',(-1.,0.,0.));
#8593=DIRECTION('',(0.,1.,0.));
#8594=DIRECTION('',(1.,0.,-3.4694469519536E-15));
#8595=DIRECTION('',(0.,1.,0.));
#8596=DIRECTION('',(1.,0.,-3.4694469519536E-15));
#8597=DIRECTION('',(0.,-1.,0.));
#8598=DIRECTION('',(-1.,0.,0.));
#8599=DIRECTION('',(0.,1.,0.));
#8600=DIRECTION('',(0.,0.,1.));
#8601=DIRECTION('',(0.,1.,0.));
#8602=DIRECTION('',(0.,0.,1.));
#8603=DIRECTION('',(0.,-1.,0.));
#8604=DIRECTION('',(-1.,0.,0.));
#8605=DIRECTION('',(0.,1.,0.));
#8606=DIRECTION('',(-1.,0.,0.));
#8607=DIRECTION('',(0.,1.,0.));
#8608=DIRECTION('',(-1.,0.,0.));
#8609=DIRECTION('',(0.,-1.,0.));
#8610=DIRECTION('',(-1.,0.,0.));
#8611=DIRECTION('',(0.,1.,0.));
#8612=DIRECTION('',(-8.67361737988398E-15,0.,-1.));
#8613=DIRECTION('',(0.,1.,0.));
#8614=DIRECTION('',(-8.67361737988398E-15,0.,-1.));
#8615=DIRECTION('',(1.,0.,0.));
#8616=DIRECTION('',(0.,-1.,0.));
#8617=DIRECTION('',(0.,-1.,0.));
#8618=DIRECTION('',(0.,0.,1.));
#8619=DIRECTION('',(0.,-1.,0.));
#8620=DIRECTION('',(0.,-1.,0.));
#8621=DIRECTION('',(-1.,0.,0.));
#8622=DIRECTION('',(0.,-1.,0.));
#8623=DIRECTION('',(0.,1.,0.));
#8624=DIRECTION('',(1.,0.,0.));
#8625=DIRECTION('',(0.,0.,-1.));
#8626=DIRECTION('',(0.,1.,0.));
#8627=DIRECTION('',(0.,-1.,0.));
#8628=DIRECTION('',(1.,0.,0.));
#8629=DIRECTION('',(0.,-1.,0.));
#8630=DIRECTION('',(-1.,0.,0.));
#8631=DIRECTION('',(0.,-1.,0.));
#8632=DIRECTION('',(0.,1.,0.));
#8633=DIRECTION('',(0.,0.,-1.));
#8634=DIRECTION('',(1.,0.,0.));
#8635=DIRECTION('',(0.,-1.,0.));
#8636=DIRECTION('',(0.,-1.,0.));
#8637=DIRECTION('',(0.,0.,1.));
#8638=DIRECTION('',(0.,-1.,0.));
#8639=DIRECTION('',(-1.,0.,0.));
#8640=DIRECTION('',(0.,-1.,0.));
#8641=DIRECTION('',(0.,1.,0.));
#8642=DIRECTION('',(-1.,0.,0.));
#8643=DIRECTION('',(0.,0.,-1.));
#8644=DIRECTION('',(0.,1.,0.));
#8645=DIRECTION('',(0.,-1.,0.));
#8646=DIRECTION('',(1.,0.,0.));
#8647=DIRECTION('',(0.,-1.,0.));
#8648=DIRECTION('',(-1.,0.,0.));
#8649=DIRECTION('',(0.,1.,0.));
#8650=DIRECTION('',(1.,0.,0.));
#8651=DIRECTION('',(0.,-1.,0.));
#8652=DIRECTION('',(-1.,0.,0.));
#8653=DIRECTION('',(0.,1.,0.));
#8654=DIRECTION('',(1.,0.,0.));
#8655=DIRECTION('',(0.,-1.,0.));
#8656=DIRECTION('',(-1.,0.,0.));
#8657=DIRECTION('',(0.,1.,0.));
#8658=DIRECTION('',(1.,0.,0.));
#8659=DIRECTION('',(0.,-1.,0.));
#8660=DIRECTION('',(-1.,0.,0.));
#8661=DIRECTION('',(0.,1.,0.));
#8662=DIRECTION('',(1.,0.,0.));
#8663=DIRECTION('',(0.,-1.,0.));
#8664=DIRECTION('',(-1.,0.,0.));
#8665=DIRECTION('',(0.,1.,0.));
#8666=DIRECTION('',(1.7347234759768E-15,0.,1.));
#8667=DIRECTION('',(0.,1.,0.));
#8668=DIRECTION('',(1.,0.,0.));
#8669=DIRECTION('',(0.,1.,0.));
#8670=DIRECTION('',(1.,0.,0.));
#8671=DIRECTION('',(0.,0.,1.));
#8672=DIRECTION('',(0.,-1.,0.));
#8673=DIRECTION('',(0.,-1.,0.));
#8674=DIRECTION('',(-1.,0.,0.));
#8675=DIRECTION('',(0.,-1.,0.));
#8676=DIRECTION('',(0.,-1.,0.));
#8677=DIRECTION('',(0.,-1.,0.));
#8678=DIRECTION('',(0.,-1.,0.));
#8679=DIRECTION('',(0.,-1.,0.));
#8680=DIRECTION('',(1.,0.,0.));
#8681=DIRECTION('',(0.,-1.,0.));
#8682=DIRECTION('',(0.,0.,1.));
#8683=DIRECTION('',(0.,-1.,0.));
#8684=DIRECTION('',(0.,0.,-1.));
#8685=DIRECTION('',(0.,1.,0.));
#8686=DIRECTION('',(1.,0.,0.));
#8687=DIRECTION('',(0.,-1.,0.));
#8688=DIRECTION('',(-1.,0.,0.));
#8689=DIRECTION('',(0.,1.,0.));
#8690=DIRECTION('',(0.,0.,-1.));
#8691=DIRECTION('',(0.,-1.,0.));
#8692=DIRECTION('',(0.,-1.,0.));
#8693=DIRECTION('',(0.,-1.,0.));
#8694=DIRECTION('',(0.,-1.,0.));
#8695=DIRECTION('',(1.,0.,0.));
#8696=DIRECTION('',(0.,-1.,0.));
#8697=DIRECTION('',(0.,0.,1.));
#8698=DIRECTION('',(0.,-1.,0.));
#8699=DIRECTION('',(0.,0.,-1.));
#8700=DIRECTION('',(0.,1.,0.));
#8701=DIRECTION('',(1.,0.,0.));
#8702=DIRECTION('',(0.,-1.,0.));
#8703=DIRECTION('',(-1.,0.,0.));
#8704=DIRECTION('',(0.,1.,0.));
#8705=DIRECTION('',(0.,0.,-1.));
#8706=DIRECTION('',(0.,-1.,0.));
#8707=DIRECTION('',(0.,0.,1.));
#8708=DIRECTION('',(0.,-1.,0.));
#8709=DIRECTION('',(-1.,0.,0.));
#8710=DIRECTION('',(0.,-1.,0.));
#8711=DIRECTION('',(1.,0.,0.));
#8712=DIRECTION('',(0.,-1.,0.));
#8713=DIRECTION('',(0.,0.,1.));
#8714=DIRECTION('',(0.,-1.,0.));
#8715=DIRECTION('',(0.,-1.,0.));
#8716=DIRECTION('',(-0.999285428527413,0.,0.0377972529793496));
#8717=DIRECTION('',(0.,-1.,0.));
#8718=DIRECTION('',(0.,0.,-1.));
#8719=DIRECTION('',(0.,1.,0.));
#8720=DIRECTION('',(1.,0.,0.));
#8721=DIRECTION('',(0.,-1.,0.));
#8722=DIRECTION('',(0.,-1.,0.));
#8723=DIRECTION('',(0.,-1.,0.));
#8724=DIRECTION('',(0.,-1.,0.));
#8725=DIRECTION('',(-1.,0.,0.));
#8726=DIRECTION('',(0.,1.,0.));
#8727=DIRECTION('',(0.,0.,-1.));
#8728=DIRECTION('',(0.,-1.,0.));
#8729=DIRECTION('',(0.,0.,-1.));
#8730=DIRECTION('',(0.,1.,0.));
#8731=DIRECTION('',(1.,0.,0.));
#8732=DIRECTION('',(0.,-1.,0.));
#8733=DIRECTION('',(-1.,0.,0.));
#8734=DIRECTION('',(0.,1.,0.));
#8735=DIRECTION('',(0.,0.,-1.));
#8736=DIRECTION('',(0.,-1.,0.));
#8737=DIRECTION('',(0.,0.,1.));
#8738=DIRECTION('',(0.,-1.,0.));
#8739=DIRECTION('',(-1.,0.,0.));
#8740=DIRECTION('',(0.,-1.,0.));
#8741=DIRECTION('',(-0.944929463325855,0.,0.327274058456687));
#8742=DIRECTION('',(0.327274058456687,0.,0.944929463325855));
#8743=DIRECTION('',(-0.327274058456687,0.,-0.944929463325855));
#8744=DIRECTION('',(0.,-1.,0.));
#8745=DIRECTION('',(0.,0.,1.));
#8746=DIRECTION('',(0.,-1.,0.));
#8747=DIRECTION('',(-1.,0.,0.));
#8748=DIRECTION('',(0.,-1.,0.));
#8749=DIRECTION('',(1.,0.,0.));
#8750=DIRECTION('',(0.,-1.,0.));
#8751=DIRECTION('',(0.,0.,1.));
#8752=DIRECTION('',(0.,-1.,0.));
#8753=DIRECTION('',(0.,0.,1.));
#8754=DIRECTION('',(0.,-1.,0.));
#8755=DIRECTION('',(-1.,0.,0.));
#8756=DIRECTION('',(0.,-1.,0.));
#8757=DIRECTION('',(1.,0.,0.));
#8758=DIRECTION('',(0.,-1.,0.));
#8759=DIRECTION('',(0.,0.,1.));
#8760=DIRECTION('',(0.,-1.,0.));
#8761=DIRECTION('',(0.,0.,-1.));
#8762=DIRECTION('',(0.,1.,0.));
#8763=DIRECTION('',(1.,0.,0.));
#8764=DIRECTION('',(0.,-1.,0.));
#8765=DIRECTION('',(1.,0.,0.));
#8766=DIRECTION('',(0.,-1.,0.));
#8767=DIRECTION('',(0.,0.,1.));
#8768=DIRECTION('',(0.,-1.,0.));
#8769=DIRECTION('',(0.,-1.,0.));
#8770=DIRECTION('',(0.,-1.,0.));
#8771=DIRECTION('',(0.,-1.,0.));
#8772=DIRECTION('',(1.,0.,0.));
#8773=DIRECTION('',(0.,-1.,0.));
#8774=DIRECTION('',(0.,0.,1.));
#8775=DIRECTION('',(0.,1.,0.));
#8776=DIRECTION('',(1.,0.,0.));
#8777=DIRECTION('',(0.,-1.,0.));
#8778=DIRECTION('',(0.,-1.,0.));
#8779=DIRECTION('',(0.,-1.,0.));
#8780=DIRECTION('',(0.,-1.,0.));
#8781=DIRECTION('',(0.,-1.,0.));
#8782=DIRECTION('',(0.,-1.,0.));
#8783=DIRECTION('',(0.,-1.,0.));
#8784=DIRECTION('',(0.,-1.,0.));
#8785=DIRECTION('',(0.0497122145632899,0.,-0.998763583498725));
#8786=DIRECTION('',(-0.998763583498725,0.,-0.0497122145632899));
#8787=DIRECTION('',(0.998763583498724,0.,0.0497122145632898));
#8788=DIRECTION('',(0.,-1.,0.));
#8789=DIRECTION('',(0.,-1.,0.));
#8790=DIRECTION('',(0.,-1.,0.));
#8791=DIRECTION('',(0.,-1.,0.));
#8792=DIRECTION('',(0.,-1.,0.));
#8793=DIRECTION('',(0.,-1.,0.));
#8794=DIRECTION('',(0.,-1.,0.));
#8795=DIRECTION('',(0.0464877109413977,0.,0.998918861935958));
#8796=DIRECTION('',(0.998918861935958,0.,-0.0464877109413977));
#8797=DIRECTION('',(-0.998918861935958,0.,0.0464877109413977));
#8798=DIRECTION('',(0.,-1.,0.));
#8799=DIRECTION('',(0.,-1.,0.));
#8800=DIRECTION('',(-0.92744757511581,0.,0.373953199494005));
#8801=DIRECTION('',(0.,-1.,0.));
#8802=DIRECTION('',(0.,0.,-1.));
#8803=DIRECTION('',(0.,-1.,0.));
#8804=DIRECTION('',(0.,-1.,0.));
#8805=DIRECTION('',(-0.624067666334757,0.,0.781370301352368));
#8806=DIRECTION('',(0.,-1.,0.));
#8807=DIRECTION('',(0.,0.,-1.));
#8808=DIRECTION('',(0.,1.,0.));
#8809=DIRECTION('',(1.,0.,0.));
#8810=DIRECTION('',(0.,0.,1.));
#8811=DIRECTION('',(0.,-1.,0.));
#8812=DIRECTION('',(0.,-1.,0.));
#8813=DIRECTION('',(-1.,0.,0.));
#8814=DIRECTION('',(0.,-1.,0.));
#8815=DIRECTION('',(0.,-1.,0.));
#8816=DIRECTION('',(0.,-1.,0.));
#8817=DIRECTION('',(0.,-1.,0.));
#8818=DIRECTION('',(0.,-1.,0.));
#8819=DIRECTION('',(1.,0.,0.));
#8820=DIRECTION('',(0.,-1.,0.));
#8821=DIRECTION('',(0.,0.,1.));
#8822=DIRECTION('',(0.,-1.,0.));
#8823=DIRECTION('',(0.,0.,-1.));
#8824=DIRECTION('',(0.,1.,0.));
#8825=DIRECTION('',(1.,0.,0.));
#8826=DIRECTION('',(0.,-1.,0.));
#8827=DIRECTION('',(-1.,0.,0.));
#8828=DIRECTION('',(0.,1.,0.));
#8829=DIRECTION('',(0.,0.,-1.));
#8830=DIRECTION('',(0.,-1.,0.));
#8831=DIRECTION('',(0.,-1.,0.));
#8832=DIRECTION('',(0.,-1.,0.));
#8833=DIRECTION('',(0.,-1.,0.));
#8834=DIRECTION('',(1.,0.,0.));
#8835=DIRECTION('',(0.,-1.,0.));
#8836=DIRECTION('',(0.,0.,1.));
#8837=DIRECTION('',(0.,-1.,0.));
#8838=DIRECTION('',(0.,0.,-1.));
#8839=DIRECTION('',(0.,1.,0.));
#8840=DIRECTION('',(1.,0.,0.));
#8841=DIRECTION('',(0.,-1.,0.));
#8842=DIRECTION('',(-1.,0.,0.));
#8843=DIRECTION('',(0.,1.,0.));
#8844=DIRECTION('',(0.,0.,-1.));
#8845=DIRECTION('',(0.,-1.,0.));
#8846=DIRECTION('',(0.,0.,1.));
#8847=DIRECTION('',(0.,-1.,0.));
#8848=DIRECTION('',(-1.,0.,0.));
#8849=DIRECTION('',(0.,-1.,0.));
#8850=DIRECTION('',(1.,0.,0.));
#8851=DIRECTION('',(0.,-1.,0.));
#8852=DIRECTION('',(0.,0.,1.));
#8853=DIRECTION('',(0.,-1.,0.));
#8854=DIRECTION('',(0.,-1.,0.));
#8855=DIRECTION('',(-0.999285428527413,0.,0.0377972529793382));
#8856=DIRECTION('',(0.,-1.,0.));
#8857=DIRECTION('',(0.,0.,-1.));
#8858=DIRECTION('',(0.,1.,0.));
#8859=DIRECTION('',(1.,0.,0.));
#8860=DIRECTION('',(0.,0.,-1.));
#8861=DIRECTION('',(0.,1.,0.));
#8862=DIRECTION('',(0.,-1.,0.));
#8863=DIRECTION('',(1.,0.,0.));
#8864=DIRECTION('',(0.,-1.,0.));
#8865=DIRECTION('',(-1.,0.,0.));
#8866=DIRECTION('',(0.,1.,0.));
#8867=DIRECTION('',(0.,0.,-1.));
#8868=DIRECTION('',(0.,-1.,0.));
#8869=DIRECTION('',(0.,0.,1.));
#8870=DIRECTION('',(0.,-1.,0.));
#8871=DIRECTION('',(-1.,0.,0.));
#8872=DIRECTION('',(0.,-1.,0.));
#8873=DIRECTION('',(1.,0.,0.));
#8874=DIRECTION('',(0.,-1.,0.));
#8875=DIRECTION('',(0.,0.,1.));
#8876=DIRECTION('',(0.,1.,0.));
#8877=DIRECTION('',(1.,0.,0.));
#8878=DIRECTION('',(0.,0.,-1.));
#8879=DIRECTION('',(0.,1.,0.));
#8880=DIRECTION('',(0.,-1.,0.));
#8881=DIRECTION('',(1.,0.,0.));
#8882=DIRECTION('',(0.,-1.,0.));
#8883=DIRECTION('',(-1.,0.,0.));
#8884=DIRECTION('',(0.,1.,0.));
#8885=DIRECTION('',(0.,0.,-1.));
#8886=DIRECTION('',(0.,-1.,0.));
#8887=DIRECTION('',(0.,0.,1.));
#8888=DIRECTION('',(0.,-1.,0.));
#8889=DIRECTION('',(-1.,0.,0.));
#8890=DIRECTION('',(0.,-1.,0.));
#8891=DIRECTION('',(1.,0.,0.));
#8892=DIRECTION('',(0.,-1.,0.));
#8893=DIRECTION('',(0.,0.,1.));
#8894=DIRECTION('',(0.,1.,0.));
#8895=DIRECTION('',(1.,0.,0.));
#8896=DIRECTION('',(0.,0.,-1.));
#8897=DIRECTION('',(0.,1.,0.));
#8898=DIRECTION('',(0.,-1.,0.));
#8899=DIRECTION('',(1.,0.,0.));
#8900=DIRECTION('',(0.,-1.,0.));
#8901=DIRECTION('',(-1.,0.,0.));
#8902=DIRECTION('',(0.,1.,0.));
#8903=DIRECTION('',(0.,0.,-1.));
#8904=DIRECTION('',(0.,-1.,0.));
#8905=DIRECTION('',(0.,-1.,0.));
#8906=DIRECTION('',(0.,-1.,0.));
#8907=DIRECTION('',(0.,-1.,0.));
#8908=DIRECTION('',(1.,0.,0.));
#8909=DIRECTION('',(0.,-1.,0.));
#8910=DIRECTION('',(0.,0.,1.));
#8911=DIRECTION('',(0.,-1.,0.));
#8912=DIRECTION('',(0.,0.,-1.));
#8913=DIRECTION('',(0.,1.,0.));
#8914=DIRECTION('',(1.,0.,0.));
#8915=DIRECTION('',(0.,-1.,0.));
#8916=DIRECTION('',(-1.,0.,0.));
#8917=DIRECTION('',(0.,1.,0.));
#8918=DIRECTION('',(0.,0.,-1.));
#8919=DIRECTION('',(0.,-1.,0.));
#8920=DIRECTION('',(0.,-1.,0.));
#8921=DIRECTION('',(-0.999809198304195,0.,-0.0195337396911589));
#8922=DIRECTION('',(0.,-1.,0.));
#8923=DIRECTION('',(0.,0.,-1.));
#8924=DIRECTION('',(0.,-1.,0.));
#8925=DIRECTION('',(0.,-1.,0.));
#8926=DIRECTION('',(-0.998484202580642,0.,-0.0550390515625039));
#8927=DIRECTION('',(0.,-1.,0.));
#8928=DIRECTION('',(0.,0.,-1.));
#8929=DIRECTION('',(0.,-1.,0.));
#8930=DIRECTION('',(0.,0.,1.));
#8931=DIRECTION('',(0.,-1.,0.));
#8932=DIRECTION('',(-1.,0.,0.));
#8933=DIRECTION('',(0.,-1.,0.));
#8934=DIRECTION('',(0.,-1.,0.));
#8935=DIRECTION('',(0.,-1.,0.));
#8936=DIRECTION('',(-0.999190490357055,0.,-0.040228894839762));
#8937=DIRECTION('',(0.,-1.,0.));
#8938=DIRECTION('',(0.,0.,-1.));
#8939=DIRECTION('',(0.,-1.,0.));
#8940=DIRECTION('',(0.,0.,1.));
#8941=DIRECTION('',(0.,-1.,0.));
#8942=DIRECTION('',(-1.,0.,0.));
#8943=DIRECTION('',(0.,-1.,0.));
#8944=DIRECTION('',(0.,-1.,0.));
#8945=DIRECTION('',(0.,-1.,0.));
#8946=DIRECTION('',(0.,-1.,0.));
#8947=DIRECTION('',(0.,-1.,0.));
#8948=DIRECTION('',(1.,0.,0.));
#8949=DIRECTION('',(0.,-1.,0.));
#8950=DIRECTION('',(0.,0.,1.));
#8951=DIRECTION('',(0.,1.,0.));
#8952=DIRECTION('',(1.,0.,0.));
#8953=DIRECTION('',(0.,-1.,0.));
#8954=DIRECTION('',(0.,-1.,0.));
#8955=DIRECTION('',(0.,-1.,0.));
#8956=DIRECTION('',(0.,-1.,0.));
#8957=DIRECTION('',(0.585739200896846,0.,-0.810499591938654));
#8958=DIRECTION('',(-0.810499591938654,0.,-0.585739200896846));
#8959=DIRECTION('',(0.810499591938654,0.,0.585739200896846));
#8960=DIRECTION('',(0.,-1.,0.));
#8961=DIRECTION('',(0.,-1.,0.));
#8962=DIRECTION('',(0.,-1.,0.));
#8963=DIRECTION('',(0.948780808687582,0.,-0.315935083626587));
#8964=DIRECTION('',(0.,-1.,0.));
#8965=DIRECTION('',(0.,0.,-1.));
#8966=DIRECTION('',(0.,-1.,0.));
#8967=DIRECTION('',(0.,0.,-1.));
#8968=DIRECTION('',(0.,1.,0.));
#8969=DIRECTION('',(1.,0.,0.));
#8970=DIRECTION('',(0.,-1.,0.));
#8971=DIRECTION('',(0.,-1.,0.));
#8972=DIRECTION('',(0.,-1.,0.));
#8973=DIRECTION('',(0.,-1.,0.));
#8974=DIRECTION('',(0.,-1.,0.));
#8975=DIRECTION('',(-0.944480392319897,0.,0.328567783757405));
#8976=DIRECTION('',(0.,-1.,0.));
#8977=DIRECTION('',(0.,0.,-1.));
#8978=DIRECTION('',(0.,-1.,0.));
#8979=DIRECTION('',(0.,-1.,0.));
#8980=DIRECTION('',(0.,-1.,0.));
#8981=DIRECTION('',(0.,-1.,0.));
#8982=DIRECTION('',(0.,-1.,0.));
#8983=DIRECTION('',(-0.0415371545159528,0.,-0.99913695997832));
#8984=DIRECTION('',(-0.99913695997832,0.,0.0415371545159528));
#8985=DIRECTION('',(0.99913695997832,0.,-0.0415371545159528));
#8986=DIRECTION('',(0.,-1.,0.));
#8987=DIRECTION('',(0.,-1.,0.));
#8988=DIRECTION('',(0.,-1.,0.));
#8989=DIRECTION('',(0.,1.,0.));
#8990=DIRECTION('',(1.,0.,0.));
#8991=DIRECTION('',(0.,-1.,0.));
#8992=DIRECTION('',(0.,-1.,0.));
#8993=DIRECTION('',(0.,-1.,0.));
#8994=DIRECTION('',(0.,-1.,0.));
#8995=DIRECTION('',(0.,-1.,0.));
#8996=DIRECTION('',(0.,-1.,0.));
#8997=DIRECTION('',(0.,-1.,0.));
#8998=DIRECTION('',(0.,-1.,0.));
#8999=DIRECTION('',(0.,-1.,0.));
#9000=DIRECTION('',(0.,-1.,0.));
#9001=DIRECTION('',(0.,-1.,0.));
#9002=DIRECTION('',(0.,-1.,0.));
#9003=DIRECTION('',(0.,-1.,0.));
#9004=DIRECTION('',(0.,-1.,0.));
#9005=DIRECTION('',(0.,1.,0.));
#9006=DIRECTION('',(1.,0.,0.));
#9007=DIRECTION('',(0.,1.,0.));
#9008=DIRECTION('',(1.,0.,0.));
#9009=DIRECTION('',(0.,0.,-1.));
#9010=DIRECTION('',(0.,1.,0.));
#9011=DIRECTION('',(0.,-1.,0.));
#9012=DIRECTION('',(1.,0.,0.));
#9013=DIRECTION('',(0.,-1.,0.));
#9014=DIRECTION('',(-1.,0.,0.));
#9015=DIRECTION('',(0.,1.,0.));
#9016=DIRECTION('',(0.,0.,-1.));
#9017=DIRECTION('',(0.,-1.,0.));
#9018=DIRECTION('',(0.,0.,1.));
#9019=DIRECTION('',(0.,-1.,0.));
#9020=DIRECTION('',(-1.,0.,0.));
#9021=DIRECTION('',(0.,-1.,0.));
#9022=DIRECTION('',(1.,0.,0.));
#9023=DIRECTION('',(0.,-1.,0.));
#9024=DIRECTION('',(0.,0.,1.));
#9025=DIRECTION('',(0.,1.,0.));
#9026=DIRECTION('',(1.,0.,0.));
#9027=DIRECTION('',(0.,-1.,0.));
#9028=DIRECTION('',(0.,-1.,0.));
#9029=DIRECTION('',(0.,-1.,0.));
#9030=DIRECTION('',(0.,-1.,0.));
#9031=DIRECTION('',(0.,-1.,0.));
#9032=DIRECTION('',(0.,-1.,0.));
#9033=DIRECTION('',(-0.0164812776019831,0.,0.999864174520023));
#9034=DIRECTION('',(0.999864174520023,0.,0.0164812776019831));
#9035=DIRECTION('',(-0.999864174520023,0.,-0.0164812776019831));
#9036=DIRECTION('',(0.,-1.,0.));
#9037=DIRECTION('',(-1.,0.,0.));
#9038=DIRECTION('',(0.,1.,0.));
#9039=DIRECTION('',(0.,0.,-1.));
#9040=DIRECTION('',(0.,-1.,0.));
#9041=DIRECTION('',(0.,-1.,0.));
#9042=DIRECTION('',(0.,-1.,0.));
#9043=DIRECTION('',(0.,-1.,0.));
#9044=DIRECTION('',(0.,-1.,0.));
#9045=DIRECTION('',(-0.0480319292187914,0.,-0.998845800799864));
#9046=DIRECTION('',(-0.998845800799864,0.,0.0480319292187914));
#9047=DIRECTION('',(0.998845800799864,0.,-0.0480319292187914));
#9048=DIRECTION('',(0.,-1.,0.));
#9049=DIRECTION('',(0.,-1.,0.));
#9050=DIRECTION('',(0.,-1.,0.));
#9051=DIRECTION('',(0.,-1.,0.));
#9052=DIRECTION('',(0.,-1.,0.));
#9053=DIRECTION('',(1.,0.,0.));
#9054=DIRECTION('',(0.,-1.,0.));
#9055=DIRECTION('',(0.,0.,1.));
#9056=DIRECTION('',(0.,-1.,0.));
#9057=DIRECTION('',(0.,-1.,0.));
#9058=DIRECTION('',(0.,-1.,0.));
#9059=DIRECTION('',(0.,-1.,0.));
#9060=DIRECTION('',(-0.0981651837440101,0.,0.99517013455012));
#9061=DIRECTION('',(0.,-1.,0.));
#9062=DIRECTION('',(0.,0.,-1.));
#9063=DIRECTION('',(0.,-1.,0.));
#9064=DIRECTION('',(1.,0.,0.));
#9065=DIRECTION('',(0.,-1.,0.));
#9066=DIRECTION('',(0.,0.,1.));
#9067=DIRECTION('',(0.,-1.,0.));
#9068=DIRECTION('',(0.23845154335816,0.,-0.971154396308904));
#9069=DIRECTION('',(-0.971154396308904,0.,-0.23845154335816));
#9070=DIRECTION('',(-0.971154396308904,0.,-0.23845154335816));
#9071=DIRECTION('',(0.,-1.,0.));
#9072=DIRECTION('',(0.,-1.,0.));
#9073=DIRECTION('',(-0.195978146864074,0.,0.980608263248747));
#9074=DIRECTION('',(1.20360839840251E-17,1.,-6.00377559456059E-17));
#9075=DIRECTION('',(-0.242009328898179,9.48887934130086E-17,0.970273922522013));
#9076=DIRECTION('',(0.,-1.,0.));
#9077=DIRECTION('',(0.,-1.,0.));
#9078=DIRECTION('',(-0.1199845646924,0.,0.992775757276322));
#9079=DIRECTION('',(0.,-1.,0.));
#9080=DIRECTION('',(0.,0.,-1.));
#9081=DIRECTION('',(0.,-1.,0.));
#9082=DIRECTION('',(0.,-1.,0.));
#9083=DIRECTION('',(-0.0417389485564555,0.,0.999128550374476));
#9084=DIRECTION('',(0.,-1.,0.));
#9085=DIRECTION('',(0.,0.,-1.));
#9086=DIRECTION('',(0.,-1.,0.));
#9087=DIRECTION('',(0.,-1.,0.));
#9088=DIRECTION('',(0.,-1.,0.));
#9089=DIRECTION('',(-1.,0.,0.));
#9090=DIRECTION('',(0.,1.,0.));
#9091=DIRECTION('',(0.,0.,-1.));
#9092=DIRECTION('',(0.,-1.,0.));
#9093=DIRECTION('',(0.,0.,-1.));
#9094=DIRECTION('',(0.,-1.,0.));
#9095=DIRECTION('',(0.0155536738668619,0.,-0.999879034298271));
#9096=DIRECTION('',(-0.999879034298271,0.,-0.0155536738668619));
#9097=DIRECTION('',(0.999879034298271,0.,0.0155536738668619));
#9098=DIRECTION('',(0.999879034298271,0.,0.0155536738668619));
#9099=DIRECTION('',(0.,-1.,0.));
#9100=DIRECTION('',(0.,-1.,0.));
#9101=DIRECTION('',(0.,-1.,0.));
#9102=DIRECTION('',(0.652081178759976,0.,-0.758149151755115));
#9103=DIRECTION('',(0.,-1.,0.));
#9104=DIRECTION('',(0.,0.,-1.));
#9105=DIRECTION('',(0.,-1.,0.));
#9106=DIRECTION('',(0.,0.,-1.));
#9107=DIRECTION('',(0.,-1.,0.));
#9108=DIRECTION('',(0.,-1.,0.));
#9109=DIRECTION('',(0.,-1.,0.));
#9110=DIRECTION('',(0.,-1.,0.));
#9111=DIRECTION('',(0.,-1.,0.));
#9112=DIRECTION('',(-0.286727480834388,0.,0.958012187675275));
#9113=DIRECTION('',(0.,-1.,0.));
#9114=DIRECTION('',(0.,0.,-1.));
#9115=DIRECTION('',(0.,-1.,0.));
#9116=DIRECTION('',(0.,0.,-1.));
#9117=DIRECTION('',(0.,-1.,0.));
#9118=DIRECTION('',(0.,-1.,0.));
#9119=DIRECTION('',(-0.756252060102984,0.,0.654280384537083));
#9120=DIRECTION('',(0.,-1.,0.));
#9121=DIRECTION('',(0.,0.,-1.));
#9122=DIRECTION('',(0.,-1.,0.));
#9123=DIRECTION('',(0.,0.,-1.));
#9124=DIRECTION('',(0.,-1.,0.));
#9125=DIRECTION('',(0.,-1.,0.));
#9126=DIRECTION('',(-0.974367636350133,0.,0.224961572792897));
#9127=DIRECTION('',(0.,-1.,0.));
#9128=DIRECTION('',(0.,0.,-1.));
#9129=DIRECTION('',(0.,-1.,0.));
#9130=DIRECTION('',(0.,0.,-1.));
#9131=DIRECTION('',(0.,0.,-1.));
#9132=DIRECTION('',(0.,1.,0.));
#9133=DIRECTION('',(1.,0.,0.));
#9134=DIRECTION('',(0.,1.,0.));
#9135=DIRECTION('',(1.,0.,0.));
#9136=DIRECTION('',(0.,1.,0.));
#9137=DIRECTION('',(1.,0.,0.));
#9138=DIRECTION('',(0.,-1.,0.));
#9139=DIRECTION('',(0.,-1.,0.));
#9140=DIRECTION('',(0.,-1.,0.));
#9141=DIRECTION('',(0.,-1.,0.));
#9142=DIRECTION('',(0.,-1.,0.));
#9143=DIRECTION('',(0.,-1.,0.));
#9144=DIRECTION('',(-0.0164812776019831,0.,0.999864174520023));
#9145=DIRECTION('',(0.999864174520023,0.,0.0164812776019831));
#9146=DIRECTION('',(-0.999864174520023,0.,-0.0164812776019831));
#9147=DIRECTION('',(0.,-1.,0.));
#9148=DIRECTION('',(-1.,0.,0.));
#9149=DIRECTION('',(0.,1.,0.));
#9150=DIRECTION('',(0.,0.,-1.));
#9151=DIRECTION('',(0.,-1.,0.));
#9152=DIRECTION('',(0.,-1.,0.));
#9153=DIRECTION('',(0.,-1.,0.));
#9154=DIRECTION('',(0.,-1.,0.));
#9155=DIRECTION('',(0.,-1.,0.));
#9156=DIRECTION('',(-0.0480319292187868,0.,-0.998845800799864));
#9157=DIRECTION('',(-0.998845800799864,0.,0.0480319292187868));
#9158=DIRECTION('',(0.998845800799864,0.,-0.0480319292187868));
#9159=DIRECTION('',(0.,-1.,0.));
#9160=DIRECTION('',(0.,-1.,0.));
#9161=DIRECTION('',(0.,-1.,0.));
#9162=DIRECTION('',(0.,-1.,0.));
#9163=DIRECTION('',(0.,-1.,0.));
#9164=DIRECTION('',(1.,0.,0.));
#9165=DIRECTION('',(0.,-1.,0.));
#9166=DIRECTION('',(0.,0.,1.));
#9167=DIRECTION('',(0.,-1.,0.));
#9168=DIRECTION('',(0.,-1.,0.));
#9169=DIRECTION('',(0.,-1.,0.));
#9170=DIRECTION('',(0.,-1.,0.));
#9171=DIRECTION('',(-0.0981651837456018,0.,0.995170134549964));
#9172=DIRECTION('',(0.,-1.,0.));
#9173=DIRECTION('',(0.,0.,-1.));
#9174=DIRECTION('',(0.,-1.,0.));
#9175=DIRECTION('',(1.,0.,0.));
#9176=DIRECTION('',(0.,-1.,0.));
#9177=DIRECTION('',(0.,0.,1.));
#9178=DIRECTION('',(0.,-1.,0.));
#9179=DIRECTION('',(0.238451543358138,0.,-0.971154396308909));
#9180=DIRECTION('',(-0.971154396308909,0.,-0.238451543358138));
#9181=DIRECTION('',(-0.971154396308909,0.,-0.238451543358138));
#9182=DIRECTION('',(0.,-1.,0.));
#9183=DIRECTION('',(0.,-1.,0.));
#9184=DIRECTION('',(-0.195978146865345,0.,0.980608263248493));
#9185=DIRECTION('',(1.20360839840257E-17,1.,-6.00377559456058E-17));
#9186=DIRECTION('',(-0.242009328898211,9.48887934130616E-17,0.970273922522005));
#9187=DIRECTION('',(0.,-1.,0.));
#9188=DIRECTION('',(0.,-1.,0.));
#9189=DIRECTION('',(-0.119984564692394,0.,0.992775757276323));
#9190=DIRECTION('',(0.,-1.,0.));
#9191=DIRECTION('',(0.,0.,-1.));
#9192=DIRECTION('',(0.,-1.,0.));
#9193=DIRECTION('',(0.,-1.,0.));
#9194=DIRECTION('',(-0.0417389485564552,0.,0.999128550374476));
#9195=DIRECTION('',(0.,-1.,0.));
#9196=DIRECTION('',(0.,0.,-1.));
#9197=DIRECTION('',(0.,-1.,0.));
#9198=DIRECTION('',(0.,-1.,0.));
#9199=DIRECTION('',(0.,-1.,0.));
#9200=DIRECTION('',(-1.,0.,0.));
#9201=DIRECTION('',(0.,1.,0.));
#9202=DIRECTION('',(0.,0.,-1.));
#9203=DIRECTION('',(0.,-1.,0.));
#9204=DIRECTION('',(0.,0.,-1.));
#9205=DIRECTION('',(0.,-1.,0.));
#9206=DIRECTION('',(0.0155536738668619,0.,-0.999879034298271));
#9207=DIRECTION('',(-0.999879034298271,0.,-0.0155536738668619));
#9208=DIRECTION('',(0.999879034298271,0.,0.0155536738668619));
#9209=DIRECTION('',(0.999879034298271,0.,0.0155536738668619));
#9210=DIRECTION('',(0.,-1.,0.));
#9211=DIRECTION('',(0.,-1.,0.));
#9212=DIRECTION('',(0.,-1.,0.));
#9213=DIRECTION('',(0.652081178759984,0.,-0.758149151755108));
#9214=DIRECTION('',(0.,-1.,0.));
#9215=DIRECTION('',(0.,0.,-1.));
#9216=DIRECTION('',(0.,-1.,0.));
#9217=DIRECTION('',(0.,0.,-1.));
#9218=DIRECTION('',(0.,-1.,0.));
#9219=DIRECTION('',(0.,-1.,0.));
#9220=DIRECTION('',(0.,-1.,0.));
#9221=DIRECTION('',(0.,-1.,0.));
#9222=DIRECTION('',(0.,-1.,0.));
#9223=DIRECTION('',(-0.286727480834436,0.,0.95801218767526));
#9224=DIRECTION('',(0.,-1.,0.));
#9225=DIRECTION('',(0.,0.,-1.));
#9226=DIRECTION('',(0.,-1.,0.));
#9227=DIRECTION('',(0.,0.,-1.));
#9228=DIRECTION('',(0.,-1.,0.));
#9229=DIRECTION('',(0.,-1.,0.));
#9230=DIRECTION('',(-0.756252060102992,0.,0.654280384537074));
#9231=DIRECTION('',(0.,-1.,0.));
#9232=DIRECTION('',(0.,0.,-1.));
#9233=DIRECTION('',(0.,-1.,0.));
#9234=DIRECTION('',(0.,0.,-1.));
#9235=DIRECTION('',(0.,-1.,0.));
#9236=DIRECTION('',(0.,-1.,0.));
#9237=DIRECTION('',(-0.974367636350134,0.,0.224961572792894));
#9238=DIRECTION('',(0.,-1.,0.));
#9239=DIRECTION('',(0.,0.,-1.));
#9240=DIRECTION('',(0.,-1.,0.));
#9241=DIRECTION('',(0.,0.,-1.));
#9242=DIRECTION('',(0.,0.,-1.));
#9243=DIRECTION('',(0.,1.,0.));
#9244=DIRECTION('',(1.,0.,0.));
#9245=DIRECTION('',(0.,1.,0.));
#9246=DIRECTION('',(1.,0.,0.));
#9247=DIRECTION('',(0.,1.,0.));
#9248=DIRECTION('',(1.,0.,0.));
#9249=DIRECTION('',(0.,0.,-1.));
#9250=DIRECTION('',(0.,1.,0.));
#9251=DIRECTION('',(0.,-1.,0.));
#9252=DIRECTION('',(1.,0.,0.));
#9253=DIRECTION('',(0.,-1.,0.));
#9254=DIRECTION('',(0.,-1.,0.));
#9255=DIRECTION('',(0.,-1.,0.));
#9256=DIRECTION('',(0.998690025768209,0.,0.0511686664971169));
#9257=DIRECTION('',(0.,-1.,0.));
#9258=DIRECTION('',(0.,0.,-1.));
#9259=DIRECTION('',(0.,-1.,0.));
#9260=DIRECTION('',(0.,0.,-1.));
#9261=DIRECTION('',(0.,1.,0.));
#9262=DIRECTION('',(1.,0.,0.));
#9263=DIRECTION('',(0.,-1.,0.));
#9264=DIRECTION('',(0.,-1.,0.));
#9265=DIRECTION('',(0.,-1.,0.));
#9266=DIRECTION('',(0.,-1.,0.));
#9267=DIRECTION('',(0.,-1.,0.));
#9268=DIRECTION('',(0.,-1.,0.));
#9269=DIRECTION('',(0.,-1.,0.));
#9270=DIRECTION('',(0.,-1.,0.));
#9271=DIRECTION('',(0.,0.,1.));
#9272=DIRECTION('',(0.,-1.,0.));
#9273=DIRECTION('',(-1.,0.,0.));
#9274=DIRECTION('',(0.,-1.,0.));
#9275=DIRECTION('',(-0.9999207562761,0.,-0.0125889303847709));
#9276=DIRECTION('',(-0.0125889303847709,0.,0.9999207562761));
#9277=DIRECTION('',(0.0125889303847709,0.,-0.9999207562761));
#9278=DIRECTION('',(0.,-1.,0.));
#9279=DIRECTION('',(-1.,0.,0.));
#9280=DIRECTION('',(0.,1.,0.));
#9281=DIRECTION('',(0.,0.,-1.));
#9282=DIRECTION('',(0.,-1.,0.));
#9283=DIRECTION('',(0.,0.,1.));
#9284=DIRECTION('',(0.,-1.,0.));
#9285=DIRECTION('',(-1.,0.,0.));
#9286=DIRECTION('',(0.,-1.,0.));
#9287=DIRECTION('',(1.,0.,0.));
#9288=DIRECTION('',(0.,-1.,0.));
#9289=DIRECTION('',(0.,0.,1.));
#9290=DIRECTION('',(0.,-1.,0.));
#9291=DIRECTION('',(0.,-1.,0.));
#9292=DIRECTION('',(0.,-1.,0.));
#9293=DIRECTION('',(0.,-1.,0.));
#9294=DIRECTION('',(0.,-1.,0.));
#9295=DIRECTION('',(0.,-1.,0.));
#9296=DIRECTION('',(0.,-1.,0.));
#9297=DIRECTION('',(0.,-1.,0.));
#9298=DIRECTION('',(0.,-1.,0.));
#9299=DIRECTION('',(0.999474444602864,0.,0.0324165788724963));
#9300=DIRECTION('',(0.,-1.,0.));
#9301=DIRECTION('',(0.,0.,-1.));
#9302=DIRECTION('',(0.,1.,0.));
#9303=DIRECTION('',(1.,0.,0.));
#9304=DIRECTION('',(0.,1.,0.));
#9305=DIRECTION('',(1.,0.,0.));
#9306=DIRECTION('',(0.967196708679814,0.,-0.2540285942939));
#9307=DIRECTION('',(-0.2540285942939,0.,-0.967196708679814));
#9308=DIRECTION('',(0.,-1.,0.));
#9309=DIRECTION('',(0.2540285942939,0.,0.967196708679814));
#9310=DIRECTION('',(0.,-1.,0.));
#9311=DIRECTION('',(0.,0.,-1.));
#9312=DIRECTION('',(0.,1.,0.));
#9313=DIRECTION('',(1.,0.,0.));
#9314=DIRECTION('',(0.,-1.,0.));
#9315=DIRECTION('',(-0.967751637807773,0.,-0.251906267330476));
#9316=DIRECTION('',(-0.251906267330476,0.,0.967751637807773));
#9317=DIRECTION('',(0.251906267330476,0.,-0.967751637807773));
#9318=DIRECTION('',(0.,-1.,0.));
#9319=DIRECTION('',(0.,-1.,0.));
#9320=DIRECTION('',(0.973943738839119,0.,-0.226789756329685));
#9321=DIRECTION('',(-0.226789756329685,0.,-0.973943738839119));
#9322=DIRECTION('',(0.226789756329685,0.,0.973943738839119));
#9323=DIRECTION('',(0.,-1.,0.));
#9324=DIRECTION('',(0.966732590520698,0.,-0.255789167919872));
#9325=DIRECTION('',(-0.255789167919872,0.,-0.966732590520698));
#9326=DIRECTION('',(0.255789167919872,0.,0.966732590520698));
#9327=DIRECTION('',(0.,-1.,0.));
#9328=DIRECTION('',(0.,0.,-1.));
#9329=DIRECTION('',(0.,1.,0.));
#9330=DIRECTION('',(1.,0.,0.));
#9331=DIRECTION('',(0.,-1.,0.));
#9332=DIRECTION('',(-0.968105012619164,0.,-0.250544775522558));
#9333=DIRECTION('',(-0.250544775522558,0.,0.968105012619164));
#9334=DIRECTION('',(0.250544775522558,0.,-0.968105012619164));
#9335=DIRECTION('',(0.,-1.,0.));
#9336=DIRECTION('',(0.,0.,1.));
#9337=DIRECTION('',(0.,-1.,0.));
#9338=DIRECTION('',(-1.,0.,0.));
#9339=DIRECTION('',(0.,-1.,0.));
#9340=DIRECTION('',(0.977547026198163,0.,0.210717373681262));
#9341=DIRECTION('',(0.210717373681262,0.,-0.977547026198163));
#9342=DIRECTION('',(-0.210717373681262,0.,0.977547026198163));
#9343=DIRECTION('',(0.,-1.,0.));
#9344=DIRECTION('',(-0.983112247036674,0.,0.183003578452724));
#9345=DIRECTION('',(0.183003578452724,0.,0.983112247036674));
#9346=DIRECTION('',(-0.183003578452724,0.,-0.983112247036674));
#9347=DIRECTION('',(0.,-1.,0.));
#9348=DIRECTION('',(-0.97803643588717,0.,0.208433994533335));
#9349=DIRECTION('',(0.208433994533335,0.,0.97803643588717));
#9350=DIRECTION('',(-0.208433994533335,0.,-0.97803643588717));
#9351=DIRECTION('',(0.,-1.,0.));
#9352=DIRECTION('',(-0.965976251320716,0.,0.258630782940425));
#9353=DIRECTION('',(0.258630782940425,0.,0.965976251320716));
#9354=DIRECTION('',(-0.258630782940425,0.,-0.965976251320716));
#9355=DIRECTION('',(0.,-1.,0.));
#9356=DIRECTION('',(0.,0.,1.));
#9357=DIRECTION('',(0.,-1.,0.));
#9358=DIRECTION('',(-1.,0.,0.));
#9359=DIRECTION('',(0.,-1.,0.));
#9360=DIRECTION('',(0.967539661861806,0.,0.252719217164708));
#9361=DIRECTION('',(0.252719217164708,0.,-0.967539661861806));
#9362=DIRECTION('',(-0.252719217164708,0.,0.967539661861806));
#9363=DIRECTION('',(0.,-1.,0.));
#9364=DIRECTION('',(0.,-1.,0.));
#9365=DIRECTION('',(-0.9779411440759,0.,0.208880632715241));
#9366=DIRECTION('',(0.208880632715241,0.,0.9779411440759));
#9367=DIRECTION('',(-0.208880632715241,0.,-0.9779411440759));
#9368=DIRECTION('',(0.,-1.,0.));
#9369=DIRECTION('',(-0.975773043625312,0.,0.218785208216173));
#9370=DIRECTION('',(0.218785208216173,0.,0.975773043625313));
#9371=DIRECTION('',(-0.218785208216173,0.,-0.975773043625312));
#9372=DIRECTION('',(0.,-1.,0.));
#9373=DIRECTION('',(0.,0.,1.));
#9374=DIRECTION('',(0.,-1.,0.));
#9375=DIRECTION('',(-1.,0.,0.));
#9376=DIRECTION('',(0.,1.,0.));
#9377=DIRECTION('',(1.,0.,0.));
#9378=DIRECTION('',(0.,0.,1.));
#9379=DIRECTION('',(0.,-1.,0.));
#9380=DIRECTION('',(0.,-1.,0.));
#9381=DIRECTION('',(-1.,0.,0.));
#9382=DIRECTION('',(0.,-1.,0.));
#9383=DIRECTION('',(1.,0.,0.));
#9384=DIRECTION('',(0.,-1.,0.));
#9385=DIRECTION('',(0.,0.,1.));
#9386=DIRECTION('',(0.,-1.,0.));
#9387=DIRECTION('',(0.,-1.,0.));
#9388=DIRECTION('',(0.,-1.,0.));
#9389=DIRECTION('',(0.,-1.,0.));
#9390=DIRECTION('',(-1.,0.,0.));
#9391=DIRECTION('',(0.,1.,0.));
#9392=DIRECTION('',(0.,0.,-1.));
#9393=DIRECTION('',(0.,-1.,0.));
#9394=DIRECTION('',(0.,0.,1.));
#9395=DIRECTION('',(0.,-1.,0.));
#9396=DIRECTION('',(-1.,0.,0.));
#9397=DIRECTION('',(0.,-1.,0.));
#9398=DIRECTION('',(1.,0.,0.));
#9399=DIRECTION('',(0.,-1.,0.));
#9400=DIRECTION('',(0.,0.,1.));
#9401=DIRECTION('',(0.,-1.,0.));
#9402=DIRECTION('',(0.,-1.,0.));
#9403=DIRECTION('',(0.,0.,-1.));
#9404=DIRECTION('',(0.,1.,0.));
#9405=DIRECTION('',(1.,0.,0.));
#9406=DIRECTION('',(0.,-1.,0.));
#9407=DIRECTION('',(0.,-1.,0.));
#9408=DIRECTION('',(0.,0.,-1.));
#9409=DIRECTION('',(0.,1.,0.));
#9410=DIRECTION('',(1.,0.,0.));
#9411=DIRECTION('',(0.,-1.,0.));
#9412=DIRECTION('',(0.,-1.,0.));
#9413=DIRECTION('',(0.,-1.,0.));
#9414=DIRECTION('',(0.,-1.,0.));
#9415=DIRECTION('',(0.,-1.,0.));
#9416=DIRECTION('',(-1.,0.,0.));
#9417=DIRECTION('',(0.,1.,0.));
#9418=DIRECTION('',(0.,0.,-1.));
#9419=DIRECTION('',(0.,1.,0.));
#9420=DIRECTION('',(1.,0.,0.));
#9421=DIRECTION('',(0.,0.,-1.));
#9422=DIRECTION('',(0.,1.,0.));
#9423=DIRECTION('',(0.,-1.,0.));
#9424=DIRECTION('',(1.,0.,0.));
#9425=DIRECTION('',(0.,-1.,0.));
#9426=DIRECTION('',(-1.,0.,0.));
#9427=DIRECTION('',(0.,1.,0.));
#9428=DIRECTION('',(0.,0.,-1.));
#9429=DIRECTION('',(0.,-1.,0.));
#9430=DIRECTION('',(-0.800496975155198,0.,0.599336794104433));
#9431=DIRECTION('',(0.599336794104433,0.,0.800496975155198));
#9432=DIRECTION('',(-0.599336794104433,0.,-0.800496975155198));
#9433=DIRECTION('',(0.,-1.,0.));
#9434=DIRECTION('',(0.,0.,-1.));
#9435=DIRECTION('',(0.,1.,0.));
#9436=DIRECTION('',(1.,0.,0.));
#9437=DIRECTION('',(0.,-1.,0.));
#9438=DIRECTION('',(-1.,0.,0.));
#9439=DIRECTION('',(0.,1.,0.));
#9440=DIRECTION('',(0.,0.,-1.));
#9441=DIRECTION('',(0.,-1.,0.));
#9442=DIRECTION('',(0.,0.,1.));
#9443=DIRECTION('',(0.,-1.,0.));
#9444=DIRECTION('',(-1.,0.,0.));
#9445=DIRECTION('',(0.,-1.,0.));
#9446=DIRECTION('',(1.,0.,0.));
#9447=DIRECTION('',(0.,-1.,0.));
#9448=DIRECTION('',(0.,0.,1.));
#9449=DIRECTION('',(0.,-1.,0.));
#9450=DIRECTION('',(0.800363654603782,0.,-0.599514820825372));
#9451=DIRECTION('',(-0.599514820825372,0.,-0.800363654603782));
#9452=DIRECTION('',(0.599514820825372,0.,0.800363654603782));
#9453=DIRECTION('',(0.,-1.,0.));
#9454=DIRECTION('',(0.,0.,1.));
#9455=DIRECTION('',(0.,-1.,0.));
#9456=DIRECTION('',(-1.,0.,0.));
#9457=DIRECTION('',(0.,-1.,0.));
#9458=DIRECTION('',(1.,0.,0.));
#9459=DIRECTION('',(0.,-1.,0.));
#9460=DIRECTION('',(0.,0.,1.));
#9461=DIRECTION('',(0.,1.,0.));
#9462=DIRECTION('',(1.,0.,0.));
#9463=DIRECTION('',(0.,0.,-1.));
#9464=DIRECTION('',(0.,1.,0.));
#9465=DIRECTION('',(0.,-1.,0.));
#9466=DIRECTION('',(1.,0.,0.));
#9467=DIRECTION('',(0.,-1.,0.));
#9468=DIRECTION('',(-1.,0.,0.));
#9469=DIRECTION('',(0.,1.,0.));
#9470=DIRECTION('',(0.,0.,-1.));
#9471=DIRECTION('',(0.,-1.,0.));
#9472=DIRECTION('',(-0.800496975155198,0.,0.599336794104432));
#9473=DIRECTION('',(0.599336794104432,0.,0.800496975155198));
#9474=DIRECTION('',(-0.599336794104432,0.,-0.800496975155198));
#9475=DIRECTION('',(0.,-1.,0.));
#9476=DIRECTION('',(0.,0.,-1.));
#9477=DIRECTION('',(0.,1.,0.));
#9478=DIRECTION('',(1.,0.,0.));
#9479=DIRECTION('',(0.,-1.,0.));
#9480=DIRECTION('',(-1.,0.,0.));
#9481=DIRECTION('',(0.,1.,0.));
#9482=DIRECTION('',(0.,0.,-1.));
#9483=DIRECTION('',(0.,-1.,0.));
#9484=DIRECTION('',(0.,0.,1.));
#9485=DIRECTION('',(0.,-1.,0.));
#9486=DIRECTION('',(-1.,0.,0.));
#9487=DIRECTION('',(0.,-1.,0.));
#9488=DIRECTION('',(1.,0.,0.));
#9489=DIRECTION('',(0.,-1.,0.));
#9490=DIRECTION('',(0.,0.,1.));
#9491=DIRECTION('',(0.,-1.,0.));
#9492=DIRECTION('',(0.800363654603783,0.,-0.599514820825371));
#9493=DIRECTION('',(-0.599514820825371,0.,-0.800363654603783));
#9494=DIRECTION('',(0.599514820825371,0.,0.800363654603783));
#9495=DIRECTION('',(0.,-1.,0.));
#9496=DIRECTION('',(0.,0.,1.));
#9497=DIRECTION('',(0.,-1.,0.));
#9498=DIRECTION('',(-1.,0.,0.));
#9499=DIRECTION('',(0.,-1.,0.));
#9500=DIRECTION('',(1.,0.,0.));
#9501=DIRECTION('',(0.,-1.,0.));
#9502=DIRECTION('',(0.,0.,1.));
#9503=DIRECTION('',(0.,1.,0.));
#9504=DIRECTION('',(1.,0.,0.));
#9505=DIRECTION('',(0.,0.,1.));
#9506=DIRECTION('',(0.,-1.,0.));
#9507=DIRECTION('',(0.,-1.,0.));
#9508=DIRECTION('',(-1.,0.,0.));
#9509=DIRECTION('',(0.,-1.,0.));
#9510=DIRECTION('',(0.,-1.,0.));
#9511=DIRECTION('',(0.,-1.,0.));
#9512=DIRECTION('',(0.,-1.,0.));
#9513=DIRECTION('',(0.,-1.,0.));
#9514=DIRECTION('',(1.,0.,0.));
#9515=DIRECTION('',(0.,-1.,0.));
#9516=DIRECTION('',(0.,0.,1.));
#9517=DIRECTION('',(0.,-1.,0.));
#9518=DIRECTION('',(0.,0.,-1.));
#9519=DIRECTION('',(0.,1.,0.));
#9520=DIRECTION('',(1.,0.,0.));
#9521=DIRECTION('',(0.,-1.,0.));
#9522=DIRECTION('',(-1.,0.,0.));
#9523=DIRECTION('',(0.,1.,0.));
#9524=DIRECTION('',(0.,0.,-1.));
#9525=DIRECTION('',(0.,-1.,0.));
#9526=DIRECTION('',(0.,-1.,0.));
#9527=DIRECTION('',(0.,-1.,0.));
#9528=DIRECTION('',(0.,-1.,0.));
#9529=DIRECTION('',(1.,0.,0.));
#9530=DIRECTION('',(0.,-1.,0.));
#9531=DIRECTION('',(0.,0.,1.));
#9532=DIRECTION('',(0.,-1.,0.));
#9533=DIRECTION('',(0.,0.,-1.));
#9534=DIRECTION('',(0.,1.,0.));
#9535=DIRECTION('',(1.,0.,0.));
#9536=DIRECTION('',(0.,-1.,0.));
#9537=DIRECTION('',(-1.,0.,0.));
#9538=DIRECTION('',(0.,1.,0.));
#9539=DIRECTION('',(0.,0.,-1.));
#9540=DIRECTION('',(0.,-1.,0.));
#9541=DIRECTION('',(0.,0.,1.));
#9542=DIRECTION('',(0.,-1.,0.));
#9543=DIRECTION('',(-1.,0.,0.));
#9544=DIRECTION('',(0.,-1.,0.));
#9545=DIRECTION('',(1.,0.,0.));
#9546=DIRECTION('',(0.,-1.,0.));
#9547=DIRECTION('',(0.,0.,1.));
#9548=DIRECTION('',(0.,-1.,0.));
#9549=DIRECTION('',(0.,-1.,0.));
#9550=DIRECTION('',(-0.999285428527414,0.,0.0377972529793263));
#9551=DIRECTION('',(0.,-1.,0.));
#9552=DIRECTION('',(0.,0.,-1.));
#9553=DIRECTION('',(0.,1.,0.));
#9554=DIRECTION('',(1.,0.,0.));
#9555=DIRECTION('',(0.999470601626225,0.,-0.0325348503133542));
#9556=DIRECTION('',(-0.0325348503133542,0.,-0.999470601626225));
#9557=DIRECTION('',(0.,-1.,0.));
#9558=DIRECTION('',(0.0325348503133542,0.,0.999470601626225));
#9559=DIRECTION('',(0.,-1.,0.));
#9560=DIRECTION('',(0.,0.,-1.));
#9561=DIRECTION('',(0.,1.,0.));
#9562=DIRECTION('',(1.,0.,0.));
#9563=DIRECTION('',(0.,-1.,0.));
#9564=DIRECTION('',(-0.999470601626225,0.,-0.0325348503133542));
#9565=DIRECTION('',(-0.0325348503133542,0.,0.999470601626225));
#9566=DIRECTION('',(0.0325348503133542,0.,-0.999470601626225));
#9567=DIRECTION('',(0.,-1.,0.));
#9568=DIRECTION('',(0.,0.,1.));
#9569=DIRECTION('',(0.,-1.,0.));
#9570=DIRECTION('',(-1.,0.,0.));
#9571=DIRECTION('',(0.,1.,0.));
#9572=DIRECTION('',(1.,0.,0.));
#9573=DIRECTION('',(0.,0.,-1.));
#9574=DIRECTION('',(0.,1.,0.));
#9575=DIRECTION('',(0.,-1.,0.));
#9576=DIRECTION('',(1.,0.,0.));
#9577=DIRECTION('',(0.,-1.,0.));
#9578=DIRECTION('',(-1.,0.,0.));
#9579=DIRECTION('',(0.,1.,0.));
#9580=DIRECTION('',(0.,0.,-1.));
#9581=DIRECTION('',(0.,-1.,0.));
#9582=DIRECTION('',(0.,0.,1.));
#9583=DIRECTION('',(0.,-1.,0.));
#9584=DIRECTION('',(-1.,0.,0.));
#9585=DIRECTION('',(0.,-1.,0.));
#9586=DIRECTION('',(1.,0.,0.));
#9587=DIRECTION('',(0.,-1.,0.));
#9588=DIRECTION('',(0.,0.,1.));
#9589=DIRECTION('',(0.,1.,0.));
#9590=DIRECTION('',(1.,0.,0.));
#9591=DIRECTION('',(0.,-1.,0.));
#9592=DIRECTION('',(0.,-1.,0.));
#9593=DIRECTION('',(0.,-1.,0.));
#9594=DIRECTION('',(0.,-1.,0.));
#9595=DIRECTION('',(0.,-1.,0.));
#9596=DIRECTION('',(0.,-1.,0.));
#9597=DIRECTION('',(-0.0164812776019774,0.,0.999864174520023));
#9598=DIRECTION('',(0.999864174520023,0.,0.0164812776019774));
#9599=DIRECTION('',(-0.999864174520023,0.,-0.0164812776019774));
#9600=DIRECTION('',(0.,-1.,0.));
#9601=DIRECTION('',(-1.,0.,0.));
#9602=DIRECTION('',(0.,1.,0.));
#9603=DIRECTION('',(0.,0.,-1.));
#9604=DIRECTION('',(0.,-1.,0.));
#9605=DIRECTION('',(0.,-1.,0.));
#9606=DIRECTION('',(0.,-1.,0.));
#9607=DIRECTION('',(0.,-1.,0.));
#9608=DIRECTION('',(0.,-1.,0.));
#9609=DIRECTION('',(-0.0480319292187914,0.,-0.998845800799864));
#9610=DIRECTION('',(-0.998845800799864,0.,0.0480319292187914));
#9611=DIRECTION('',(0.998845800799864,0.,-0.0480319292187914));
#9612=DIRECTION('',(0.,-1.,0.));
#9613=DIRECTION('',(0.,-1.,0.));
#9614=DIRECTION('',(0.,-1.,0.));
#9615=DIRECTION('',(0.,-1.,0.));
#9616=DIRECTION('',(0.,-1.,0.));
#9617=DIRECTION('',(1.,0.,0.));
#9618=DIRECTION('',(0.,-1.,0.));
#9619=DIRECTION('',(0.,0.,1.));
#9620=DIRECTION('',(0.,-1.,0.));
#9621=DIRECTION('',(0.,-1.,0.));
#9622=DIRECTION('',(0.,-1.,0.));
#9623=DIRECTION('',(0.,-1.,0.));
#9624=DIRECTION('',(-0.098165183744118,0.,0.99517013455011));
#9625=DIRECTION('',(0.,-1.,0.));
#9626=DIRECTION('',(0.,0.,-1.));
#9627=DIRECTION('',(0.,-1.,0.));
#9628=DIRECTION('',(1.,0.,0.));
#9629=DIRECTION('',(0.,-1.,0.));
#9630=DIRECTION('',(0.,0.,1.));
#9631=DIRECTION('',(0.,-1.,2.26009687155835E-26));
#9632=DIRECTION('',(0.238451543358228,-2.19490301289786E-26,-0.971154396308887));
#9633=DIRECTION('',(-0.971154396308887,1.46743119894291E-33,-0.238451543358228));
#9634=DIRECTION('',(-0.971154396308887,1.46743119894291E-33,-0.238451543358228));
#9635=DIRECTION('',(0.,-1.,0.));
#9636=DIRECTION('',(0.,-1.,0.));
#9637=DIRECTION('',(-0.195978146864189,0.,0.980608263248724));
#9638=DIRECTION('',(0.,-1.,0.));
#9639=DIRECTION('',(0.,0.,-1.));
#9640=DIRECTION('',(0.,-1.,0.));
#9641=DIRECTION('',(0.,-1.,0.));
#9642=DIRECTION('',(-0.119984564692911,0.,0.992775757276261));
#9643=DIRECTION('',(0.,-1.,0.));
#9644=DIRECTION('',(0.,0.,-1.));
#9645=DIRECTION('',(0.,-1.,0.));
#9646=DIRECTION('',(0.,-1.,0.));
#9647=DIRECTION('',(-0.0417389485565789,0.,0.999128550374471));
#9648=DIRECTION('',(0.,-1.,0.));
#9649=DIRECTION('',(0.,0.,-1.));
#9650=DIRECTION('',(0.,-1.,0.));
#9651=DIRECTION('',(0.,-1.,0.));
#9652=DIRECTION('',(0.,-1.,0.));
#9653=DIRECTION('',(-1.,0.,0.));
#9654=DIRECTION('',(0.,1.,0.));
#9655=DIRECTION('',(0.,0.,-1.));
#9656=DIRECTION('',(0.,-1.,0.));
#9657=DIRECTION('',(0.,0.,-1.));
#9658=DIRECTION('',(0.,-1.,0.));
#9659=DIRECTION('',(0.0155536738668629,0.,-0.999879034298271));
#9660=DIRECTION('',(-0.999879034298271,0.,-0.0155536738668629));
#9661=DIRECTION('',(0.999879034298271,0.,0.0155536738668629));
#9662=DIRECTION('',(0.999879034298271,0.,0.0155536738668629));
#9663=DIRECTION('',(0.,-1.,0.));
#9664=DIRECTION('',(0.,-1.,0.));
#9665=DIRECTION('',(0.,-1.,0.));
#9666=DIRECTION('',(0.652081178758951,0.,-0.758149151755997));
#9667=DIRECTION('',(0.,-1.,0.));
#9668=DIRECTION('',(0.,0.,-1.));
#9669=DIRECTION('',(0.,-1.,0.));
#9670=DIRECTION('',(0.,0.,-1.));
#9671=DIRECTION('',(0.,-1.,0.));
#9672=DIRECTION('',(0.,-1.,0.));
#9673=DIRECTION('',(0.,-1.,0.));
#9674=DIRECTION('',(0.,-1.,0.));
#9675=DIRECTION('',(0.,-1.,0.));
#9676=DIRECTION('',(-0.286727480834428,0.,0.958012187675263));
#9677=DIRECTION('',(0.,-1.,0.));
#9678=DIRECTION('',(0.,0.,-1.));
#9679=DIRECTION('',(0.,-1.,0.));
#9680=DIRECTION('',(0.,0.,-1.));
#9681=DIRECTION('',(0.,-1.,0.));
#9682=DIRECTION('',(0.,-1.,0.));
#9683=DIRECTION('',(0.,-1.,0.));
#9684=DIRECTION('',(-0.97436763635013,0.,0.224961572792912));
#9685=DIRECTION('',(0.,-1.,0.));
#9686=DIRECTION('',(0.,0.,-1.));
#9687=DIRECTION('',(0.,-1.,0.));
#9688=DIRECTION('',(0.,0.,-1.));
#9689=DIRECTION('',(0.,0.,-1.));
#9690=DIRECTION('',(0.,1.,0.));
#9691=DIRECTION('',(1.,0.,0.));
#9692=DIRECTION('',(0.,1.,0.));
#9693=DIRECTION('',(1.,0.,0.));
#9694=DIRECTION('',(0.,1.,0.));
#9695=DIRECTION('',(1.,0.,0.));
#9696=DIRECTION('',(0.967196708679814,0.,-0.2540285942939));
#9697=DIRECTION('',(-0.2540285942939,0.,-0.967196708679814));
#9698=DIRECTION('',(0.,-1.,0.));
#9699=DIRECTION('',(0.2540285942939,0.,0.967196708679814));
#9700=DIRECTION('',(0.,-1.,0.));
#9701=DIRECTION('',(0.,0.,-1.));
#9702=DIRECTION('',(0.,1.,0.));
#9703=DIRECTION('',(1.,0.,0.));
#9704=DIRECTION('',(0.,-1.,0.));
#9705=DIRECTION('',(-0.967751637807773,0.,-0.251906267330477));
#9706=DIRECTION('',(-0.251906267330477,0.,0.967751637807773));
#9707=DIRECTION('',(0.251906267330477,0.,-0.967751637807773));
#9708=DIRECTION('',(0.,-1.,0.));
#9709=DIRECTION('',(0.,-1.,0.));
#9710=DIRECTION('',(0.97394373883912,0.,-0.226789756329682));
#9711=DIRECTION('',(-0.226789756329682,0.,-0.97394373883912));
#9712=DIRECTION('',(0.226789756329682,0.,0.97394373883912));
#9713=DIRECTION('',(0.,-1.,0.));
#9714=DIRECTION('',(0.966732590520698,0.,-0.255789167919873));
#9715=DIRECTION('',(-0.255789167919873,0.,-0.966732590520698));
#9716=DIRECTION('',(0.255789167919873,0.,0.966732590520698));
#9717=DIRECTION('',(0.,-1.,0.));
#9718=DIRECTION('',(0.,0.,-1.));
#9719=DIRECTION('',(0.,1.,0.));
#9720=DIRECTION('',(1.,0.,0.));
#9721=DIRECTION('',(0.,-1.,0.));
#9722=DIRECTION('',(-0.968105012619164,0.,-0.250544775522557));
#9723=DIRECTION('',(-0.250544775522557,0.,0.968105012619164));
#9724=DIRECTION('',(0.250544775522557,0.,-0.968105012619164));
#9725=DIRECTION('',(0.,-1.,0.));
#9726=DIRECTION('',(0.,0.,1.));
#9727=DIRECTION('',(0.,-1.,0.));
#9728=DIRECTION('',(-1.,0.,0.));
#9729=DIRECTION('',(0.,-1.,0.));
#9730=DIRECTION('',(0.977547026198163,0.,0.21071737368126));
#9731=DIRECTION('',(0.21071737368126,0.,-0.977547026198163));
#9732=DIRECTION('',(-0.21071737368126,0.,0.977547026198163));
#9733=DIRECTION('',(0.,-1.,0.));
#9734=DIRECTION('',(-0.983112247036677,0.,0.183003578452707));
#9735=DIRECTION('',(0.183003578452707,0.,0.983112247036677));
#9736=DIRECTION('',(-0.183003578452707,0.,-0.983112247036677));
#9737=DIRECTION('',(0.,-1.,0.));
#9738=DIRECTION('',(-0.97803643588717,0.,0.208433994533332));
#9739=DIRECTION('',(0.208433994533332,0.,0.978036435887171));
#9740=DIRECTION('',(-0.208433994533332,0.,-0.97803643588717));
#9741=DIRECTION('',(0.,-1.,0.));
#9742=DIRECTION('',(-0.965976251320716,0.,0.258630782940423));
#9743=DIRECTION('',(0.258630782940423,0.,0.965976251320716));
#9744=DIRECTION('',(-0.258630782940423,0.,-0.965976251320716));
#9745=DIRECTION('',(0.,-1.,0.));
#9746=DIRECTION('',(0.,0.,1.));
#9747=DIRECTION('',(0.,-1.,0.));
#9748=DIRECTION('',(-1.,0.,0.));
#9749=DIRECTION('',(0.,-1.,0.));
#9750=DIRECTION('',(0.967539661861806,0.,0.252719217164709));
#9751=DIRECTION('',(0.252719217164709,0.,-0.967539661861806));
#9752=DIRECTION('',(-0.252719217164709,0.,0.967539661861806));
#9753=DIRECTION('',(0.,-1.,0.));
#9754=DIRECTION('',(0.,-1.,0.));
#9755=DIRECTION('',(-0.9779411440759,0.,0.208880632715241));
#9756=DIRECTION('',(0.208880632715242,0.,0.9779411440759));
#9757=DIRECTION('',(-0.208880632715241,0.,-0.9779411440759));
#9758=DIRECTION('',(0.,-1.,0.));
#9759=DIRECTION('',(-0.975773043625313,0.,0.218785208216173));
#9760=DIRECTION('',(0.218785208216173,0.,0.975773043625313));
#9761=DIRECTION('',(-0.218785208216173,0.,-0.975773043625312));
#9762=DIRECTION('',(0.,-1.,0.));
#9763=DIRECTION('',(0.,0.,1.));
#9764=DIRECTION('',(0.,-1.,0.));
#9765=DIRECTION('',(-1.,0.,0.));
#9766=DIRECTION('',(0.,1.,0.));
#9767=DIRECTION('',(1.,0.,0.));
#9768=CARTESIAN_POINT('',(0.,0.,0.));
#9769=CARTESIAN_POINT('',(0.000225735747814176,0.,-0.0121241573560238));
#9770=CARTESIAN_POINT('',(-0.0155440136458802,0.,0.0141473301136609));
#9771=CARTESIAN_POINT('',(-0.0144373119482246,0.,0.0161447917143076));
#9772=CARTESIAN_POINT('',(-0.012205913403358,0.,0.0161447917143076));
#9773=CARTESIAN_POINT('',(-0.0155440136458802,0.,0.0141473301136609));
#9774=CARTESIAN_POINT('',(-0.012205913403358,0.,0.0161447917143076));
#9775=CARTESIAN_POINT('',(-0.012205913403358,0.,0.0161447917143076));
#9776=CARTESIAN_POINT('',(-0.0107363095230023,0.,0.0161447917143076));
#9777=CARTESIAN_POINT('',(-0.00991153183504758,0.,0.0153425079632972));
#9778=CARTESIAN_POINT('',(-0.00991153183504758,0.,0.0153425079632972));
#9779=CARTESIAN_POINT('',(-0.00991153183504758,0.,0.0153425079632972));
#9780=CARTESIAN_POINT('',(-0.00908675414709285,0.,0.0145402242122866));
#9781=CARTESIAN_POINT('',(-0.00908675414709285,0.,0.0130886154814863));
#9782=CARTESIAN_POINT('',(-0.00908675414709285,0.,0.0130886154814863));
#9783=CARTESIAN_POINT('',(-0.00908675414709285,0.,0.0130886154814863));
#9784=CARTESIAN_POINT('',(-0.00908675414709285,0.,0.0115140398953909));
#9785=CARTESIAN_POINT('',(-0.0101124776717493,0.,0.0106892622074362));
#9786=CARTESIAN_POINT('',(-0.0101124776717493,0.,0.0106892622074362));
#9787=CARTESIAN_POINT('',(-0.0101124776717493,0.,0.0106892622074362));
#9788=CARTESIAN_POINT('',(-0.0111382011964057,0.,0.00986448451948146));
#9789=CARTESIAN_POINT('',(-0.0130876757315714,0.,0.00984349017833352));
#9790=CARTESIAN_POINT('',(-0.0130876757315714,0.,0.00984349017833352));
#9791=CARTESIAN_POINT('',(-0.0141793814712642,0.,0.00982549502877815));
#9792=CARTESIAN_POINT('',(-0.015271087210957,0.,0.00980749987922278));
#9793=CARTESIAN_POINT('',(-0.015271087210957,0.,0.00954956940226239));
#9794=CARTESIAN_POINT('',(-0.015271087210957,0.,0.009291638925302));
#9795=CARTESIAN_POINT('',(-0.015271087210957,0.,0.009291638925302));
#9796=CARTESIAN_POINT('',(-0.015271087210957,0.,0.00829890650816376));
#9797=CARTESIAN_POINT('',(-0.0149246805820161,0.,0.00781603666176117));
#9798=CARTESIAN_POINT('',(-0.0149246805820161,0.,0.00781603666176117));
#9799=CARTESIAN_POINT('',(-0.0149246805820161,0.,0.00781603666176117));
#9800=CARTESIAN_POINT('',(-0.0145782739530751,0.,0.00733316681535859));
#9801=CARTESIAN_POINT('',(-0.0137894865642311,0.,0.00733316681535859));
#9802=CARTESIAN_POINT('',(-0.0137894865642311,0.,0.00733316681535859));
#9803=CARTESIAN_POINT('',(-0.0137894865642311,0.,0.00733316681535859));
#9804=CARTESIAN_POINT('',(-0.0130606830072384,0.,0.00733316681535859));
#9805=CARTESIAN_POINT('',(-0.0127172755698899,0.,0.00766607708213304));
#9806=CARTESIAN_POINT('',(-0.0127172755698899,0.,0.00766607708213304));
#9807=CARTESIAN_POINT('',(-0.0127172755698899,0.,0.00766607708213304));
#9808=CARTESIAN_POINT('',(-0.0123738681325415,0.,0.0079989873489075));
#9809=CARTESIAN_POINT('',(-0.0122898907679498,0.,0.00876678039660353));
#9810=CARTESIAN_POINT('',(-0.0122898907679498,0.,0.00876678039660354));
#9811=CARTESIAN_POINT('',(-0.0109177606143523,0.,0.00870079818156716));
#9812=CARTESIAN_POINT('',(-0.00954563046075494,0.,0.00863481596653078));
#9813=CARTESIAN_POINT('',(-0.00954563046075494,0.,0.00863481596653078));
#9814=CARTESIAN_POINT('',(-0.0097975625545302,0.,0.00715621451139739));
#9815=CARTESIAN_POINT('',(-0.0108982658690007,0.,0.00639142065529392));
#9816=CARTESIAN_POINT('',(-0.0108982658690007,0.,0.00639142065529392));
#9817=CARTESIAN_POINT('',(-0.0108982658690007,0.,0.00639142065529392));
#9818=CARTESIAN_POINT('',(-0.0119989691834712,0.,0.00562662679919044));
#9819=CARTESIAN_POINT('',(-0.0139034558447485,0.,0.00562662679919044));
#9820=CARTESIAN_POINT('',(-0.0139034558447485,0.,0.00562662679919044));
#9821=CARTESIAN_POINT('',(-0.0139034558447485,0.,0.00562662679919044));
#9822=CARTESIAN_POINT('',(-0.0158229384639886,0.,0.00562662679919044));
#9823=CARTESIAN_POINT('',(-0.0168636579466078,0.,0.00657287174664395));
#9824=CARTESIAN_POINT('',(-0.0168636579466078,0.,0.00657287174664395));
#9825=CARTESIAN_POINT('',(-0.0168636579466078,0.,0.00657287174664395));
#9826=CARTESIAN_POINT('',(-0.017904377429227,0.,0.00751911669409747));
#9827=CARTESIAN_POINT('',(-0.017904377429227,0.,0.00926464620096893));
#9828=CARTESIAN_POINT('',(-0.017904377429227,0.,0.00926464620096893));
#9829=CARTESIAN_POINT('',(-0.017904377429227,0.,0.0111106486261912));
#9830=CARTESIAN_POINT('',(-0.017904377429227,0.,0.0129566510514136));
#9831=CARTESIAN_POINT('',(-0.017904377429227,0.,0.0129566510514136));
#9832=CARTESIAN_POINT('',(-0.017904377429227,0.,0.0138084214637013));
#9833=CARTESIAN_POINT('',(-0.0180963256911511,0.,0.0141323341556981));
#9834=CARTESIAN_POINT('',(-0.0180963256911511,0.,0.0141323341556981));
#9835=CARTESIAN_POINT('',(-0.0180963256911511,0.,0.0141323341556981));
#9836=CARTESIAN_POINT('',(-0.0182882739530751,0.,0.0144562468476949));
#9837=CARTESIAN_POINT('',(-0.0187381526919594,0.,0.0144562468476949));
#9838=CARTESIAN_POINT('',(-0.0187381526919594,0.,0.0144562468476949));
#9839=CARTESIAN_POINT('',(-0.0187459481815578,0.,0.0115261431313112));
#9840=CARTESIAN_POINT('',(-0.0193199958609166,0.,0.0143993635907458));
#9841=CARTESIAN_POINT('',(-0.0193199958609166,0.,0.0151115702106698));
#9842=CARTESIAN_POINT('',(-0.0193199958609166,0.,0.0158237370927978));
#9843=CARTESIAN_POINT('',(-0.0191019625247468,0.,0.0158772717168605));
#9844=CARTESIAN_POINT('',(-0.0188985923222613,0.,0.0159272802839659));
#9845=CARTESIAN_POINT('',(-0.017899031682621,0.,0.011905724160115));
#9846=CARTESIAN_POINT('',(-0.0185237147959713,0.,0.0160023586788936));
#9847=CARTESIAN_POINT('',(-0.0175088776471699,0.,0.00923227298463725));
#9848=CARTESIAN_POINT('',(-0.0181248266320773,0.,0.0160504231259258));
#9849=CARTESIAN_POINT('',(-0.017668812585553,0.,0.0106145483377761));
#9850=CARTESIAN_POINT('',(-0.0176344501858964,0.,0.0160698119244936));
#9851=CARTESIAN_POINT('',(-0.0176344501858964,0.,0.0160698119244936));
#9852=CARTESIAN_POINT('',(-0.0166387185771656,0.,0.0160698119244936));
#9853=CARTESIAN_POINT('',(-0.016166345901337,0.,0.0155809436949059));
#9854=CARTESIAN_POINT('',(-0.016166345901337,0.,0.0155809436949059));
#9855=CARTESIAN_POINT('',(-0.016166345901337,0.,0.0155809436949059));
#9856=CARTESIAN_POINT('',(-0.0156939732255084,0.,0.0150920754653182));
#9857=CARTESIAN_POINT('',(-0.0155979990945463,0.,0.0141473301136609));
#9858=CARTESIAN_POINT('',(-0.0155979990945463,0.,0.0141473301136609));
#9859=CARTESIAN_POINT('',(-0.0155710063702133,0.,0.0141473301136609));
#9860=CARTESIAN_POINT('',(-0.0353356789652012,0.,0.00735716034809909));
#9861=CARTESIAN_POINT('',(-0.0354856385448293,0.,0.00275040206192286));
#9862=CARTESIAN_POINT('',(-0.035185719385573,0.,0.0119639186342753));
#9863=CARTESIAN_POINT('',(-0.0341075100080468,0.,0.0119639186342753));
#9864=CARTESIAN_POINT('',(-0.0330293006305205,0.,0.0119639186342753));
#9865=CARTESIAN_POINT('',(-0.0328793410508924,0.,0.00735716034809909));
#9866=CARTESIAN_POINT('',(-0.0327293814712643,0.,0.00275040206192286));
#9867=CARTESIAN_POINT('',(-0.0341075100080468,0.,0.00275040206192286));
#9868=CARTESIAN_POINT('',(-0.00376168947449787,0.,0.0159558426439762));
#9869=CARTESIAN_POINT('',(-0.0078300928698091,0.,0.0159558426439762));
#9870=CARTESIAN_POINT('',(0.00030671392081337,0.,0.0159558426439762));
#9871=CARTESIAN_POINT('',(0.00030671392081337,0.,0.0150230940586893));
#9872=CARTESIAN_POINT('',(0.000306713920813373,0.,0.0140903454734022));
#9873=CARTESIAN_POINT('',(-0.00207914299107022,0.,0.0109037044063044));
#9874=CARTESIAN_POINT('',(-0.0044649999029538,0.,0.00771706333920661));
#9875=CARTESIAN_POINT('',(-0.00227109125299423,0.,0.00771706333920661));
#9876=CARTESIAN_POINT('',(-7.71826030346451E-5,0.,0.00771706333920661));
#9877=CARTESIAN_POINT('',(-7.71826030346451E-5,0.,0.00676631960436425));
#9878=CARTESIAN_POINT('',(-7.71826030346451E-5,0.,0.00581557586952189));
#9879=CARTESIAN_POINT('',(-0.00372419957959083,0.,0.00581557586952189));
#9880=CARTESIAN_POINT('',(-0.00737121655614702,0.,0.00581557586952189));
#9881=CARTESIAN_POINT('',(-0.00737121655614702,0.,0.00675732202958656));
#9882=CARTESIAN_POINT('',(-0.00737121655614702,0.,0.00769906818965123));
#9883=CARTESIAN_POINT('',(-0.00499885600642996,0.,0.0108662145113974));
#9884=CARTESIAN_POINT('',(-0.0026264954567129,0.,0.0140333608331435));
#9885=CARTESIAN_POINT('',(-0.005228294163261,0.,0.0140333608331435));
#9886=CARTESIAN_POINT('',(-0.0078300928698091,0.,0.0140333608331435));
#9887=CARTESIAN_POINT('',(-0.0078300928698091,0.,0.0149946017385599));
#9888=CARTESIAN_POINT('',(0.0198884358286549,0.,0.00581557586952189));
#9889=CARTESIAN_POINT('',(0.0212050809377899,0.,0.00581557586952189));
#9890=CARTESIAN_POINT('',(0.01857179071952,0.,0.00581557586952189));
#9891=CARTESIAN_POINT('',(0.01857179071952,0.,0.00866030909506756));
#9892=CARTESIAN_POINT('',(0.01857179071952,0.,0.0115050423206132));
#9893=CARTESIAN_POINT('',(0.01857179071952,0.,0.0115050423206132));
#9894=CARTESIAN_POINT('',(0.01857179071952,0.,0.014174322837994));
#9895=CARTESIAN_POINT('',(0.0167722757639823,0.,0.014174322837994));
#9896=CARTESIAN_POINT('',(0.0167722757639823,0.,0.014174322837994));
#9897=CARTESIAN_POINT('',(0.0167722757639823,0.,0.014174322837994));
#9898=CARTESIAN_POINT('',(0.0158155336459549,0.,0.014174322837994));
#9899=CARTESIAN_POINT('',(0.0152306912854052,0.,0.0133540439374281));
#9900=CARTESIAN_POINT('',(0.0152306912854052,0.,0.0133540439374281));
#9901=CARTESIAN_POINT('',(0.0152306912854052,0.,0.0133540439374281));
#9902=CARTESIAN_POINT('',(0.0146458489248554,0.,0.0125337650368622));
#9903=CARTESIAN_POINT('',(0.0146458489248554,0.,0.0112501110352454));
#9904=CARTESIAN_POINT('',(0.0146458489248554,0.,0.0112501110352454));
#9905=CARTESIAN_POINT('',(0.0146458489248554,0.,0.00853284345238365));
#9906=CARTESIAN_POINT('',(0.0146458489248554,0.,0.00581557586952189));
#9907=CARTESIAN_POINT('',(0.0133277042199241,0.,0.00581557586952189));
#9908=CARTESIAN_POINT('',(0.0120095595149928,0.,0.00581557586952189));
#9909=CARTESIAN_POINT('',(0.0120095595149928,0.,0.00975201483476036));
#9910=CARTESIAN_POINT('',(0.0120095595149928,0.,0.0136884537999988));
#9911=CARTESIAN_POINT('',(0.0120095595149928,0.,0.0136884537999988));
#9912=CARTESIAN_POINT('',(0.0120095595149928,0.,0.0149811053763933));
#9913=CARTESIAN_POINT('',(0.0119345797251788,0.,0.0159558426439762));
#9914=CARTESIAN_POINT('',(0.0119345797251788,0.,0.0159558426439762));
#9915=CARTESIAN_POINT('',(0.0131912410024625,0.,0.0159558426439762));
#9916=CARTESIAN_POINT('',(0.0144479022797463,0.,0.0159558426439762));
#9917=CARTESIAN_POINT('',(0.0144479022797463,0.,0.0159558426439762));
#9918=CARTESIAN_POINT('',(0.0145588723686711,0.,0.014606206427323));
#9919=CARTESIAN_POINT('',(0.0145588723686711,0.,0.0139403858937741));
#9920=CARTESIAN_POINT('',(0.0145588723686711,0.,0.0139403858937741));
#9921=CARTESIAN_POINT('',(0.0145828659014116,0.,0.0139403858937741));
#9922=CARTESIAN_POINT('',(0.0146068594341521,0.,0.0139403858937741));
#9923=CARTESIAN_POINT('',(0.0146068594341521,0.,0.0139403858937741));
#9924=CARTESIAN_POINT('',(0.0151317179628506,0.,0.0150920754653182));
#9925=CARTESIAN_POINT('',(0.0159429992886388,0.,0.0156184335898129));
#9926=CARTESIAN_POINT('',(0.0159429992886388,0.,0.0156184335898129));
#9927=CARTESIAN_POINT('',(0.0159429992886388,0.,0.0156184335898129));
#9928=CARTESIAN_POINT('',(0.0167542806144269,0.,0.0161447917143076));
#9929=CARTESIAN_POINT('',(0.0178699798868602,0.,0.0161447917143076));
#9930=CARTESIAN_POINT('',(0.0178699798868602,0.,0.0161447917143076));
#9931=CARTESIAN_POINT('',(0.0178699798868602,0.,0.0161447917143076));
#9932=CARTESIAN_POINT('',(0.0194805457720664,0.,0.0161447917143076));
#9933=CARTESIAN_POINT('',(0.0203428133549282,0.,0.015155058488762));
#9934=CARTESIAN_POINT('',(0.0203428133549282,0.,0.015155058488762));
#9935=CARTESIAN_POINT('',(0.0203428133549282,0.,0.015155058488762));
#9936=CARTESIAN_POINT('',(0.0212050809377899,0.,0.0141653252632163));
#9937=CARTESIAN_POINT('',(0.0212050809377899,0.,0.0122548402187539));
#9938=CARTESIAN_POINT('',(0.0212050809377899,0.,0.0122548402187539));
#9939=CARTESIAN_POINT('',(0.0212050809377899,0.,0.00903520804413789));
#9940=CARTESIAN_POINT('',(-0.0129965783017726,0.,-0.0325876284304039));
#9941=CARTESIAN_POINT('',(-0.0136990576406156,0.,-0.0325876284304039));
#9942=CARTESIAN_POINT('',(-0.0122940989629296,0.,-0.0325876284304039));
#9943=CARTESIAN_POINT('',(-0.0122940989629296,0.,-0.0325876284304039));
#9944=CARTESIAN_POINT('',(-0.0122726113596238,0.,-0.0326653143808171));
#9945=CARTESIAN_POINT('',(-0.0122445121860701,0.,-0.032977711075032));
#9946=CARTESIAN_POINT('',(-0.0122445121860701,0.,-0.032977711075032));
#9947=CARTESIAN_POINT('',(-0.018312339177945,0.,-0.033575631124079));
#9948=CARTESIAN_POINT('',(-0.0122159922893143,0.,-0.0334967193394949));
#9949=CARTESIAN_POINT('',(-0.0122056692108635,0.,-0.0334967193394949));
#9950=CARTESIAN_POINT('',(-0.0121949254092106,0.,-0.0334967193394949));
#9951=CARTESIAN_POINT('',(-0.0121949254092106,0.,-0.0334967193394949));
#9952=CARTESIAN_POINT('',(-0.0117255039216073,0.,-0.032483496198999));
#9953=CARTESIAN_POINT('',(-0.0104081485497065,0.,-0.032483496198999));
#9954=CARTESIAN_POINT('',(-0.0104081485497065,0.,-0.032483496198999));
#9955=CARTESIAN_POINT('',(-0.0104081485497065,0.,-0.032483496198999));
#9956=CARTESIAN_POINT('',(-0.00943128904557424,0.,-0.032483496198999));
#9957=CARTESIAN_POINT('',(-0.00889988408689656,0.,-0.0332454796700734));
#9958=CARTESIAN_POINT('',(-0.00889988408689656,0.,-0.0332454796700734));
#9959=CARTESIAN_POINT('',(-0.00889988408689656,0.,-0.0332454796700734));
#9960=CARTESIAN_POINT('',(-0.00836847912821887,0.,-0.0340074631411478));
#9961=CARTESIAN_POINT('',(-0.00836847912821887,0.,-0.035377711075032));
#9962=CARTESIAN_POINT('',(-0.00836847912821887,0.,-0.035377711075032));
#9963=CARTESIAN_POINT('',(-0.00836847912821887,0.,-0.035377711075032));
#9964=CARTESIAN_POINT('',(-0.00836847912821887,0.,-0.0367661408270981));
#9965=CARTESIAN_POINT('',(-0.00892880970673127,0.,-0.0375231656204866));
#9966=CARTESIAN_POINT('',(-0.00892880970673127,0.,-0.0375231656204866));
#9967=CARTESIAN_POINT('',(-0.00892880970673127,0.,-0.0375231656204866));
#9968=CARTESIAN_POINT('',(-0.00948914028524366,0.,-0.038280190413875));
#9969=CARTESIAN_POINT('',(-0.0105172394587974,0.,-0.038280190413875));
#9970=CARTESIAN_POINT('',(-0.0105172394587974,0.,-0.038280190413875));
#9971=CARTESIAN_POINT('',(-0.0105172394587974,0.,-0.038280190413875));
#9972=CARTESIAN_POINT('',(-0.0111106278885494,0.,-0.038280190413875));
#9973=CARTESIAN_POINT('',(-0.0115420328472271,0.,-0.0380322565295775));
#9974=CARTESIAN_POINT('',(-0.0115420328472271,0.,-0.0380322565295775));
#9975=CARTESIAN_POINT('',(-0.0115420328472271,0.,-0.0380322565295775));
#9976=CARTESIAN_POINT('',(-0.0119734378059048,0.,-0.03778432264528));
#9977=CARTESIAN_POINT('',(-0.0122048427645825,0.,-0.0372934135543709));
#9978=CARTESIAN_POINT('',(-0.0122048427645825,0.,-0.0372934135543709));
#9979=CARTESIAN_POINT('',(-0.0122106278885494,0.,-0.0372934135543709));
#9980=CARTESIAN_POINT('',(-0.0122164130125164,0.,-0.0372934135543709));
#9981=CARTESIAN_POINT('',(-0.0122106278885494,0.,-0.0377529176866023));
#9982=CARTESIAN_POINT('',(-0.0122048427645825,0.,-0.0382124218188337));
#9983=CARTESIAN_POINT('',(-0.0122048427645825,0.,-0.0392330829758585));
#9984=CARTESIAN_POINT('',(-0.0122048427645825,0.,-0.0402537441328833));
#9985=CARTESIAN_POINT('',(-0.0129312890455742,0.,-0.0402537441328833));
#9986=CARTESIAN_POINT('',(-0.013657735326566,0.,-0.0402537441328833));
#9987=CARTESIAN_POINT('',(-0.013657735326566,0.,-0.0370306036370155));
#9988=CARTESIAN_POINT('',(-0.0136574953113363,0.,-0.0338074616946011));
#9989=CARTESIAN_POINT('',(-0.0350148453366347,0.,-0.0339361802067096));
#9990=CARTESIAN_POINT('',(0.0187670580618637,0.,-0.03358432264528));
#9991=CARTESIAN_POINT('',(0.0193769754172357,0.,-0.032483496198999));
#9992=CARTESIAN_POINT('',(0.0206067274833514,0.,-0.032483496198999));
#9993=CARTESIAN_POINT('',(0.0187670580618637,0.,-0.03358432264528));
#9994=CARTESIAN_POINT('',(0.0206067274833514,0.,-0.032483496198999));
#9995=CARTESIAN_POINT('',(0.0206067274833514,0.,-0.032483496198999));
#9996=CARTESIAN_POINT('',(0.0214166448387233,0.,-0.032483496198999));
#9997=CARTESIAN_POINT('',(0.0218711902932688,0.,-0.0329256449593296));
#9998=CARTESIAN_POINT('',(0.0218711902932688,0.,-0.0329256449593296));
#9999=CARTESIAN_POINT('',(0.0218711902932688,0.,-0.0329256449593296));
#10000=CARTESIAN_POINT('',(0.0223257357478142,0.,-0.0333677937196602));
#10001=CARTESIAN_POINT('',(0.0223257357478142,0.,-0.0341677937196601));
#10002=CARTESIAN_POINT('',(0.0223257357478142,0.,-0.0341677937196601));
#10003=CARTESIAN_POINT('',(0.0223257357478142,0.,-0.0341677937196601));
#10004=CARTESIAN_POINT('',(0.0223257357478142,0.,-0.0350355623147015));
#10005=CARTESIAN_POINT('',(0.0217604464916159,0.,-0.035490107769247));
#10006=CARTESIAN_POINT('',(0.0217604464916159,0.,-0.035490107769247));
#10007=CARTESIAN_POINT('',(0.0217604464916159,0.,-0.035490107769247));
#10008=CARTESIAN_POINT('',(0.0211951572354175,0.,-0.0359446532237924));
#10009=CARTESIAN_POINT('',(0.0201207770701282,0.,-0.0359562234717263));
#10010=CARTESIAN_POINT('',(0.0201207770701282,0.,-0.0359562234717263));
#10011=CARTESIAN_POINT('',(0.0195191241775662,0.,-0.0359661408270981));
#10012=CARTESIAN_POINT('',(0.0189174712850043,0.,-0.0359760581824701));
#10013=CARTESIAN_POINT('',(0.0189174712850043,0.,-0.0361182069428006));
#10014=CARTESIAN_POINT('',(0.0189174712850043,0.,-0.0362603557031312));
#10015=CARTESIAN_POINT('',(0.0189174712850043,0.,-0.0362603557031312));
#10016=CARTESIAN_POINT('',(0.0189174712850043,0.,-0.0368074631411478));
#10017=CARTESIAN_POINT('',(0.0191083803759134,0.,-0.0370735788436271));
#10018=CARTESIAN_POINT('',(0.0191083803759134,0.,-0.0370735788436271));
#10019=CARTESIAN_POINT('',(0.0191083803759134,0.,-0.0370735788436271));
#10020=CARTESIAN_POINT('',(0.0192992894668224,0.,-0.0373396945461065));
#10021=CARTESIAN_POINT('',(0.0197340002106241,0.,-0.0373396945461065));
#10022=CARTESIAN_POINT('',(0.0197340002106241,0.,-0.0373396945461065));
#10023=CARTESIAN_POINT('',(0.0197340002106241,0.,-0.0373396945461065));
#10024=CARTESIAN_POINT('',(0.0201356531031861,0.,-0.0373396945461065));
#10025=CARTESIAN_POINT('',(0.0203249093015332,0.,-0.0371562234717263));
#10026=CARTESIAN_POINT('',(0.0203249093015332,0.,-0.0371562234717263));
#10027=CARTESIAN_POINT('',(0.0203249093015332,0.,-0.0371562234717263));
#10028=CARTESIAN_POINT('',(0.0205141654998803,0.,-0.0369727523973461));
#10029=CARTESIAN_POINT('',(0.0205604464916158,0.,-0.0365496119014784));
#10030=CARTESIAN_POINT('',(0.0205604464916158,0.,-0.0365496119014784));
#10031=CARTESIAN_POINT('',(0.0213166448387233,0.,-0.036585975537842));
#10032=CARTESIAN_POINT('',(0.0220728431858307,0.,-0.0366223391742056));
#10033=CARTESIAN_POINT('',(0.0220728431858307,0.,-0.0366223391742056));
#10034=CARTESIAN_POINT('',(0.0219340002106241,0.,-0.0374372152072634));
#10035=CARTESIAN_POINT('',(0.0213273886403762,0.,-0.0378587028105692));
#10036=CARTESIAN_POINT('',(0.0213273886403762,0.,-0.0378587028105692));
#10037=CARTESIAN_POINT('',(0.0213273886403762,0.,-0.0378587028105692));
#10038=CARTESIAN_POINT('',(0.0207207770701283,0.,-0.038280190413875));
#10039=CARTESIAN_POINT('',(0.0196711902932688,0.,-0.038280190413875));
#10040=CARTESIAN_POINT('',(0.0196711902932688,0.,-0.038280190413875));
#10041=CARTESIAN_POINT('',(0.0196711902932688,0.,-0.038280190413875));
#10042=CARTESIAN_POINT('',(0.0186133390535993,0.,-0.038280190413875));
#10043=CARTESIAN_POINT('',(0.018039785334591,0.,-0.0377587028105692));
#10044=CARTESIAN_POINT('',(0.018039785334591,0.,-0.0377587028105692));
#10045=CARTESIAN_POINT('',(0.018039785334591,0.,-0.0377587028105692));
#10046=CARTESIAN_POINT('',(0.0174662316155828,0.,-0.0372372152072634));
#10047=CARTESIAN_POINT('',(0.0174662316155828,0.,-0.0362752317361891));
#10048=CARTESIAN_POINT('',(0.0174662316155828,0.,-0.0362752317361891));
#10049=CARTESIAN_POINT('',(0.0174662316155828,0.,-0.0352578763642882));
#10050=CARTESIAN_POINT('',(0.0174662316155828,0.,-0.0342405209923874));
#10051=CARTESIAN_POINT('',(0.0174662316155828,0.,-0.0342405209923874));
#10052=CARTESIAN_POINT('',(0.0174662316155828,0.,-0.0337710995047841));
#10053=CARTESIAN_POINT('',(0.0173604464916159,0.,-0.0335925871080899));
#10054=CARTESIAN_POINT('',(0.0173604464916159,0.,-0.0335925871080899));
#10055=CARTESIAN_POINT('',(0.0173604464916159,0.,-0.0335925871080899));
#10056=CARTESIAN_POINT('',(0.0172546613676489,0.,-0.0334140747113957));
#10057=CARTESIAN_POINT('',(0.0170067274833514,0.,-0.0334140747113957));
#10058=CARTESIAN_POINT('',(0.0170067274833514,0.,-0.0334140747113957));
#10059=CARTESIAN_POINT('',(0.0170024312900685,0.,-0.0350288920677348));
#10060=CARTESIAN_POINT('',(0.0166860663263266,0.,-0.0334454237964444));
#10061=CARTESIAN_POINT('',(0.0166860663263266,0.,-0.0330529176866023));
#10062=CARTESIAN_POINT('',(0.0166860663263266,0.,-0.0326604334767641));
#10063=CARTESIAN_POINT('',(0.0168062272658655,0.,-0.0326309298658107));
#10064=CARTESIAN_POINT('',(0.0169183072064047,-2.16840434501133E-19,-0.0326033694995701));
#10065=CARTESIAN_POINT('',(0.0174692727718995,-1.39776709108661E-19,-0.0348211190391479));
#10066=CARTESIAN_POINT('',(0.0171249069391314,0.,-0.0325619928516883));
#10067=CARTESIAN_POINT('',(0.0176841965668275,0.,-0.0362930730300709));
#10068=CARTESIAN_POINT('',(0.0173447392612464,0.,-0.0325355039260834));
#10069=CARTESIAN_POINT('',(0.0175960543914733,0.,-0.0355312835313348));
#10070=CARTESIAN_POINT('',(0.0176149919461613,0.,-0.0325248185130486));
#10071=CARTESIAN_POINT('',(0.0176149919461613,0.,-0.0325248185130486));
#10072=CARTESIAN_POINT('',(0.0181637522767398,0.,-0.0325248185130486));
#10073=CARTESIAN_POINT('',(0.0184240828552522,0.,-0.0327942400006519));
#10074=CARTESIAN_POINT('',(0.0184240828552522,0.,-0.0327942400006519));
#10075=CARTESIAN_POINT('',(0.0184240828552522,0.,-0.0327942400006519));
#10076=CARTESIAN_POINT('',(0.0186844134337646,0.,-0.0330636614882552));
#10077=CARTESIAN_POINT('',(0.0187373059957481,0.,-0.03358432264528));
#10078=CARTESIAN_POINT('',(0.0187373059957481,0.,-0.03358432264528));
#10079=CARTESIAN_POINT('',(0.0187521820288059,0.,-0.03358432264528));
#10080=CARTESIAN_POINT('',(-0.0197230245827644,0.,-0.0375339094221395));
#10081=CARTESIAN_POINT('',(-0.0204428592935081,0.,-0.036787628430404));
#10082=CARTESIAN_POINT('',(-0.0204428592935081,0.,-0.035387628430404));
#10083=CARTESIAN_POINT('',(-0.0197230245827644,0.,-0.0375339094221395));
#10084=CARTESIAN_POINT('',(-0.0204428592935081,0.,-0.035387628430404));
#10085=CARTESIAN_POINT('',(-0.0204428592935081,0.,-0.035387628430404));
#10086=CARTESIAN_POINT('',(-0.0204428592935081,0.,-0.0340289507444535));
#10087=CARTESIAN_POINT('',(-0.0196891402852436,0.,-0.0332562234717262));
#10088=CARTESIAN_POINT('',(-0.0196891402852436,0.,-0.0332562234717262));
#10089=CARTESIAN_POINT('',(-0.0196891402852436,0.,-0.0332562234717262));
#10090=CARTESIAN_POINT('',(-0.0189354212769792,0.,-0.032483496198999));
#10091=CARTESIAN_POINT('',(-0.0176031898720205,0.,-0.032483496198999));
#10092=CARTESIAN_POINT('',(-0.0176031898720205,0.,-0.032483496198999));
#10093=CARTESIAN_POINT('',(-0.0176031898720205,0.,-0.032483496198999));
#10094=CARTESIAN_POINT('',(-0.0162957518554916,0.,-0.032483496198999));
#10095=CARTESIAN_POINT('',(-0.015551950202599,0.,-0.0332587028105692));
#10096=CARTESIAN_POINT('',(-0.015551950202599,0.,-0.0332587028105692));
#10097=CARTESIAN_POINT('',(-0.015551950202599,0.,-0.0332587028105692));
#10098=CARTESIAN_POINT('',(-0.0148081485497065,0.,-0.0340339094221395));
#10099=CARTESIAN_POINT('',(-0.0148081485497065,0.,-0.035387628430404));
#10100=CARTESIAN_POINT('',(-0.0148081485497065,0.,-0.035387628430404));
#10101=CARTESIAN_POINT('',(-0.0148081485497065,0.,-0.035387628430404));
#10102=CARTESIAN_POINT('',(-0.0148081485497065,0.,-0.0367347358684205));
#10103=CARTESIAN_POINT('',(-0.015551950202599,0.,-0.0375074631411478));
#10104=CARTESIAN_POINT('',(-0.015551950202599,0.,-0.0375074631411478));
#10105=CARTESIAN_POINT('',(-0.015551950202599,0.,-0.0375074631411478));
#10106=CARTESIAN_POINT('',(-0.0162957518554916,0.,-0.038280190413875));
#10107=CARTESIAN_POINT('',(-0.0176329419381362,0.,-0.038280190413875));
#10108=CARTESIAN_POINT('',(-0.0176329419381362,0.,-0.038280190413875));
#10109=CARTESIAN_POINT('',(-0.0176329419381362,0.,-0.038280190413875));
#10110=CARTESIAN_POINT('',(-0.0190031898720205,0.,-0.038280190413875));
#10111=CARTESIAN_POINT('',(-0.0197230245827644,0.,-0.0375339094221395));
#10112=CARTESIAN_POINT('',(-0.0288783964835907,0.,-0.0325876284304039));
#10113=CARTESIAN_POINT('',(-0.0296015369794586,0.,-0.0325876284304039));
#10114=CARTESIAN_POINT('',(-0.028155255987723,0.,-0.0325876284304039));
#10115=CARTESIAN_POINT('',(-0.028155255987723,0.,-0.0341553970254452));
#10116=CARTESIAN_POINT('',(-0.028155255987723,0.,-0.0357231656204866));
#10117=CARTESIAN_POINT('',(-0.028155255987723,0.,-0.0357231656204866));
#10118=CARTESIAN_POINT('',(-0.028155255987723,0.,-0.0371958928932139));
#10119=CARTESIAN_POINT('',(-0.027156908880285,0.,-0.0371958928932139));
#10120=CARTESIAN_POINT('',(-0.027156908880285,0.,-0.0371958928932139));
#10121=CARTESIAN_POINT('',(-0.027156908880285,0.,-0.0371958928932139));
#10122=CARTESIAN_POINT('',(-0.0266312890455742,0.,-0.0371958928932139));
#10123=CARTESIAN_POINT('',(-0.0263081485497065,0.,-0.0367438267775114));
#10124=CARTESIAN_POINT('',(-0.0263081485497065,0.,-0.0367438267775114));
#10125=CARTESIAN_POINT('',(-0.0263081485497065,0.,-0.0367438267775114));
#10126=CARTESIAN_POINT('',(-0.0259850080538387,0.,-0.0362917606618089));
#10127=CARTESIAN_POINT('',(-0.0259850080538387,0.,-0.03558432264528));
#10128=CARTESIAN_POINT('',(-0.0259850080538387,0.,-0.03558432264528));
#10129=CARTESIAN_POINT('',(-0.0259850080538387,0.,-0.0340859755378419));
#10130=CARTESIAN_POINT('',(-0.0259850080538387,0.,-0.0325876284304039));
#10131=CARTESIAN_POINT('',(-0.0252593882191279,0.,-0.0325876284304039));
#10132=CARTESIAN_POINT('',(-0.0245337683844172,0.,-0.0325876284304039));
#10133=CARTESIAN_POINT('',(-0.0245337683844172,0.,-0.0347570499180073));
#10134=CARTESIAN_POINT('',(-0.0245336310736898,0.,-0.0369264720352843));
#10135=CARTESIAN_POINT('',(-0.00758127242727028,0.,-0.0370042114514502));
#10136=CARTESIAN_POINT('',(-0.0245206855239535,0.,-0.0376628398601479));
#10137=CARTESIAN_POINT('',(0.00221336341638997,0.,-0.0364616382076981));
#10138=CARTESIAN_POINT('',(-0.0244924975038472,0.,-0.0381760581824701));
#10139=CARTESIAN_POINT('',(-0.0251841816075577,0.,-0.0381760581824701));
#10140=CARTESIAN_POINT('',(-0.0258759171447478,0.,-0.0381760581824701));
#10141=CARTESIAN_POINT('',(-0.0258759171447478,0.,-0.0381760581824701));
#10142=CARTESIAN_POINT('',(-0.0258924460703676,0.,-0.0380785375213131));
#10143=CARTESIAN_POINT('',(-0.0259180659050784,0.,-0.0376520912403213));
#10144=CARTESIAN_POINT('',(-0.0259180659050784,0.,-0.0376520912403213));
#10145=CARTESIAN_POINT('',(-0.0131210817973386,0.,-0.0367761746574353));
#10146=CARTESIAN_POINT('',(-0.0259443138428323,0.,-0.0370653143808172));
#10147=CARTESIAN_POINT('',(-0.025954429541442,0.,-0.0370653143808172));
#10148=CARTESIAN_POINT('',(-0.0259651733430949,0.,-0.0370653143808172));
#10149=CARTESIAN_POINT('',(-0.0259651733430949,0.,-0.0370653143808172));
#10150=CARTESIAN_POINT('',(-0.0262593882191279,0.,-0.0377066366948668));
#10151=CARTESIAN_POINT('',(-0.0267031898720205,0.,-0.0379958928932139));
#10152=CARTESIAN_POINT('',(-0.0267031898720205,0.,-0.0379958928932139));
#10153=CARTESIAN_POINT('',(-0.0267031898720205,0.,-0.0379958928932139));
#10154=CARTESIAN_POINT('',(-0.0271469915249131,0.,-0.038285149091561));
#10155=CARTESIAN_POINT('',(-0.0277618675579709,0.,-0.038285149091561));
#10156=CARTESIAN_POINT('',(-0.0277618675579709,0.,-0.038285149091561));
#10157=CARTESIAN_POINT('',(-0.0277618675579709,0.,-0.038285149091561));
#10158=CARTESIAN_POINT('',(-0.0286511237563181,0.,-0.038285149091561));
#10159=CARTESIAN_POINT('',(-0.0291263303678883,0.,-0.0377372152072634));
#10160=CARTESIAN_POINT('',(-0.0291263303678883,0.,-0.0377372152072634));
#10161=CARTESIAN_POINT('',(-0.0291263303678883,0.,-0.0377372152072634));
#10162=CARTESIAN_POINT('',(-0.0296015369794586,0.,-0.037189281322966));
#10163=CARTESIAN_POINT('',(-0.0296015369794586,0.,-0.0361363887609824));
#10164=CARTESIAN_POINT('',(-0.0296015369794586,0.,-0.0361363887609824));
#10165=CARTESIAN_POINT('',(-0.0296015369794586,0.,-0.0343620085956932));
#10166=CARTESIAN_POINT('',(-0.0223205452439213,0.,-0.03918432264528));
#10167=CARTESIAN_POINT('',(-0.0230461650786321,0.,-0.03918432264528));
#10168=CARTESIAN_POINT('',(-0.0215949254092106,0.,-0.03918432264528));
#10169=CARTESIAN_POINT('',(-0.0215949254092106,0.,-0.0397190333890816));
#10170=CARTESIAN_POINT('',(-0.0215949254092106,0.,-0.0402537441328833));
#10171=CARTESIAN_POINT('',(-0.0223205452439213,0.,-0.0402537441328833));
#10172=CARTESIAN_POINT('',(-0.0230461650786321,0.,-0.0402537441328833));
#10173=CARTESIAN_POINT('',(-0.0230461650786321,0.,-0.0397190333890816));
#10174=CARTESIAN_POINT('',(0.008943917565996,0.,-0.0327289507444536));
#10175=CARTESIAN_POINT('',(0.00948606632632658,0.,-0.032483496198999));
#10176=CARTESIAN_POINT('',(0.0101637522767398,0.,-0.032483496198999));
#10177=CARTESIAN_POINT('',(0.008943917565996,0.,-0.0327289507444536));
#10178=CARTESIAN_POINT('',(0.0101637522767398,0.,-0.032483496198999));
#10179=CARTESIAN_POINT('',(0.0101637522767398,0.,-0.032483496198999));
#10180=CARTESIAN_POINT('',(0.0114331737643431,0.,-0.032483496198999));
#10181=CARTESIAN_POINT('',(0.0121257357478142,0.,-0.0332405209923874));
#10182=CARTESIAN_POINT('',(0.0121257357478142,0.,-0.0332405209923874));
#10183=CARTESIAN_POINT('',(0.0121257357478142,0.,-0.0332405209923874));
#10184=CARTESIAN_POINT('',(0.0128182977312853,0.,-0.0339975457857759));
#10185=CARTESIAN_POINT('',(0.0128182977312853,0.,-0.0353512647940403));
#10186=CARTESIAN_POINT('',(0.0128182977312853,0.,-0.0353512647940403));
#10187=CARTESIAN_POINT('',(0.0128182977312853,0.,-0.0353512647940403));
#10188=CARTESIAN_POINT('',(0.0128182977312853,0.,-0.0367347358684205));
#10189=CARTESIAN_POINT('',(0.0121207770701282,0.,-0.0375074631411478));
#10190=CARTESIAN_POINT('',(0.0121207770701282,0.,-0.0375074631411478));
#10191=CARTESIAN_POINT('',(0.0121207770701282,0.,-0.0375074631411478));
#10192=CARTESIAN_POINT('',(0.0114232564089712,0.,-0.038280190413875));
#10193=CARTESIAN_POINT('',(0.010142264673434,0.,-0.038280190413875));
#10194=CARTESIAN_POINT('',(0.010142264673434,0.,-0.038280190413875));
#10195=CARTESIAN_POINT('',(0.010142264673434,0.,-0.038280190413875));
#10196=CARTESIAN_POINT('',(0.00915548781392989,0.,-0.038280190413875));
#10197=CARTESIAN_POINT('',(0.00851003326847534,0.,-0.03778432264528));
#10198=CARTESIAN_POINT('',(0.00851003326847534,0.,-0.03778432264528));
#10199=CARTESIAN_POINT('',(0.00851003326847534,0.,-0.03778432264528));
#10200=CARTESIAN_POINT('',(0.0078645787230208,0.,-0.037288454876685));
#10201=CARTESIAN_POINT('',(0.00769928946682245,0.,-0.0364157276039576));
#10202=CARTESIAN_POINT('',(0.00769928946682245,0.,-0.0364157276039576));
#10203=CARTESIAN_POINT('',(0.00842986797921914,0.,-0.0363793639675941));
#10204=CARTESIAN_POINT('',(0.00916044649161584,0.,-0.0363430003312304));
#10205=CARTESIAN_POINT('',(0.00916044649161584,0.,-0.0363430003312304));
#10206=CARTESIAN_POINT('',(0.00922325640897121,0.,-0.0367710995047841));
#10207=CARTESIAN_POINT('',(0.00947119029326873,0.,-0.0370272978518915));
#10208=CARTESIAN_POINT('',(0.00947119029326873,0.,-0.0370272978518915));
#10209=CARTESIAN_POINT('',(0.00947119029326873,0.,-0.0370272978518915));
#10210=CARTESIAN_POINT('',(0.00971912417756625,0.,-0.037283496198999));
#10211=CARTESIAN_POINT('',(0.0101736696321117,0.,-0.037283496198999));
#10212=CARTESIAN_POINT('',(0.0101736696321117,0.,-0.037283496198999));
#10213=CARTESIAN_POINT('',(0.0101736696321117,0.,-0.037283496198999));
#10214=CARTESIAN_POINT('',(0.0112943307891365,0.,-0.037283496198999));
#10215=CARTESIAN_POINT('',(0.0112943307891365,0.,-0.0354074631411478));
#10216=CARTESIAN_POINT('',(0.0112943307891365,0.,-0.0354074631411478));
#10217=CARTESIAN_POINT('',(0.0112943307891365,0.,-0.0354074631411478));
#10218=CARTESIAN_POINT('',(0.0112943307891365,0.,-0.033476884628751));
#10219=CARTESIAN_POINT('',(0.0101521820288059,0.,-0.033476884628751));
#10220=CARTESIAN_POINT('',(0.0101521820288059,0.,-0.033476884628751));
#10221=CARTESIAN_POINT('',(0.0101521820288059,0.,-0.033476884628751));
#10222=CARTESIAN_POINT('',(0.00973895888831005,0.,-0.033476884628751));
#10223=CARTESIAN_POINT('',(0.00946044649161584,0.,-0.0337372152072634));
#10224=CARTESIAN_POINT('',(0.00946044649161584,0.,-0.0337372152072634));
#10225=CARTESIAN_POINT('',(0.00946044649161584,0.,-0.0337372152072634));
#10226=CARTESIAN_POINT('',(0.00918193409492162,0.,-0.0339975457857759));
#10227=CARTESIAN_POINT('',(0.0091141654998803,0.,-0.0345149011576767));
#10228=CARTESIAN_POINT('',(0.0091141654998803,0.,-0.0345149011576767));
#10229=CARTESIAN_POINT('',(0.00838606632632658,0.,-0.034481016860156));
#10230=CARTESIAN_POINT('',(0.00765857884756519,1.0842021724855E-19,-0.0344471610297029));
#10231=CARTESIAN_POINT('',(0.00982104244454415,0.,-0.0347196718871314));
#10232=CARTESIAN_POINT('',(0.00806846572829382,0.,-0.033423809396979));
#10233=CARTESIAN_POINT('',(0.00982005952631856,0.,-0.0347357751408978));
#10234=CARTESIAN_POINT('',(0.026938132442029,0.,-0.0370603557031313));
#10235=CARTESIAN_POINT('',(0.0269487950041279,0.,-0.0370603557031313));
#10236=CARTESIAN_POINT('',(0.0269273886403762,0.,-0.0370603557031313));
#10237=CARTESIAN_POINT('',(0.0269273886403762,0.,-0.0370603557031313));
#10238=CARTESIAN_POINT('',(0.0266331737643431,0.,-0.0377016780171808));
#10239=CARTESIAN_POINT('',(0.0261893721114505,0.,-0.0379909342155279));
#10240=CARTESIAN_POINT('',(0.0261893721114505,0.,-0.0379909342155279));
#10241=CARTESIAN_POINT('',(0.0261893721114505,0.,-0.0379909342155279));
#10242=CARTESIAN_POINT('',(0.025745570458558,0.,-0.038280190413875));
#10243=CARTESIAN_POINT('',(0.0251306944255002,0.,-0.038280190413875));
#10244=CARTESIAN_POINT('',(0.0251306944255002,0.,-0.038280190413875));
#10245=CARTESIAN_POINT('',(0.0251306944255002,0.,-0.038280190413875));
#10246=CARTESIAN_POINT('',(0.0242414382271531,0.,-0.038280190413875));
#10247=CARTESIAN_POINT('',(0.0237662316155828,0.,-0.0377322565295775));
#10248=CARTESIAN_POINT('',(0.0237662316155828,0.,-0.0377322565295775));
#10249=CARTESIAN_POINT('',(0.0237662316155828,0.,-0.0377322565295775));
#10250=CARTESIAN_POINT('',(0.0232910250040126,0.,-0.03718432264528));
#10251=CARTESIAN_POINT('',(0.0232910250040126,0.,-0.0361314300832965));
#10252=CARTESIAN_POINT('',(0.0232910250040126,0.,-0.0361314300832965));
#10253=CARTESIAN_POINT('',(0.0232910250040126,0.,-0.0343595292568502));
#10254=CARTESIAN_POINT('',(0.0232910250040126,0.,-0.0325876284304039));
#10255=CARTESIAN_POINT('',(0.0240141654998803,0.,-0.0325876284304039));
#10256=CARTESIAN_POINT('',(0.024737305995748,0.,-0.0325876284304039));
#10257=CARTESIAN_POINT('',(0.024737305995748,0.,-0.0341529176866023));
#10258=CARTESIAN_POINT('',(0.024737305995748,0.,-0.0357182069428007));
#10259=CARTESIAN_POINT('',(0.024737305995748,0.,-0.0357182069428007));
#10260=CARTESIAN_POINT('',(0.024737305995748,0.,-0.037189281322966));
#10261=CARTESIAN_POINT('',(0.0257356531031861,0.,-0.037189281322966));
#10262=CARTESIAN_POINT('',(0.0257356531031861,0.,-0.037189281322966));
#10263=CARTESIAN_POINT('',(0.0257356531031861,0.,-0.037189281322966));
#10264=CARTESIAN_POINT('',(0.0262612729378968,0.,-0.037189281322966));
#10265=CARTESIAN_POINT('',(0.0265844134337646,0.,-0.0367380416535444));
#10266=CARTESIAN_POINT('',(0.0265844134337646,0.,-0.0367380416535444));
#10267=CARTESIAN_POINT('',(0.0265844134337646,0.,-0.0367380416535444));
#10268=CARTESIAN_POINT('',(0.0269075539296323,0.,-0.036286801984123));
#10269=CARTESIAN_POINT('',(0.0269075539296323,0.,-0.035577711075032));
#10270=CARTESIAN_POINT('',(0.0269075539296323,0.,-0.035577711075032));
#10271=CARTESIAN_POINT('',(0.0269075539296323,0.,-0.034082669752718));
#10272=CARTESIAN_POINT('',(0.0269075539296323,0.,-0.0325876284304039));
#10273=CARTESIAN_POINT('',(0.0276331737643431,0.,-0.0325876284304039));
#10274=CARTESIAN_POINT('',(0.0283587935990538,0.,-0.0325876284304039));
#10275=CARTESIAN_POINT('',(0.0283587935990538,0.,-0.0364206862816436));
#10276=CARTESIAN_POINT('',(0.0283587935990538,0.,-0.0402537441328833));
#10277=CARTESIAN_POINT('',(0.0276331737643431,0.,-0.0402537441328833));
#10278=CARTESIAN_POINT('',(0.0269075539296323,0.,-0.0402537441328833));
#10279=CARTESIAN_POINT('',(0.0269075539296323,0.,-0.0392074631411478));
#10280=CARTESIAN_POINT('',(0.0269075943402673,0.,-0.0381611821088119));
#10281=CARTESIAN_POINT('',(0.0412632133141387,0.,-0.0381467591057072));
#10282=CARTESIAN_POINT('',(-0.0418742642521858,0.,-0.0452041573560238));
#10283=CARTESIAN_POINT('',(-0.0411242642521858,0.,-0.0452041573560238));
#10284=CARTESIAN_POINT('',(-0.0418742642521858,0.,0.0209558426439762));
#10285=CARTESIAN_POINT('',(-0.0411242642521858,0.,0.0209558426439762));
#10286=CARTESIAN_POINT('',(0.0423257357478142,0.,0.0209558426439762));
#10287=CARTESIAN_POINT('',(0.0430757357478142,0.,0.0209558426439762));
#10288=CARTESIAN_POINT('',(0.0423257357478142,0.,-0.0452041573560238));
#10289=CARTESIAN_POINT('',(0.0430757357478142,0.,-0.0452041573560238));
#10290=CARTESIAN_POINT('',(0.0463257357478142,0.,-0.0121241573560238));
#10291=CARTESIAN_POINT('',(0.0463257357478142,0.,-0.0452041573560238));
#10292=CARTESIAN_POINT('',(0.0463257357478142,0.,0.0209558426439762));
#10293=CARTESIAN_POINT('',(0.0423257357478141,0.,0.0209558426439762));
#10294=CARTESIAN_POINT('',(0.0423257357478142,0.,0.0249558426439762));
#10295=CARTESIAN_POINT('',(0.000225735747814176,0.,0.0249558426439762));
#10296=CARTESIAN_POINT('',(-0.0418742642521858,0.,0.0249558426439762));
#10297=CARTESIAN_POINT('',(-0.0418742642521858,0.,0.0209558426439762));
#10298=CARTESIAN_POINT('',(-0.0458742642521859,0.,0.0209558426439762));
#10299=CARTESIAN_POINT('',(-0.0458742642521858,0.,-0.0121241573560238));
#10300=CARTESIAN_POINT('',(-0.0458742642521858,0.,-0.0452041573560238));
#10301=CARTESIAN_POINT('',(-0.0418742642521858,0.,-0.0452041573560238));
#10302=CARTESIAN_POINT('',(-0.0418742642521858,0.,-0.0492041573560238));
#10303=CARTESIAN_POINT('',(0.000225735747814176,0.,-0.0492041573560238));
#10304=CARTESIAN_POINT('',(0.0423257357478142,0.,-0.0492041573560238));
#10305=CARTESIAN_POINT('',(0.0423257357478142,0.,-0.0452041573560238));
#10306=CARTESIAN_POINT('',(0.0133604464916158,0.,-0.0326702730585031));
#10307=CARTESIAN_POINT('',(0.0138976365742605,0.,-0.0324950664469329));
#10308=CARTESIAN_POINT('',(0.0145835869874836,0.,-0.0324950664469329));
#10309=CARTESIAN_POINT('',(0.0133604464916158,0.,-0.0326702730585031));
#10310=CARTESIAN_POINT('',(0.0145835869874836,0.,-0.0324950664469329));
#10311=CARTESIAN_POINT('',(0.0145835869874836,0.,-0.0324950664469329));
#10312=CARTESIAN_POINT('',(0.0152249093015332,0.,-0.0324950664469329));
#10313=CARTESIAN_POINT('',(0.0155711902932687,0.,-0.0328438267775114));
#10314=CARTESIAN_POINT('',(0.0155711902932687,0.,-0.0328438267775114));
#10315=CARTESIAN_POINT('',(0.0155711902932687,0.,-0.0328438267775114));
#10316=CARTESIAN_POINT('',(0.0159174712850043,0.,-0.0331925871080899));
#10317=CARTESIAN_POINT('',(0.0159174712850043,0.,-0.0339000251246189));
#10318=CARTESIAN_POINT('',(0.0159174712850043,0.,-0.0339000251246189));
#10319=CARTESIAN_POINT('',(0.0159174712850043,0.,-0.0355479590089163));
#10320=CARTESIAN_POINT('',(0.0159174712850043,0.,-0.0371958928932139));
#10321=CARTESIAN_POINT('',(0.0162711902932688,0.,-0.0371958928932139));
#10322=CARTESIAN_POINT('',(0.0166249093015332,0.,-0.0371958928932139));
#10323=CARTESIAN_POINT('',(0.0166249093015332,0.,-0.037685975537842));
#10324=CARTESIAN_POINT('',(0.0166249093015332,0.,-0.0381760581824701));
#10325=CARTESIAN_POINT('',(0.0162348266569051,0.,-0.0381760581824701));
#10326=CARTESIAN_POINT('',(0.015844744012277,0.,-0.0381760581824701));
#10327=CARTESIAN_POINT('',(0.0156174712850043,0.,-0.0388322565295775));
#10328=CARTESIAN_POINT('',(0.0153901985577315,0.,-0.039488454876685));
#10329=CARTESIAN_POINT('',(0.0149356531031861,0.,-0.039488454876685));
#10330=CARTESIAN_POINT('',(0.0144811076486406,0.,-0.039488454876685));
#10331=CARTESIAN_POINT('',(0.0144811076486406,0.,-0.0388322565295775));
#10332=CARTESIAN_POINT('',(0.0144811076486406,0.,-0.0381760581824701));
#10333=CARTESIAN_POINT('',(0.0139513555825249,0.,-0.0381760581824701));
#10334=CARTESIAN_POINT('',(0.0134216035164092,0.,-0.0381760581824701));
#10335=CARTESIAN_POINT('',(0.0134216035164092,0.,-0.037685975537842));
#10336=CARTESIAN_POINT('',(0.0134216035164092,0.,-0.0371958928932139));
#10337=CARTESIAN_POINT('',(0.0139513555825249,0.,-0.0371958928932139));
#10338=CARTESIAN_POINT('',(0.0144811076486406,0.,-0.0371958928932139));
#10339=CARTESIAN_POINT('',(0.0144811076486406,0.,-0.0357438267775114));
#10340=CARTESIAN_POINT('',(0.0144811076486406,0.,-0.0342917606618089));
#10341=CARTESIAN_POINT('',(0.0144811076486406,0.,-0.0342917606618089));
#10342=CARTESIAN_POINT('',(0.0144811076486406,0.,-0.033883496198999));
#10343=CARTESIAN_POINT('',(0.0143257357478142,0.,-0.0336901077692469));
#10344=CARTESIAN_POINT('',(0.0143257357478142,0.,-0.0336901077692469));
#10345=CARTESIAN_POINT('',(0.0143257357478142,0.,-0.0336901077692469));
#10346=CARTESIAN_POINT('',(0.0141703638469877,0.,-0.0334967193394949));
#10347=CARTESIAN_POINT('',(0.013846396904839,0.,-0.0334967193394949));
#10348=CARTESIAN_POINT('',(0.013846396904839,0.,-0.0334967193394949));
#10349=CARTESIAN_POINT('',(0.013846396904839,0.,-0.0334967193394949));
#10350=CARTESIAN_POINT('',(0.0136744960783927,0.,-0.0334967193394949));
#10351=CARTESIAN_POINT('',(0.0133604464916158,0.,-0.0335694466122221));
#10352=CARTESIAN_POINT('',(0.0133604464916158,0.,-0.0335694466122221));
#10353=CARTESIAN_POINT('',(0.0133604464916158,0.,-0.0331198598353626));
#10354=CARTESIAN_POINT('',(0.00518937211145055,0.,-0.0370603557031313));
#10355=CARTESIAN_POINT('',(0.00520003467354943,0.,-0.0370603557031313));
#10356=CARTESIAN_POINT('',(0.00517862830979766,0.,-0.0370603557031313));
#10357=CARTESIAN_POINT('',(0.00517862830979766,0.,-0.0370603557031313));
#10358=CARTESIAN_POINT('',(0.0048844134337646,0.,-0.0377016780171808));
#10359=CARTESIAN_POINT('',(0.00444061178087204,0.,-0.0379909342155279));
#10360=CARTESIAN_POINT('',(0.00444061178087204,0.,-0.0379909342155279));
#10361=CARTESIAN_POINT('',(0.00444061178087204,0.,-0.0379909342155279));
#10362=CARTESIAN_POINT('',(0.00399681012797948,0.,-0.038280190413875));
#10363=CARTESIAN_POINT('',(0.00338193409492163,0.,-0.038280190413875));
#10364=CARTESIAN_POINT('',(0.00338193409492163,0.,-0.038280190413875));
#10365=CARTESIAN_POINT('',(0.00338193409492163,0.,-0.038280190413875));
#10366=CARTESIAN_POINT('',(0.00249267789657451,0.,-0.038280190413875));
#10367=CARTESIAN_POINT('',(0.00201747128500427,0.,-0.0377322565295775));
#10368=CARTESIAN_POINT('',(0.00201747128500427,0.,-0.0377322565295775));
#10369=CARTESIAN_POINT('',(0.00201747128500427,0.,-0.0377322565295775));
#10370=CARTESIAN_POINT('',(0.00154226467343402,0.,-0.03718432264528));
#10371=CARTESIAN_POINT('',(0.00154226467343402,0.,-0.0361314300832965));
#10372=CARTESIAN_POINT('',(0.00154226467343402,0.,-0.0361314300832965));
#10373=CARTESIAN_POINT('',(0.00154226467343402,0.,-0.0343595292568502));
#10374=CARTESIAN_POINT('',(0.00154226467343402,0.,-0.0325876284304039));
#10375=CARTESIAN_POINT('',(0.00226540516930179,0.,-0.0325876284304039));
#10376=CARTESIAN_POINT('',(0.00298854566516956,0.,-0.0325876284304039));
#10377=CARTESIAN_POINT('',(0.00298854566516956,0.,-0.0341529176866023));
#10378=CARTESIAN_POINT('',(0.00298854566516956,0.,-0.0357182069428007));
#10379=CARTESIAN_POINT('',(0.00298854566516956,0.,-0.0357182069428007));
#10380=CARTESIAN_POINT('',(0.00298854566516956,0.,-0.037189281322966));
#10381=CARTESIAN_POINT('',(0.00398689277260757,0.,-0.037189281322966));
#10382=CARTESIAN_POINT('',(0.00398689277260757,0.,-0.037189281322966));
#10383=CARTESIAN_POINT('',(0.00398689277260757,0.,-0.037189281322966));
#10384=CARTESIAN_POINT('',(0.00451251260731832,0.,-0.037189281322966));
#10385=CARTESIAN_POINT('',(0.00483565310318609,0.,-0.0367380416535444));
#10386=CARTESIAN_POINT('',(0.00483565310318609,0.,-0.0367380416535444));
#10387=CARTESIAN_POINT('',(0.00483565310318609,0.,-0.0367380416535444));
#10388=CARTESIAN_POINT('',(0.00515879359905386,0.,-0.036286801984123));
#10389=CARTESIAN_POINT('',(0.00515879359905386,0.,-0.035577711075032));
#10390=CARTESIAN_POINT('',(0.00515879359905386,0.,-0.035577711075032));
#10391=CARTESIAN_POINT('',(0.00515879359905386,0.,-0.034082669752718));
#10392=CARTESIAN_POINT('',(0.00515879359905386,0.,-0.0325876284304039));
#10393=CARTESIAN_POINT('',(0.0058844134337646,0.,-0.0325876284304039));
#10394=CARTESIAN_POINT('',(0.00661003326847534,0.,-0.0325876284304039));
#10395=CARTESIAN_POINT('',(0.00661003326847534,0.,-0.0364206862816436));
#10396=CARTESIAN_POINT('',(0.00661003326847534,0.,-0.0402537441328833));
#10397=CARTESIAN_POINT('',(0.0058844134337646,0.,-0.0402537441328833));
#10398=CARTESIAN_POINT('',(0.00515879359905386,0.,-0.0402537441328833));
#10399=CARTESIAN_POINT('',(0.00515879359905386,0.,-0.0392074631411478));
#10400=CARTESIAN_POINT('',(0.00515883400968883,0.,-0.0381611821088119));
#10401=CARTESIAN_POINT('',(0.0195144529835617,0.,-0.0381467591057071));
#10402=CARTESIAN_POINT('',(-0.0223205452439213,0.,-0.0325876284304039));
#10403=CARTESIAN_POINT('',(-0.0230461650786321,0.,-0.0325876284304039));
#10404=CARTESIAN_POINT('',(-0.0215949254092106,0.,-0.0325876284304039));
#10405=CARTESIAN_POINT('',(-0.0215949254092106,0.,-0.035381843306437));
#10406=CARTESIAN_POINT('',(-0.0215949254092106,0.,-0.0381760581824701));
#10407=CARTESIAN_POINT('',(-0.0223205452439213,0.,-0.0381760581824701));
#10408=CARTESIAN_POINT('',(-0.0230461650786321,0.,-0.0381760581824701));
#10409=CARTESIAN_POINT('',(-0.0230461650786321,0.,-0.035381843306437));
#10410=CARTESIAN_POINT('',(-0.0354089749959874,0.,-0.0394190333890817));
#10411=CARTESIAN_POINT('',(-0.0361089749959874,0.,-0.0388636614882552));
#10412=CARTESIAN_POINT('',(-0.0361089749959874,0.,-0.037886801984123));
#10413=CARTESIAN_POINT('',(-0.0354089749959874,0.,-0.0394190333890817));
#10414=CARTESIAN_POINT('',(-0.0361089749959874,0.,-0.037886801984123));
#10415=CARTESIAN_POINT('',(-0.0361089749959874,0.,-0.037886801984123));
#10416=CARTESIAN_POINT('',(-0.0361089749959874,0.,-0.037385975537842));
#10417=CARTESIAN_POINT('',(-0.0358841816075577,0.,-0.036988454876685));
#10418=CARTESIAN_POINT('',(-0.0358841816075577,0.,-0.036988454876685));
#10419=CARTESIAN_POINT('',(-0.0358841816075577,0.,-0.036988454876685));
#10420=CARTESIAN_POINT('',(-0.035659388219128,0.,-0.0365909342155279));
#10421=CARTESIAN_POINT('',(-0.0350445121860701,0.,-0.0361512647940403));
#10422=CARTESIAN_POINT('',(-0.0350445121860701,0.,-0.0361512647940403));
#10423=CARTESIAN_POINT('',(-0.0348478179711941,0.,-0.0360091160337098));
#10424=CARTESIAN_POINT('',(-0.034651123756318,0.,-0.0358669672733792));
#10425=CARTESIAN_POINT('',(-0.034651123756318,0.,-0.0358669672733792));
#10426=CARTESIAN_POINT('',(-0.0343007105331775,0.,-0.0356140747113957));
#10427=CARTESIAN_POINT('',(-0.0341279832604503,0.,-0.0353562234717262));
#10428=CARTESIAN_POINT('',(-0.0341279832604503,0.,-0.0353562234717262));
#10429=CARTESIAN_POINT('',(-0.0350457776146739,0.,-0.0347350187939183));
#10430=CARTESIAN_POINT('',(-0.0339388712883373,0.,-0.0347876284304039));
#10431=CARTESIAN_POINT('',(-0.033249470863756,0.,-0.0347876284304039));
#10432=CARTESIAN_POINT('',(-0.0325602146654089,0.,-0.0347876284304039));
#10433=CARTESIAN_POINT('',(-0.0325602146654089,0.,-0.0347876284304039));
#10434=CARTESIAN_POINT('',(-0.0325916196240867,0.,-0.0353149011576767));
#10435=CARTESIAN_POINT('',(-0.032856908880285,0.,-0.0357281242981726));
#10436=CARTESIAN_POINT('',(-0.032856908880285,0.,-0.0357281242981726));
#10437=CARTESIAN_POINT('',(-0.032856908880285,0.,-0.0357281242981726));
#10438=CARTESIAN_POINT('',(-0.0331221981364834,0.,-0.0361413474386684));
#10439=CARTESIAN_POINT('',(-0.0336395535083841,0.,-0.0365033309097428));
#10440=CARTESIAN_POINT('',(-0.0336395535083841,0.,-0.0365033309097428));
#10441=CARTESIAN_POINT('',(-0.0336395535083841,0.,-0.0365033309097428));
#10442=CARTESIAN_POINT('',(-0.0341916196240866,0.,-0.036885149091561));
#10443=CARTESIAN_POINT('',(-0.0344188923513593,0.,-0.0371768846287511));
#10444=CARTESIAN_POINT('',(-0.0344188923513593,0.,-0.0371768846287511));
#10445=CARTESIAN_POINT('',(-0.0336177865342537,0.,-0.0378229308995585));
#10446=CARTESIAN_POINT('',(-0.0346461650786321,0.,-0.0378256449593295));
#10447=CARTESIAN_POINT('',(-0.0346461650786321,0.,-0.0378256449593295));
#10448=CARTESIAN_POINT('',(-0.0346461650786321,0.,-0.038280190413875));
#10449=CARTESIAN_POINT('',(-0.034349470863756,0.,-0.0385438267775114));
#10450=CARTESIAN_POINT('',(-0.034349470863756,0.,-0.0385438267775114));
#10451=CARTESIAN_POINT('',(-0.034349470863756,0.,-0.0385438267775114));
#10452=CARTESIAN_POINT('',(-0.0340527766488801,0.,-0.0388074631411478));
#10453=CARTESIAN_POINT('',(-0.0335056692108635,0.,-0.0388074631411478));
#10454=CARTESIAN_POINT('',(-0.0335056692108635,0.,-0.0388074631411478));
#10455=CARTESIAN_POINT('',(-0.0335056692108635,0.,-0.0388074631411478));
#10456=CARTESIAN_POINT('',(-0.0329833551612767,0.,-0.0388074631411478));
#10457=CARTESIAN_POINT('',(-0.0326296361530122,0.,-0.0385025044634618));
#10458=CARTESIAN_POINT('',(-0.0326296361530122,0.,-0.0385025044634618));
#10459=CARTESIAN_POINT('',(-0.0326296361530122,0.,-0.0385025044634618));
#10460=CARTESIAN_POINT('',(-0.0322759171447478,0.,-0.0381975457857759));
#10461=CARTESIAN_POINT('',(-0.0322131072273924,0.,-0.0376967193394949));
#10462=CARTESIAN_POINT('',(-0.0322131072273924,0.,-0.0376967193394949));
#10463=CARTESIAN_POINT('',(-0.0314775700373098,0.,-0.0377272978518915));
#10464=CARTESIAN_POINT('',(-0.0307420328472271,0.,-0.0377578763642882));
#10465=CARTESIAN_POINT('',(-0.0307420328472271,0.,-0.0377578763642882));
#10466=CARTESIAN_POINT('',(-0.0308808758224337,0.,-0.0388074631411478));
#10467=CARTESIAN_POINT('',(-0.0316040163183015,0.,-0.0393909342155279));
#10468=CARTESIAN_POINT('',(-0.0316040163183015,0.,-0.0393909342155279));
#10469=CARTESIAN_POINT('',(-0.0316040163183015,0.,-0.0393909342155279));
#10470=CARTESIAN_POINT('',(-0.0323271568141693,0.,-0.0399744052899081));
#10471=CARTESIAN_POINT('',(-0.0334841816075577,0.,-0.0399744052899081));
#10472=CARTESIAN_POINT('',(-0.0334841816075577,0.,-0.0399744052899081));
#10473=CARTESIAN_POINT('',(-0.0334841816075577,0.,-0.0399744052899081));
#10474=CARTESIAN_POINT('',(-0.0347089749959874,0.,-0.0399744052899081));
#10475=CARTESIAN_POINT('',(-0.0354089749959874,0.,-0.0394190333890817));
#10476=CARTESIAN_POINT('',(-0.0332651733430949,0.,-0.0325876284304039));
#10477=CARTESIAN_POINT('',(-0.0340114543348305,0.,-0.0325876284304039));
#10478=CARTESIAN_POINT('',(-0.0325188923513593,0.,-0.0325876284304039));
#10479=CARTESIAN_POINT('',(-0.0325188923513593,0.,-0.033285149091561));
#10480=CARTESIAN_POINT('',(-0.0325188923513593,0.,-0.033982669752718));
#10481=CARTESIAN_POINT('',(-0.0332651733430949,0.,-0.033982669752718));
#10482=CARTESIAN_POINT('',(-0.0340114543348305,0.,-0.033982669752718));
#10483=CARTESIAN_POINT('',(-0.0340114543348305,0.,-0.033285149091561));
#10484=CARTESIAN_POINT('',(-0.00298170226871474,0.,-0.03358432264528));
#10485=CARTESIAN_POINT('',(-0.00237178491334284,0.,-0.032483496198999));
#10486=CARTESIAN_POINT('',(-0.00114203284722714,0.,-0.032483496198999));
#10487=CARTESIAN_POINT('',(-0.00298170226871474,0.,-0.03358432264528));
#10488=CARTESIAN_POINT('',(-0.00114203284722714,0.,-0.032483496198999));
#10489=CARTESIAN_POINT('',(-0.00114203284722714,0.,-0.032483496198999));
#10490=CARTESIAN_POINT('',(-0.000332115491855238,0.,-0.032483496198999));
#10491=CARTESIAN_POINT('',(0.000122429962690219,0.,-0.0329256449593296));
#10492=CARTESIAN_POINT('',(0.000122429962690219,0.,-0.0329256449593296));
#10493=CARTESIAN_POINT('',(0.000122429962690219,0.,-0.0329256449593296));
#10494=CARTESIAN_POINT('',(0.000576975417235677,0.,-0.0333677937196602));
#10495=CARTESIAN_POINT('',(0.000576975417235677,0.,-0.0341677937196601));
#10496=CARTESIAN_POINT('',(0.000576975417235677,0.,-0.0341677937196601));
#10497=CARTESIAN_POINT('',(0.000576975417235677,0.,-0.0341677937196601));
#10498=CARTESIAN_POINT('',(0.000576975417235677,0.,-0.0350355623147015));
#10499=CARTESIAN_POINT('',(1.16861610373262E-5,0.,-0.035490107769247));
#10500=CARTESIAN_POINT('',(1.16861610373262E-5,0.,-0.035490107769247));
#10501=CARTESIAN_POINT('',(1.16861610373262E-5,0.,-0.035490107769247));
#10502=CARTESIAN_POINT('',(-0.000553603095161018,0.,-0.0359446532237924));
#10503=CARTESIAN_POINT('',(-0.00162798326045028,0.,-0.0359562234717263));
#10504=CARTESIAN_POINT('',(-0.00162798326045028,0.,-0.0359562234717263));
#10505=CARTESIAN_POINT('',(-0.00222963615301226,0.,-0.0359661408270981));
#10506=CARTESIAN_POINT('',(-0.00283128904557425,0.,-0.0359760581824701));
#10507=CARTESIAN_POINT('',(-0.00283128904557425,0.,-0.0361182069428006));
#10508=CARTESIAN_POINT('',(-0.00283128904557425,0.,-0.0362603557031312));
#10509=CARTESIAN_POINT('',(-0.00283128904557425,0.,-0.0362603557031312));
#10510=CARTESIAN_POINT('',(-0.00283128904557425,0.,-0.0368074631411478));
#10511=CARTESIAN_POINT('',(-0.00264037995466515,0.,-0.0370735788436271));
#10512=CARTESIAN_POINT('',(-0.00264037995466515,0.,-0.0370735788436271));
#10513=CARTESIAN_POINT('',(-0.00264037995466515,0.,-0.0370735788436271));
#10514=CARTESIAN_POINT('',(-0.00244947086375606,0.,-0.0373396945461065));
#10515=CARTESIAN_POINT('',(-0.00201476011995441,0.,-0.0373396945461065));
#10516=CARTESIAN_POINT('',(-0.00201476011995441,0.,-0.0373396945461065));
#10517=CARTESIAN_POINT('',(-0.00201476011995441,0.,-0.0373396945461065));
#10518=CARTESIAN_POINT('',(-0.00161310722739243,0.,-0.0373396945461065));
#10519=CARTESIAN_POINT('',(-0.00142385102904532,0.,-0.0371562234717263));
#10520=CARTESIAN_POINT('',(-0.00142385102904532,0.,-0.0371562234717263));
#10521=CARTESIAN_POINT('',(-0.00142385102904532,0.,-0.0371562234717263));
#10522=CARTESIAN_POINT('',(-0.00123459483069821,0.,-0.0369727523973461));
#10523=CARTESIAN_POINT('',(-0.00118831383896267,0.,-0.0365496119014784));
#10524=CARTESIAN_POINT('',(-0.00118831383896267,0.,-0.0365496119014784));
#10525=CARTESIAN_POINT('',(-0.000432115491855234,0.,-0.036585975537842));
#10526=CARTESIAN_POINT('',(0.000324082855252205,0.,-0.0366223391742056));
#10527=CARTESIAN_POINT('',(0.000324082855252205,0.,-0.0366223391742056));
#10528=CARTESIAN_POINT('',(0.000185239880045589,0.,-0.0374372152072634));
#10529=CARTESIAN_POINT('',(-0.000421371690202343,0.,-0.0378587028105692));
#10530=CARTESIAN_POINT('',(-0.000421371690202343,0.,-0.0378587028105692));
#10531=CARTESIAN_POINT('',(-0.000421371690202343,0.,-0.0378587028105692));
#10532=CARTESIAN_POINT('',(-0.00102798326045028,0.,-0.038280190413875));
#10533=CARTESIAN_POINT('',(-0.00207757003730978,0.,-0.038280190413875));
#10534=CARTESIAN_POINT('',(-0.00207757003730978,0.,-0.038280190413875));
#10535=CARTESIAN_POINT('',(-0.00207757003730978,0.,-0.038280190413875));
#10536=CARTESIAN_POINT('',(-0.0031354212769792,0.,-0.038280190413875));
#10537=CARTESIAN_POINT('',(-0.00370897499598747,0.,-0.0377587028105692));
#10538=CARTESIAN_POINT('',(-0.00370897499598747,0.,-0.0377587028105692));
#10539=CARTESIAN_POINT('',(-0.00370897499598747,0.,-0.0377587028105692));
#10540=CARTESIAN_POINT('',(-0.00428252871499573,0.,-0.0372372152072634));
#10541=CARTESIAN_POINT('',(-0.00428252871499573,0.,-0.0362752317361891));
#10542=CARTESIAN_POINT('',(-0.00428252871499573,0.,-0.0362752317361891));
#10543=CARTESIAN_POINT('',(-0.00428252871499573,0.,-0.0352578763642882));
#10544=CARTESIAN_POINT('',(-0.00428252871499573,0.,-0.0342405209923874));
#10545=CARTESIAN_POINT('',(-0.00428252871499573,0.,-0.0342405209923874));
#10546=CARTESIAN_POINT('',(-0.00428252871499573,0.,-0.0337710995047841));
#10547=CARTESIAN_POINT('',(-0.00438831383896267,0.,-0.0335925871080899));
#10548=CARTESIAN_POINT('',(-0.00438831383896267,0.,-0.0335925871080899));
#10549=CARTESIAN_POINT('',(-0.00438831383896267,0.,-0.0335925871080899));
#10550=CARTESIAN_POINT('',(-0.00449409896292961,0.,-0.0334140747113957));
#10551=CARTESIAN_POINT('',(-0.00474203284722714,0.,-0.0334140747113957));
#10552=CARTESIAN_POINT('',(-0.00474203284722714,0.,-0.0334140747113957));
#10553=CARTESIAN_POINT('',(-0.00474632904081036,0.,-0.0350288920646635));
#10554=CARTESIAN_POINT('',(-0.00506269400425193,0.,-0.0334454237964542));
#10555=CARTESIAN_POINT('',(-0.00506269400425193,0.,-0.0330529176866023));
#10556=CARTESIAN_POINT('',(-0.00506269400425193,0.,-0.0326604334767641));
#10557=CARTESIAN_POINT('',(-0.00494253306471301,0.,-0.0326309298658107));
#10558=CARTESIAN_POINT('',(-0.00483045312417383,0.,-0.0326033694995701));
#10559=CARTESIAN_POINT('',(-0.00427948755867921,-1.39776709108583E-19,-0.0348211190391466));
#10560=CARTESIAN_POINT('',(-0.00462385339144708,0.,-0.0325619928516883));
#10561=CARTESIAN_POINT('',(-0.00406456376375069,0.,-0.0362930730300735));
#10562=CARTESIAN_POINT('',(-0.00440402106933215,0.,-0.0325355039260834));
#10563=CARTESIAN_POINT('',(-0.00415270593910528,0.,-0.0355312835313345));
#10564=CARTESIAN_POINT('',(-0.00413376838441721,0.,-0.0325248185130486));
#10565=CARTESIAN_POINT('',(-0.00413376838441721,0.,-0.0325248185130486));
#10566=CARTESIAN_POINT('',(-0.0035850080538387,0.,-0.0325248185130486));
#10567=CARTESIAN_POINT('',(-0.00332467747532631,0.,-0.0327942400006519));
#10568=CARTESIAN_POINT('',(-0.00332467747532631,0.,-0.0327942400006519));
#10569=CARTESIAN_POINT('',(-0.00332467747532631,0.,-0.0327942400006519));
#10570=CARTESIAN_POINT('',(-0.00306434689681391,0.,-0.0330636614882552));
#10571=CARTESIAN_POINT('',(-0.00301145433483045,0.,-0.03358432264528));
#10572=CARTESIAN_POINT('',(-0.00301145433483045,0.,-0.03358432264528));
#10573=CARTESIAN_POINT('',(-0.00299657830177259,0.,-0.03358432264528));
#10574=CARTESIAN_POINT('',(0.0298100332684753,0.,-0.035381843306437));
#10575=CARTESIAN_POINT('',(0.0290761489709547,0.,-0.0381760581824701));
#10576=CARTESIAN_POINT('',(0.030543917565996,0.,-0.0325876284304039));
#10577=CARTESIAN_POINT('',(0.0313108597147563,0.,-0.0325876284304039));
#10578=CARTESIAN_POINT('',(0.0320778018635167,0.,-0.0325876284304039));
#10579=CARTESIAN_POINT('',(0.0325216035164093,0.,-0.0342925871080899));
#10580=CARTESIAN_POINT('',(0.0329654051693018,0.,-0.0359975457857759));
#10581=CARTESIAN_POINT('',(0.0329654051693018,0.,-0.0359975457857759));
#10582=CARTESIAN_POINT('',(0.0330282150866571,0.,-0.0362289507444536));
#10583=CARTESIAN_POINT('',(0.0332083803759134,0.,-0.0371430003312304));
#10584=CARTESIAN_POINT('',(0.0332083803759134,0.,-0.0371430003312304));
#10585=CARTESIAN_POINT('',(0.033343091119715,0.,-0.0365644879345362));
#10586=CARTESIAN_POINT('',(0.0334778018635166,0.,-0.035985975537842));
#10587=CARTESIAN_POINT('',(0.0339273886403761,0.,-0.0342868019841229));
#10588=CARTESIAN_POINT('',(0.0343769754172357,0.,-0.0325876284304039));
#10589=CARTESIAN_POINT('',(0.035143917565996,0.,-0.0325876284304039));
#10590=CARTESIAN_POINT('',(0.0359108597147563,0.,-0.0325876284304039));
#10591=CARTESIAN_POINT('',(0.0366340002106241,0.,-0.035381843306437));
#10592=CARTESIAN_POINT('',(0.0373571407064918,0.,-0.0381760581824701));
#10593=CARTESIAN_POINT('',(0.0366753225246737,0.,-0.0381760581824701));
#10594=CARTESIAN_POINT('',(0.0359935043428555,0.,-0.0381760581824701));
#10595=CARTESIAN_POINT('',(0.0355331737643431,0.,-0.0360405209923874));
#10596=CARTESIAN_POINT('',(0.0350728431858307,0.,-0.0339049838023048));
#10597=CARTESIAN_POINT('',(0.0350373059957481,0.,-0.0340958928932139));
#10598=CARTESIAN_POINT('',(0.0350017688056654,0.,-0.0342868019841229));
#10599=CARTESIAN_POINT('',(0.034937305995748,0.,-0.0345892813229659));
#10600=CARTESIAN_POINT('',(0.0348728431858307,0.,-0.0348917606618089));
#10601=CARTESIAN_POINT('',(0.0344331737643431,0.,-0.0365339094221395));
#10602=CARTESIAN_POINT('',(0.0339935043428555,0.,-0.0381760581824701));
#10603=CARTESIAN_POINT('',(0.0332166448387233,0.,-0.0381760581824701));
#10604=CARTESIAN_POINT('',(0.0324397853345911,0.,-0.0381760581824701));
#10605=CARTESIAN_POINT('',(0.0320108597147563,0.,-0.0365339094221395));
#10606=CARTESIAN_POINT('',(0.0315819340949216,0.,-0.0348917606618089));
#10607=CARTESIAN_POINT('',(0.0315819340949216,0.,-0.0348917606618089));
#10608=CARTESIAN_POINT('',(0.0315092068221944,0.,-0.0346223391742056));
#10609=CARTESIAN_POINT('',(0.0313703638469877,0.,-0.0339049838023048));
#10610=CARTESIAN_POINT('',(0.0313703638469877,0.,-0.0339049838023048));
#10611=CARTESIAN_POINT('',(0.0312976365742605,0.,-0.0342454796700734));
#10612=CARTESIAN_POINT('',(0.0312249093015332,0.,-0.0345859755378419));
#10613=CARTESIAN_POINT('',(0.0308224299626902,0.,-0.036381016860156));
#10614=CARTESIAN_POINT('',(0.0304199506238472,0.,-0.0381760581824701));
#10615=CARTESIAN_POINT('',(0.0297480497974009,0.,-0.0381760581824701));
#10616=CARTESIAN_POINT('',(0.00583572362170262,0.,0.0159558426439762));
#10617=CARTESIAN_POINT('',(0.00176732022639139,0.,0.0159558426439762));
#10618=CARTESIAN_POINT('',(0.00990412701701386,0.,0.0159558426439762));
#10619=CARTESIAN_POINT('',(0.00990412701701386,0.,0.0150230940586893));
#10620=CARTESIAN_POINT('',(0.00990412701701386,0.,0.0140903454734022));
#10621=CARTESIAN_POINT('',(0.00751827010513027,0.,0.0109037044063044));
#10622=CARTESIAN_POINT('',(0.00513241319324668,0.,0.00771706333920661));
#10623=CARTESIAN_POINT('',(0.00732632184320626,0.,0.00771706333920661));
#10624=CARTESIAN_POINT('',(0.00952023049316584,0.,0.00771706333920661));
#10625=CARTESIAN_POINT('',(0.00952023049316584,0.,0.00676631960436425));
#10626=CARTESIAN_POINT('',(0.00952023049316584,0.,0.00581557586952189));
#10627=CARTESIAN_POINT('',(0.00587321351660965,0.,0.00581557586952189));
#10628=CARTESIAN_POINT('',(0.00222619654005347,0.,0.00581557586952189));
#10629=CARTESIAN_POINT('',(0.00222619654005347,0.,0.00675732202958656));
#10630=CARTESIAN_POINT('',(0.00222619654005347,0.,0.00769906818965123));
#10631=CARTESIAN_POINT('',(0.00459855708977053,0.,0.0108662145113974));
#10632=CARTESIAN_POINT('',(0.00697091763948758,0.,0.0140333608331435));
#10633=CARTESIAN_POINT('',(0.00436911893293948,0.,0.0140333608331435));
#10634=CARTESIAN_POINT('',(0.00176732022639139,0.,0.0140333608331435));
#10635=CARTESIAN_POINT('',(0.00176732022639139,0.,0.0149946017385599));
#10636=CARTESIAN_POINT('',(-0.0231154728213046,0.,0.00784003019450168));
#10637=CARTESIAN_POINT('',(-0.0230961254860104,0.,0.00784003019450168));
#10638=CARTESIAN_POINT('',(-0.0231349675666563,0.,0.00784003019450168));
#10639=CARTESIAN_POINT('',(-0.0231349675666563,0.,0.00784003019450168));
#10640=CARTESIAN_POINT('',(-0.0236688236701324,0.,0.00667634385658737));
#10641=CARTESIAN_POINT('',(-0.0244741066127355,0.,0.0061514853278889));
#10642=CARTESIAN_POINT('',(-0.0244741066127355,0.,0.0061514853278889));
#10643=CARTESIAN_POINT('',(-0.0244741066127355,0.,0.0061514853278889));
#10644=CARTESIAN_POINT('',(-0.0252793895553386,0.,0.00562662679919044));
#10645=CARTESIAN_POINT('',(-0.0263950888277719,0.,0.00562662679919044));
#10646=CARTESIAN_POINT('',(-0.0263950888277719,0.,0.00562662679919044));
#10647=CARTESIAN_POINT('',(-0.0263950888277719,0.,0.00562662679919044));
#10648=CARTESIAN_POINT('',(-0.0280086539045706,0.,0.00562662679919044));
#10649=CARTESIAN_POINT('',(-0.0288709214874324,0.,0.00662085881212496));
#10650=CARTESIAN_POINT('',(-0.0288709214874324,0.,0.00662085881212496));
#10651=CARTESIAN_POINT('',(-0.0288709214874324,0.,0.00662085881212496));
#10652=CARTESIAN_POINT('',(-0.0297331890702941,0.,0.00761509082505948));
#10653=CARTESIAN_POINT('',(-0.0297331890702941,0.,0.00952557586952188));
#10654=CARTESIAN_POINT('',(-0.0297331890702941,0.,0.00952557586952189));
#10655=CARTESIAN_POINT('',(-0.0297331890702941,0.,0.012740709256749));
#10656=CARTESIAN_POINT('',(-0.0297331890702941,0.,0.0159558426439762));
#10657=CARTESIAN_POINT('',(-0.028421042748548,0.,0.0159558426439762));
#10658=CARTESIAN_POINT('',(-0.0271088964268018,0.,0.0159558426439762));
#10659=CARTESIAN_POINT('',(-0.0271088964268018,0.,0.0131156082058194));
#10660=CARTESIAN_POINT('',(-0.0271088964268018,0.,0.0102753737676625));
#10661=CARTESIAN_POINT('',(-0.0271088964268018,0.,0.0102753737676625));
#10662=CARTESIAN_POINT('',(-0.0271088964268018,0.,0.00760609325028179));
#10663=CARTESIAN_POINT('',(-0.025297384704894,0.,0.00760609325028179));
#10664=CARTESIAN_POINT('',(-0.025297384704894,0.,0.00760609325028179));
#10665=CARTESIAN_POINT('',(-0.025297384704894,0.,0.00760609325028179));
#10666=CARTESIAN_POINT('',(-0.024343641778459,0.,0.00760609325028179));
#10667=CARTESIAN_POINT('',(-0.0237572998221131,0.,0.00842487255505139));
#10668=CARTESIAN_POINT('',(-0.0237572998221131,0.,0.00842487255505139));
#10669=CARTESIAN_POINT('',(-0.0237572998221131,0.,0.00842487255505139));
#10670=CARTESIAN_POINT('',(-0.0231709578657671,0.,0.009243651859821));
#10671=CARTESIAN_POINT('',(-0.0231709578657671,0.,0.0105303050530304));
#10672=CARTESIAN_POINT('',(-0.0231709578657671,0.,0.0105303050530304));
#10673=CARTESIAN_POINT('',(-0.0231709578657671,0.,0.0132430738485033));
#10674=CARTESIAN_POINT('',(-0.0231709578657671,0.,0.0159558426439762));
#10675=CARTESIAN_POINT('',(-0.021854312756632,0.,0.0159558426439762));
#10676=CARTESIAN_POINT('',(-0.0205376676474971,0.,0.0159558426439762));
#10677=CARTESIAN_POINT('',(-0.0205376676474971,0.,0.00900071734082342));
#10678=CARTESIAN_POINT('',(-0.0205376676474971,0.,0.00204559203767063));
#10679=CARTESIAN_POINT('',(-0.021854312756632,0.,0.00204559203767063));
#10680=CARTESIAN_POINT('',(-0.0231709578657671,0.,0.00204559203767063));
#10681=CARTESIAN_POINT('',(-0.0231709578657671,0.,0.00394408031576279));
#10682=CARTESIAN_POINT('',(-0.0231708845402289,0.,0.00584256866752467));
#10683=CARTESIAN_POINT('',(0.00287754275792865,0.,0.00586873936406367));
#10684=CARTESIAN_POINT('',(-0.0340790176879174,0.,0.0159558426439762));
#10685=CARTESIAN_POINT('',(-0.0354286539045706,0.,0.0159558426439762));
#10686=CARTESIAN_POINT('',(-0.0327293814712643,0.,0.0159558426439762));
#10687=CARTESIAN_POINT('',(-0.0327293814712643,0.,0.0146901837919148));
#10688=CARTESIAN_POINT('',(-0.0327293814712643,0.,0.0134245249398533));
#10689=CARTESIAN_POINT('',(-0.0340790176879174,0.,0.0134245249398533));
#10690=CARTESIAN_POINT('',(-0.0354286539045706,0.,0.0134245249398533));
#10691=CARTESIAN_POINT('',(-0.0354286539045706,0.,0.0146901837919148));
#10692=CARTESIAN_POINT('',(0.0236884115764318,0.,0.010885709256749));
#10693=CARTESIAN_POINT('',(0.022356770509334,0.,0.00581557586952189));
#10694=CARTESIAN_POINT('',(0.0250200526435296,0.,0.0159558426439762));
#10695=CARTESIAN_POINT('',(0.0264116775424787,0.,0.0159558426439762));
#10696=CARTESIAN_POINT('',(0.0278033024414278,0.,0.0159558426439762));
#10697=CARTESIAN_POINT('',(0.0286085853840309,0.,0.0128621765162478));
#10698=CARTESIAN_POINT('',(0.0294138683266339,0.,0.00976851038851946));
#10699=CARTESIAN_POINT('',(0.0294138683266339,0.,0.00976851038851946));
#10700=CARTESIAN_POINT('',(0.0295278376071513,0.,0.00934862356556069));
#10701=CARTESIAN_POINT('',(0.0298547494907406,0.,0.00769007061487354));
#10702=CARTESIAN_POINT('',(0.0298547494907406,0.,0.00769007061487354));
#10703=CARTESIAN_POINT('',(0.0300991836055345,0.,0.00873978767227047));
#10704=CARTESIAN_POINT('',(0.0303436177203283,0.,0.0097895047296674));
#10705=CARTESIAN_POINT('',(0.0311593978335054,0.,0.0128726736868218));
#10706=CARTESIAN_POINT('',(0.0319751779466824,0.,0.0159558426439762));
#10707=CARTESIAN_POINT('',(0.0333668028456315,0.,0.0159558426439762));
#10708=CARTESIAN_POINT('',(0.0347584277445805,0.,0.0159558426439762));
#10709=CARTESIAN_POINT('',(0.0360705740663267,0.,0.010885709256749));
#10710=CARTESIAN_POINT('',(0.0373827203880729,0.,0.00581557586952189));
#10711=CARTESIAN_POINT('',(0.0361455538561408,0.,0.00581557586952189));
#10712=CARTESIAN_POINT('',(0.0349083873242087,0.,0.00581557586952189));
#10713=CARTESIAN_POINT('',(0.03407311246568,0.,0.00969053140711283));
#10714=CARTESIAN_POINT('',(0.0332378376071513,0.,0.0135654869447038));
#10715=CARTESIAN_POINT('',(0.0331733549879112,0.,0.0132190803157628));
#10716=CARTESIAN_POINT('',(0.0331088723686711,0.,0.0128726736868218));
#10717=CARTESIAN_POINT('',(0.0329919038965611,0.,0.0123238216253828));
#10718=CARTESIAN_POINT('',(0.0328749354244512,0.,0.0117749695639439));
#10719=CARTESIAN_POINT('',(0.0320771504608295,0.,0.00879527271673288));
#10720=CARTESIAN_POINT('',(0.0312793654972079,0.,0.00581557586952189));
#10721=CARTESIAN_POINT('',(0.0298697454487035,0.,0.00581557586952189));
#10722=CARTESIAN_POINT('',(0.028460125400199,0.,0.00581557586952189));
#10723=CARTESIAN_POINT('',(0.027681835181929,0.,0.00879527271673288));
#10724=CARTESIAN_POINT('',(0.0269035449636589,0.,0.0117749695639439));
#10725=CARTESIAN_POINT('',(0.0269035449636589,0.,0.0117749695639439));
#10726=CARTESIAN_POINT('',(0.0267715805335862,0.,0.0122638377935316));
#10727=CARTESIAN_POINT('',(0.026519648439811,0.,0.0135654869447038));
#10728=CARTESIAN_POINT('',(0.026519648439811,0.,0.0135654869447038));
#10729=CARTESIAN_POINT('',(0.0263876840097382,0.,0.0129476534766359));
#10730=CARTESIAN_POINT('',(0.0262557195796655,0.,0.012329820008568));
#10731=CARTESIAN_POINT('',(0.0255254164268764,0.,0.00907269793904492));
#10732=CARTESIAN_POINT('',(0.0247951132740875,0.,0.00581557586952189));
#10733=CARTESIAN_POINT('',(0.0235759418917107,0.,0.00581557586952189));
#10734=CARTESIAN_POINT('',(0.0413257357478142,0.013,-0.0121241573560238));
#10735=CARTESIAN_POINT('',(0.0413257357478142,0.013,-0.0402041573560238));
#10736=CARTESIAN_POINT('',(0.0413257357478142,0.013,-0.0402041573560238));
#10737=CARTESIAN_POINT('',(0.0413257357478142,0.003,-0.0402041573560238));
#10738=CARTESIAN_POINT('',(0.0413257357478142,0.003,-0.0121241573560238));
#10739=CARTESIAN_POINT('',(0.0413257357478142,0.003,0.0159558426439762));
#10740=CARTESIAN_POINT('',(0.0413257357478142,0.013,0.0159558426439762));
#10741=CARTESIAN_POINT('',(0.0413257357478142,0.013,0.0159558426439762));
#10742=CARTESIAN_POINT('',(0.0413257357478142,0.013,-0.0121241573560238));
#10743=CARTESIAN_POINT('',(0.000225735747814176,0.013,-0.0442041573560238));
#10744=CARTESIAN_POINT('',(-0.0368742642521859,0.013,-0.0442041573560238));
#10745=CARTESIAN_POINT('',(-0.0368742642521859,0.013,-0.0442041573560238));
#10746=CARTESIAN_POINT('',(-0.0368742642521859,0.003,-0.0442041573560238));
#10747=CARTESIAN_POINT('',(0.000225735747814176,0.003,-0.0442041573560238));
#10748=CARTESIAN_POINT('',(0.0373257357478142,0.003,-0.0442041573560238));
#10749=CARTESIAN_POINT('',(0.0373257357478142,0.013,-0.0442041573560238));
#10750=CARTESIAN_POINT('',(0.0373257357478142,0.013,-0.0442041573560238));
#10751=CARTESIAN_POINT('',(0.000225735747814176,0.013,-0.0442041573560238));
#10752=CARTESIAN_POINT('',(-0.0408742642521859,0.013,-0.0121241573560238));
#10753=CARTESIAN_POINT('',(-0.0408742642521859,0.003,-0.0121241573560238));
#10754=CARTESIAN_POINT('',(-0.0408742642521859,0.003,-0.0402041573560238));
#10755=CARTESIAN_POINT('',(-0.0408742642521859,0.003,0.0159558426439762));
#10756=CARTESIAN_POINT('',(-0.0408742642521859,0.013,-0.0402041573560238));
#10757=CARTESIAN_POINT('',(-0.0408742642521859,0.013,-0.0402041573560238));
#10758=CARTESIAN_POINT('',(-0.0408742642521859,0.013,-0.0121241573560238));
#10759=CARTESIAN_POINT('',(-0.0408742642521859,0.013,0.0159558426439762));
#10760=CARTESIAN_POINT('',(-0.0408742642521859,0.013,0.0159558426439762));
#10761=CARTESIAN_POINT('',(0.000225735747814176,0.013,0.0199558426439762));
#10762=CARTESIAN_POINT('',(0.000225735747814176,0.003,0.0199558426439762));
#10763=CARTESIAN_POINT('',(-0.0368742642521859,0.003,0.0199558426439762));
#10764=CARTESIAN_POINT('',(0.0373257357478142,0.003,0.0199558426439762));
#10765=CARTESIAN_POINT('',(-0.0368742642521859,0.013,0.0199558426439762));
#10766=CARTESIAN_POINT('',(-0.0368742642521859,0.013,0.0199558426439762));
#10767=CARTESIAN_POINT('',(0.000225735747814176,0.013,0.0199558426439762));
#10768=CARTESIAN_POINT('',(0.0373257357478142,0.013,0.0199558426439762));
#10769=CARTESIAN_POINT('',(0.0373257357478142,0.013,0.0199558426439762));
#10770=CARTESIAN_POINT('',(0.0373257357478142,0.013,-0.0402041573560237));
#10771=CARTESIAN_POINT('',(0.0373257357478142,0.003,-0.0402041573560237));
#10772=CARTESIAN_POINT('',(0.0373257357478142,0.013,-0.0402041573560237));
#10773=CARTESIAN_POINT('',(0.0373257357478142,0.013,0.0159558426439762));
#10774=CARTESIAN_POINT('',(0.0373257357478142,0.003,0.0159558426439762));
#10775=CARTESIAN_POINT('',(0.0373257357478142,0.013,0.0159558426439762));
#10776=CARTESIAN_POINT('',(-0.0368742642521859,0.013,0.0159558426439762));
#10777=CARTESIAN_POINT('',(-0.0368742642521859,0.003,0.0159558426439762));
#10778=CARTESIAN_POINT('',(-0.0368742642521859,0.013,0.0159558426439762));
#10779=CARTESIAN_POINT('',(-0.0368742642521858,0.013,-0.0402041573560237));
#10780=CARTESIAN_POINT('',(-0.0368742642521858,0.003,-0.0402041573560237));
#10781=CARTESIAN_POINT('',(-0.0368742642521858,0.013,-0.0402041573560237));
#10782=CARTESIAN_POINT('',(0.0463257357478142,0.013,-0.0121241573560238));
#10783=CARTESIAN_POINT('',(0.0463257357478142,0.013,-0.0452041573560238));
#10784=CARTESIAN_POINT('',(0.0463257357478142,0.013,-0.0452041573560238));
#10785=CARTESIAN_POINT('',(0.0463257357478142,0.013,-0.0121241573560238));
#10786=CARTESIAN_POINT('',(0.0463257357478142,0.013,0.0209558426439762));
#10787=CARTESIAN_POINT('',(0.0463257357478142,0.013,0.0209558426439762));
#10788=CARTESIAN_POINT('',(0.0423257357478142,0.013,-0.0452041573560238));
#10789=CARTESIAN_POINT('',(0.0423257357478142,0.013,-0.0492041573560238));
#10790=CARTESIAN_POINT('',(0.0423257357478142,0.013,-0.0492041573560238));
#10791=CARTESIAN_POINT('',(0.0423257357478142,0.013,-0.0452041573560238));
#10792=CARTESIAN_POINT('',(0.000225735747814176,0.013,-0.0492041573560238));
#10793=CARTESIAN_POINT('',(-0.0418742642521858,0.013,-0.0492041573560238));
#10794=CARTESIAN_POINT('',(-0.0418742642521858,0.013,-0.0492041573560238));
#10795=CARTESIAN_POINT('',(0.000225735747814176,0.013,-0.0492041573560238));
#10796=CARTESIAN_POINT('',(-0.0418742642521858,0.013,-0.0452041573560238));
#10797=CARTESIAN_POINT('',(-0.0458742642521858,0.013,-0.0452041573560238));
#10798=CARTESIAN_POINT('',(-0.0458742642521858,0.013,-0.0452041573560238));
#10799=CARTESIAN_POINT('',(-0.0418742642521858,0.013,-0.0452041573560238));
#10800=CARTESIAN_POINT('',(-0.0458742642521858,0.013,-0.0121241573560238));
#10801=CARTESIAN_POINT('',(-0.0458742642521859,0.013,0.0209558426439762));
#10802=CARTESIAN_POINT('',(-0.0458742642521859,0.013,0.0209558426439762));
#10803=CARTESIAN_POINT('',(-0.0458742642521858,0.013,-0.0121241573560238));
#10804=CARTESIAN_POINT('',(-0.0418742642521858,0.013,0.0209558426439762));
#10805=CARTESIAN_POINT('',(-0.0418742642521858,0.013,0.0249558426439762));
#10806=CARTESIAN_POINT('',(-0.0418742642521858,0.013,0.0249558426439762));
#10807=CARTESIAN_POINT('',(-0.0418742642521858,0.013,0.0209558426439762));
#10808=CARTESIAN_POINT('',(0.000225735747814176,0.013,0.0249558426439762));
#10809=CARTESIAN_POINT('',(0.0423257357478142,0.013,0.0249558426439762));
#10810=CARTESIAN_POINT('',(0.0423257357478142,0.013,0.0249558426439762));
#10811=CARTESIAN_POINT('',(0.000225735747814176,0.013,0.0249558426439762));
#10812=CARTESIAN_POINT('',(0.0423257357478142,0.013,-0.0452041573560238));
#10813=CARTESIAN_POINT('',(0.0423257357478142,0.013,-0.0452041573560238));
#10814=CARTESIAN_POINT('',(0.0430757357478142,0.013,-0.0452041573560238));
#10815=CARTESIAN_POINT('',(0.0423257357478142,0.013,0.0209558426439762));
#10816=CARTESIAN_POINT('',(0.0423257357478142,0.013,0.0209558426439762));
#10817=CARTESIAN_POINT('',(0.0430757357478142,0.013,0.0209558426439762));
#10818=CARTESIAN_POINT('',(-0.0418742642521858,0.013,0.0209558426439762));
#10819=CARTESIAN_POINT('',(-0.0418742642521858,0.013,0.0209558426439762));
#10820=CARTESIAN_POINT('',(-0.0411242642521858,0.013,0.0209558426439762));
#10821=CARTESIAN_POINT('',(-0.0418742642521858,0.013,-0.0452041573560238));
#10822=CARTESIAN_POINT('',(-0.0418742642521858,0.013,-0.0452041573560238));
#10823=CARTESIAN_POINT('',(-0.0411242642521858,0.013,-0.0452041573560238));
#10824=CARTESIAN_POINT('',(0.0423257357478141,0.013,0.0209558426439762));
#10825=CARTESIAN_POINT('',(0.0423257357478141,0.013,0.0209558426439762));
#10826=CARTESIAN_POINT('',(0.000225735747814176,0.013,-0.0121241573560238));
#10827=CARTESIAN_POINT('',(0.000225735747814176,0.003,-0.0121241573560238));
#10828=CARTESIAN_POINT('',(0.026938132442029,0.001,-0.0370603557031313));
#10829=CARTESIAN_POINT('',(0.0269487950041279,0.001,-0.0370603557031313));
#10830=CARTESIAN_POINT('',(0.0269487950041279,0.001,-0.0370603557031313));
#10831=CARTESIAN_POINT('',(0.026938132442029,0.001,-0.0370603557031313));
#10832=CARTESIAN_POINT('',(0.0269273886403762,0.001,-0.0370603557031313));
#10833=CARTESIAN_POINT('',(0.0269273886403762,0.001,-0.0370603557031313));
#10834=CARTESIAN_POINT('',(0.0269273886403762,0.001,-0.0370603557031313));
#10835=CARTESIAN_POINT('',(0.0269273886403762,0.,-0.0370603557031313));
#10836=CARTESIAN_POINT('',(0.0267312453896874,0.001,-0.0374879039124976));
#10837=CARTESIAN_POINT('',(0.0267312453896874,0.,-0.0374879039124976));
#10838=CARTESIAN_POINT('',(0.0264852398800456,0.001,-0.0377980967499632));
#10839=CARTESIAN_POINT('',(0.0264852398800456,0.,-0.0377980967499632));
#10840=CARTESIAN_POINT('',(0.0261893721114505,0.001,-0.0379909342155279));
#10841=CARTESIAN_POINT('',(0.0261893721114505,0.,-0.0379909342155279));
#10842=CARTESIAN_POINT('',(0.0269273886403762,0.001,-0.0370603557031313));
#10843=CARTESIAN_POINT('',(0.0266331737643431,0.001,-0.0377016780171808));
#10844=CARTESIAN_POINT('',(0.0261893721114505,0.001,-0.0379909342155279));
#10845=CARTESIAN_POINT('',(0.0261893721114505,0.001,-0.0379909342155279));
#10846=CARTESIAN_POINT('',(0.0261893721114505,0.001,-0.0379909342155279));
#10847=CARTESIAN_POINT('',(0.0261893721114505,0.001,-0.0379909342155279));
#10848=CARTESIAN_POINT('',(0.0261893721114505,0.,-0.0379909342155279));
#10849=CARTESIAN_POINT('',(0.0258935043428555,0.001,-0.0381837716810927));
#10850=CARTESIAN_POINT('',(0.0258935043428555,0.,-0.0381837716810927));
#10851=CARTESIAN_POINT('',(0.0255406117808721,0.001,-0.038280190413875));
#10852=CARTESIAN_POINT('',(0.0255406117808721,0.,-0.038280190413875));
#10853=CARTESIAN_POINT('',(0.0251306944255002,0.001,-0.038280190413875));
#10854=CARTESIAN_POINT('',(0.0251306944255002,0.,-0.038280190413875));
#10855=CARTESIAN_POINT('',(0.0261893721114505,0.001,-0.0379909342155279));
#10856=CARTESIAN_POINT('',(0.025745570458558,0.001,-0.038280190413875));
#10857=CARTESIAN_POINT('',(0.0251306944255002,0.001,-0.038280190413875));
#10858=CARTESIAN_POINT('',(0.0251306944255002,0.001,-0.038280190413875));
#10859=CARTESIAN_POINT('',(0.0251306944255002,0.001,-0.038280190413875));
#10860=CARTESIAN_POINT('',(0.0251306944255002,0.001,-0.038280190413875));
#10861=CARTESIAN_POINT('',(0.0251306944255002,0.,-0.038280190413875));
#10862=CARTESIAN_POINT('',(0.0245378569599354,0.001,-0.038280190413875));
#10863=CARTESIAN_POINT('',(0.0245378569599354,0.,-0.038280190413875));
#10864=CARTESIAN_POINT('',(0.0240830360232963,0.001,-0.0380975457857759));
#10865=CARTESIAN_POINT('',(0.0240830360232963,0.,-0.0380975457857759));
#10866=CARTESIAN_POINT('',(0.0237662316155828,0.001,-0.0377322565295775));
#10867=CARTESIAN_POINT('',(0.0237662316155828,0.,-0.0377322565295775));
#10868=CARTESIAN_POINT('',(0.0251306944255002,0.001,-0.038280190413875));
#10869=CARTESIAN_POINT('',(0.0242414382271531,0.001,-0.038280190413875));
#10870=CARTESIAN_POINT('',(0.0237662316155828,0.001,-0.0377322565295775));
#10871=CARTESIAN_POINT('',(0.0237662316155828,0.001,-0.0377322565295775));
#10872=CARTESIAN_POINT('',(0.0237662316155828,0.001,-0.0377322565295775));
#10873=CARTESIAN_POINT('',(0.0237662316155828,0.001,-0.0377322565295775));
#10874=CARTESIAN_POINT('',(0.0237662316155828,0.,-0.0377322565295775));
#10875=CARTESIAN_POINT('',(0.0234494272078693,0.001,-0.0373669672733792));
#10876=CARTESIAN_POINT('',(0.0234494272078693,0.,-0.0373669672733792));
#10877=CARTESIAN_POINT('',(0.0232910250040126,0.001,-0.0368333584579522));
#10878=CARTESIAN_POINT('',(0.0232910250040126,0.,-0.0368333584579522));
#10879=CARTESIAN_POINT('',(0.0232910250040126,0.001,-0.0361314300832965));
#10880=CARTESIAN_POINT('',(0.0232910250040126,0.,-0.0361314300832965));
#10881=CARTESIAN_POINT('',(0.0237662316155828,0.001,-0.0377322565295775));
#10882=CARTESIAN_POINT('',(0.0232910250040126,0.001,-0.03718432264528));
#10883=CARTESIAN_POINT('',(0.0232910250040126,0.001,-0.0361314300832965));
#10884=CARTESIAN_POINT('',(0.0232910250040126,0.001,-0.0361314300832965));
#10885=CARTESIAN_POINT('',(0.0232910250040126,0.001,-0.0361314300832965));
#10886=CARTESIAN_POINT('',(0.0232910250040126,0.001,-0.0343595292568502));
#10887=CARTESIAN_POINT('',(0.0232910250040126,0.001,-0.0343595292568502));
#10888=CARTESIAN_POINT('',(0.0232910250040126,0.001,-0.0325876284304039));
#10889=CARTESIAN_POINT('',(0.0232910250040126,0.001,-0.0325876284304039));
#10890=CARTESIAN_POINT('',(0.0240141654998803,0.001,-0.0325876284304039));
#10891=CARTESIAN_POINT('',(0.0240141654998803,0.001,-0.0325876284304039));
#10892=CARTESIAN_POINT('',(0.024737305995748,0.001,-0.0325876284304039));
#10893=CARTESIAN_POINT('',(0.024737305995748,0.001,-0.0325876284304039));
#10894=CARTESIAN_POINT('',(0.024737305995748,0.001,-0.0341529176866023));
#10895=CARTESIAN_POINT('',(0.024737305995748,0.001,-0.0341529176866023));
#10896=CARTESIAN_POINT('',(0.024737305995748,0.001,-0.0357182069428007));
#10897=CARTESIAN_POINT('',(0.024737305995748,0.001,-0.0357182069428007));
#10898=CARTESIAN_POINT('',(0.024737305995748,0.001,-0.0357182069428007));
#10899=CARTESIAN_POINT('',(0.024737305995748,0.,-0.0357182069428007));
#10900=CARTESIAN_POINT('',(0.024737305995748,0.001,-0.0366989231962442));
#10901=CARTESIAN_POINT('',(0.024737305995748,0.,-0.0366989231962442));
#10902=CARTESIAN_POINT('',(0.0250700883648941,0.001,-0.037189281322966));
#10903=CARTESIAN_POINT('',(0.0250700883648941,0.,-0.037189281322966));
#10904=CARTESIAN_POINT('',(0.0257356531031861,0.001,-0.037189281322966));
#10905=CARTESIAN_POINT('',(0.0257356531031861,0.,-0.037189281322966));
#10906=CARTESIAN_POINT('',(0.024737305995748,0.001,-0.0357182069428007));
#10907=CARTESIAN_POINT('',(0.024737305995748,0.001,-0.037189281322966));
#10908=CARTESIAN_POINT('',(0.0257356531031861,0.001,-0.037189281322966));
#10909=CARTESIAN_POINT('',(0.0257356531031861,0.001,-0.037189281322966));
#10910=CARTESIAN_POINT('',(0.0257356531031861,0.001,-0.037189281322966));
#10911=CARTESIAN_POINT('',(0.0257356531031861,0.001,-0.037189281322966));
#10912=CARTESIAN_POINT('',(0.0257356531031861,0.,-0.037189281322966));
#10913=CARTESIAN_POINT('',(0.0260860663263266,0.001,-0.037189281322966));
#10914=CARTESIAN_POINT('',(0.0260860663263266,0.,-0.037189281322966));
#10915=CARTESIAN_POINT('',(0.0263689864365194,0.001,-0.0370388680998254));
#10916=CARTESIAN_POINT('',(0.0263689864365194,0.,-0.0370388680998254));
#10917=CARTESIAN_POINT('',(0.0265844134337646,0.001,-0.0367380416535444));
#10918=CARTESIAN_POINT('',(0.0265844134337646,0.,-0.0367380416535444));
#10919=CARTESIAN_POINT('',(0.0257356531031861,0.001,-0.037189281322966));
#10920=CARTESIAN_POINT('',(0.0262612729378968,0.001,-0.037189281322966));
#10921=CARTESIAN_POINT('',(0.0265844134337646,0.001,-0.0367380416535444));
#10922=CARTESIAN_POINT('',(0.0265844134337646,0.001,-0.0367380416535444));
#10923=CARTESIAN_POINT('',(0.0265844134337646,0.001,-0.0367380416535444));
#10924=CARTESIAN_POINT('',(0.0265844134337646,0.001,-0.0367380416535444));
#10925=CARTESIAN_POINT('',(0.0265844134337646,0.,-0.0367380416535444));
#10926=CARTESIAN_POINT('',(0.0267998404310098,0.001,-0.0364372152072635));
#10927=CARTESIAN_POINT('',(0.0267998404310098,0.,-0.0364372152072635));
#10928=CARTESIAN_POINT('',(0.0269075539296323,0.001,-0.0360504383477593));
#10929=CARTESIAN_POINT('',(0.0269075539296323,0.,-0.0360504383477593));
#10930=CARTESIAN_POINT('',(0.0269075539296323,0.001,-0.035577711075032));
#10931=CARTESIAN_POINT('',(0.0269075539296323,0.,-0.035577711075032));
#10932=CARTESIAN_POINT('',(0.0265844134337646,0.001,-0.0367380416535444));
#10933=CARTESIAN_POINT('',(0.0269075539296323,0.001,-0.036286801984123));
#10934=CARTESIAN_POINT('',(0.0269075539296323,0.001,-0.035577711075032));
#10935=CARTESIAN_POINT('',(0.0269075539296323,0.001,-0.035577711075032));
#10936=CARTESIAN_POINT('',(0.0269075539296323,0.001,-0.035577711075032));
#10937=CARTESIAN_POINT('',(0.0269075539296323,0.001,-0.034082669752718));
#10938=CARTESIAN_POINT('',(0.0269075539296323,0.001,-0.034082669752718));
#10939=CARTESIAN_POINT('',(0.0269075539296323,0.001,-0.0325876284304039));
#10940=CARTESIAN_POINT('',(0.0269075539296323,0.001,-0.0325876284304039));
#10941=CARTESIAN_POINT('',(0.0276331737643431,0.001,-0.0325876284304039));
#10942=CARTESIAN_POINT('',(0.0276331737643431,0.001,-0.0325876284304039));
#10943=CARTESIAN_POINT('',(0.0283587935990538,0.001,-0.0325876284304039));
#10944=CARTESIAN_POINT('',(0.0283587935990538,0.001,-0.0325876284304039));
#10945=CARTESIAN_POINT('',(0.0283587935990538,0.001,-0.0364206862816436));
#10946=CARTESIAN_POINT('',(0.0283587935990538,0.001,-0.0364206862816436));
#10947=CARTESIAN_POINT('',(0.0283587935990538,0.001,-0.0402537441328833));
#10948=CARTESIAN_POINT('',(0.0283587935990538,0.001,-0.0402537441328833));
#10949=CARTESIAN_POINT('',(0.0276331737643431,0.001,-0.0402537441328833));
#10950=CARTESIAN_POINT('',(0.0276331737643431,0.001,-0.0402537441328833));
#10951=CARTESIAN_POINT('',(0.0269075539296323,0.001,-0.0402537441328833));
#10952=CARTESIAN_POINT('',(0.0269075539296323,0.001,-0.0402537441328833));
#10953=CARTESIAN_POINT('',(0.0269075539296323,0.001,-0.0392074631411478));
#10954=CARTESIAN_POINT('',(0.0269075539296323,0.001,-0.0392074631411478));
#10955=CARTESIAN_POINT('',(0.0269075943402676,0.000999999750000002,-0.0381611821088119));
#10956=CARTESIAN_POINT('',(0.0269075539296323,0.001,-0.0381611821494122));
#10957=CARTESIAN_POINT('',(0.0412632133141387,0.001,-0.0381467591057072));
#10958=CARTESIAN_POINT('',(0.0412632133141387,0.001,-0.0381467591057072));
#10959=CARTESIAN_POINT('',(0.000225735747814176,0.001,-0.0121241573560238));
#10960=CARTESIAN_POINT('',(0.0133604464916158,0.001,-0.0326702730585031));
#10961=CARTESIAN_POINT('',(0.0133604464916158,0.,-0.0326702730585031));
#10962=CARTESIAN_POINT('',(0.0137185732133789,0.001,-0.0325534686507897));
#10963=CARTESIAN_POINT('',(0.0137185732133789,0.,-0.0325534686507897));
#10964=CARTESIAN_POINT('',(0.0141262867120015,0.001,-0.0324950664469329));
#10965=CARTESIAN_POINT('',(0.0141262867120015,0.,-0.0324950664469329));
#10966=CARTESIAN_POINT('',(0.0145835869874836,0.001,-0.0324950664469329));
#10967=CARTESIAN_POINT('',(0.0145835869874836,0.,-0.0324950664469329));
#10968=CARTESIAN_POINT('',(0.0133604464916158,0.001,-0.0326702730585031));
#10969=CARTESIAN_POINT('',(0.0133604464916158,0.001,-0.0326702730585031));
#10970=CARTESIAN_POINT('',(0.0133604464916158,0.001,-0.0326702730585031));
#10971=CARTESIAN_POINT('',(0.0138976365742605,0.001,-0.0324950664469329));
#10972=CARTESIAN_POINT('',(0.0145835869874836,0.001,-0.0324950664469329));
#10973=CARTESIAN_POINT('',(0.0145835869874836,0.001,-0.0324950664469329));
#10974=CARTESIAN_POINT('',(0.0145835869874836,0.001,-0.0324950664469329));
#10975=CARTESIAN_POINT('',(0.0145835869874836,0.001,-0.0324950664469329));
#10976=CARTESIAN_POINT('',(0.0145835869874836,0.,-0.0324950664469329));
#10977=CARTESIAN_POINT('',(0.01501113519685,0.001,-0.0324950664469329));
#10978=CARTESIAN_POINT('',(0.01501113519685,0.,-0.0324950664469329));
#10979=CARTESIAN_POINT('',(0.0153403362987784,0.001,-0.0326113198904591));
#10980=CARTESIAN_POINT('',(0.0153403362987784,0.,-0.0326113198904591));
#10981=CARTESIAN_POINT('',(0.0155711902932687,0.001,-0.0328438267775114));
#10982=CARTESIAN_POINT('',(0.0155711902932687,0.,-0.0328438267775114));
#10983=CARTESIAN_POINT('',(0.0145835869874836,0.001,-0.0324950664469329));
#10984=CARTESIAN_POINT('',(0.0152249093015332,0.001,-0.0324950664469329));
#10985=CARTESIAN_POINT('',(0.0155711902932687,0.001,-0.0328438267775114));
#10986=CARTESIAN_POINT('',(0.0155711902932687,0.001,-0.0328438267775114));
#10987=CARTESIAN_POINT('',(0.0155711902932687,0.001,-0.0328438267775114));
#10988=CARTESIAN_POINT('',(0.0155711902932687,0.001,-0.0328438267775114));
#10989=CARTESIAN_POINT('',(0.0155711902932687,0.,-0.0328438267775114));
#10990=CARTESIAN_POINT('',(0.0158020442877591,0.001,-0.0330763336645637));
#10991=CARTESIAN_POINT('',(0.0158020442877591,0.,-0.0330763336645637));
#10992=CARTESIAN_POINT('',(0.0159174712850043,0.001,-0.0334283997802662));
#10993=CARTESIAN_POINT('',(0.0159174712850043,0.,-0.0334283997802662));
#10994=CARTESIAN_POINT('',(0.0159174712850043,0.001,-0.0339000251246189));
#10995=CARTESIAN_POINT('',(0.0159174712850043,0.,-0.0339000251246189));
#10996=CARTESIAN_POINT('',(0.0155711902932687,0.001,-0.0328438267775114));
#10997=CARTESIAN_POINT('',(0.0159174712850043,0.001,-0.0331925871080899));
#10998=CARTESIAN_POINT('',(0.0159174712850043,0.001,-0.0339000251246189));
#10999=CARTESIAN_POINT('',(0.0159174712850043,0.001,-0.0339000251246189));
#11000=CARTESIAN_POINT('',(0.0159174712850043,0.001,-0.0339000251246189));
#11001=CARTESIAN_POINT('',(0.0159174712850043,0.001,-0.0355479590089163));
#11002=CARTESIAN_POINT('',(0.0159174712850043,0.001,-0.0355479590089163));
#11003=CARTESIAN_POINT('',(0.0159174712850043,0.001,-0.0371958928932139));
#11004=CARTESIAN_POINT('',(0.0159174712850043,0.001,-0.0371958928932139));
#11005=CARTESIAN_POINT('',(0.0162711902932688,0.001,-0.0371958928932139));
#11006=CARTESIAN_POINT('',(0.0162711902932688,0.001,-0.0371958928932139));
#11007=CARTESIAN_POINT('',(0.0166249093015332,0.001,-0.0371958928932139));
#11008=CARTESIAN_POINT('',(0.0166249093015332,0.001,-0.0371958928932139));
#11009=CARTESIAN_POINT('',(0.0166249093015332,0.001,-0.037685975537842));
#11010=CARTESIAN_POINT('',(0.0166249093015332,0.001,-0.037685975537842));
#11011=CARTESIAN_POINT('',(0.0166249093015332,0.001,-0.0381760581824701));
#11012=CARTESIAN_POINT('',(0.0166249093015332,0.001,-0.0381760581824701));
#11013=CARTESIAN_POINT('',(0.0162348266569051,0.001,-0.0381760581824701));
#11014=CARTESIAN_POINT('',(0.0162348266569051,0.001,-0.0381760581824701));
#11015=CARTESIAN_POINT('',(0.015844744012277,0.001,-0.0381760581824701));
#11016=CARTESIAN_POINT('',(0.015844744012277,0.001,-0.0381760581824701));
#11017=CARTESIAN_POINT('',(0.0156174712850043,0.001,-0.0388322565295775));
#11018=CARTESIAN_POINT('',(0.0156174712850043,0.001,-0.0388322565295775));
#11019=CARTESIAN_POINT('',(0.0153901985577315,0.001,-0.039488454876685));
#11020=CARTESIAN_POINT('',(0.0153901985577315,0.001,-0.039488454876685));
#11021=CARTESIAN_POINT('',(0.0149356531031861,0.001,-0.039488454876685));
#11022=CARTESIAN_POINT('',(0.0149356531031861,0.001,-0.039488454876685));
#11023=CARTESIAN_POINT('',(0.0144811076486406,0.001,-0.039488454876685));
#11024=CARTESIAN_POINT('',(0.0144811076486406,0.001,-0.039488454876685));
#11025=CARTESIAN_POINT('',(0.0144811076486406,0.001,-0.0388322565295775));
#11026=CARTESIAN_POINT('',(0.0144811076486406,0.001,-0.0388322565295775));
#11027=CARTESIAN_POINT('',(0.0144811076486406,0.001,-0.0381760581824701));
#11028=CARTESIAN_POINT('',(0.0144811076486406,0.001,-0.0381760581824701));
#11029=CARTESIAN_POINT('',(0.0139513555825249,0.001,-0.0381760581824701));
#11030=CARTESIAN_POINT('',(0.0139513555825249,0.001,-0.0381760581824701));
#11031=CARTESIAN_POINT('',(0.0134216035164092,0.001,-0.0381760581824701));
#11032=CARTESIAN_POINT('',(0.0134216035164092,0.001,-0.0381760581824701));
#11033=CARTESIAN_POINT('',(0.0134216035164092,0.001,-0.037685975537842));
#11034=CARTESIAN_POINT('',(0.0134216035164092,0.001,-0.037685975537842));
#11035=CARTESIAN_POINT('',(0.0134216035164092,0.001,-0.0371958928932139));
#11036=CARTESIAN_POINT('',(0.0134216035164092,0.001,-0.0371958928932139));
#11037=CARTESIAN_POINT('',(0.0139513555825249,0.001,-0.0371958928932139));
#11038=CARTESIAN_POINT('',(0.0139513555825249,0.001,-0.0371958928932139));
#11039=CARTESIAN_POINT('',(0.0144811076486406,0.001,-0.0371958928932139));
#11040=CARTESIAN_POINT('',(0.0144811076486406,0.001,-0.0371958928932139));
#11041=CARTESIAN_POINT('',(0.0144811076486406,0.001,-0.0357438267775114));
#11042=CARTESIAN_POINT('',(0.0144811076486406,0.001,-0.0357438267775114));
#11043=CARTESIAN_POINT('',(0.0144811076486406,0.001,-0.0342917606618089));
#11044=CARTESIAN_POINT('',(0.0144811076486406,0.001,-0.0342917606618089));
#11045=CARTESIAN_POINT('',(0.0144811076486406,0.001,-0.0342917606618089));
#11046=CARTESIAN_POINT('',(0.0144811076486406,0.,-0.0342917606618089));
#11047=CARTESIAN_POINT('',(0.0144811076486406,0.001,-0.034019584353269));
#11048=CARTESIAN_POINT('',(0.0144811076486406,0.,-0.034019584353269));
#11049=CARTESIAN_POINT('',(0.0144293170150318,0.001,-0.0338190333890817));
#11050=CARTESIAN_POINT('',(0.0144293170150318,0.,-0.0338190333890817));
#11051=CARTESIAN_POINT('',(0.0143257357478142,0.001,-0.0336901077692469));
#11052=CARTESIAN_POINT('',(0.0143257357478142,0.,-0.0336901077692469));
#11053=CARTESIAN_POINT('',(0.0144811076486406,0.001,-0.0342917606618089));
#11054=CARTESIAN_POINT('',(0.0144811076486406,0.001,-0.033883496198999));
#11055=CARTESIAN_POINT('',(0.0143257357478142,0.001,-0.0336901077692469));
#11056=CARTESIAN_POINT('',(0.0143257357478142,0.001,-0.0336901077692469));
#11057=CARTESIAN_POINT('',(0.0143257357478142,0.001,-0.0336901077692469));
#11058=CARTESIAN_POINT('',(0.0143257357478142,0.001,-0.0336901077692469));
#11059=CARTESIAN_POINT('',(0.0143257357478142,0.,-0.0336901077692469));
#11060=CARTESIAN_POINT('',(0.0142221544805966,0.001,-0.0335611821494122));
#11061=CARTESIAN_POINT('',(0.0142221544805966,0.,-0.0335611821494122));
#11062=CARTESIAN_POINT('',(0.0140623748662715,0.001,-0.0334967193394949));
#11063=CARTESIAN_POINT('',(0.0140623748662715,0.,-0.0334967193394949));
#11064=CARTESIAN_POINT('',(0.013846396904839,0.001,-0.0334967193394949));
#11065=CARTESIAN_POINT('',(0.013846396904839,0.,-0.0334967193394949));
#11066=CARTESIAN_POINT('',(0.0143257357478142,0.001,-0.0336901077692469));
#11067=CARTESIAN_POINT('',(0.0141703638469877,0.001,-0.0334967193394949));
#11068=CARTESIAN_POINT('',(0.013846396904839,0.001,-0.0334967193394949));
#11069=CARTESIAN_POINT('',(0.013846396904839,0.001,-0.0334967193394949));
#11070=CARTESIAN_POINT('',(0.013846396904839,0.001,-0.0334967193394949));
#11071=CARTESIAN_POINT('',(0.013846396904839,0.001,-0.0334967193394949));
#11072=CARTESIAN_POINT('',(0.013846396904839,0.,-0.0334967193394949));
#11073=CARTESIAN_POINT('',(0.0137317963538748,0.001,-0.0334967193394949));
#11074=CARTESIAN_POINT('',(0.0137317963538748,0.,-0.0334967193394949));
#11075=CARTESIAN_POINT('',(0.0135698128828004,0.001,-0.0335209617637373));
#11076=CARTESIAN_POINT('',(0.0135698128828004,0.,-0.0335209617637373));
#11077=CARTESIAN_POINT('',(0.0133604464916158,0.001,-0.0335694466122221));
#11078=CARTESIAN_POINT('',(0.0133604464916158,0.,-0.0335694466122221));
#11079=CARTESIAN_POINT('',(0.013846396904839,0.001,-0.0334967193394949));
#11080=CARTESIAN_POINT('',(0.0136744960783927,0.001,-0.0334967193394949));
#11081=CARTESIAN_POINT('',(0.0133604464916158,0.001,-0.0335694466122221));
#11082=CARTESIAN_POINT('',(0.0133604464916158,0.001,-0.0335694466122221));
#11083=CARTESIAN_POINT('',(0.0133604464916158,0.001,-0.0335694466122221));
#11084=CARTESIAN_POINT('',(0.0133604464916158,0.001,-0.0331198598353626));
#11085=CARTESIAN_POINT('',(0.0133604464916158,0.001,-0.0331198598353626));
#11086=CARTESIAN_POINT('',(0.000225735747814176,0.001,-0.0121241573560238));
#11087=CARTESIAN_POINT('',(0.008943917565996,0.001,-0.0327289507444536));
#11088=CARTESIAN_POINT('',(0.008943917565996,0.,-0.0327289507444536));
#11089=CARTESIAN_POINT('',(0.00930535007288305,0.001,-0.0325653143808172));
#11090=CARTESIAN_POINT('',(0.00930535007288305,0.,-0.0325653143808172));
#11091=CARTESIAN_POINT('',(0.00971196164313099,0.001,-0.032483496198999));
#11092=CARTESIAN_POINT('',(0.00971196164313099,0.,-0.032483496198999));
#11093=CARTESIAN_POINT('',(0.0101637522767398,0.001,-0.032483496198999));
#11094=CARTESIAN_POINT('',(0.0101637522767398,0.,-0.032483496198999));
#11095=CARTESIAN_POINT('',(0.008943917565996,0.001,-0.0327289507444536));
#11096=CARTESIAN_POINT('',(0.008943917565996,0.001,-0.0327289507444536));
#11097=CARTESIAN_POINT('',(0.008943917565996,0.001,-0.0327289507444536));
#11098=CARTESIAN_POINT('',(0.00948606632632658,0.001,-0.032483496198999));
#11099=CARTESIAN_POINT('',(0.0101637522767398,0.001,-0.032483496198999));
#11100=CARTESIAN_POINT('',(0.0101637522767398,0.001,-0.032483496198999));
#11101=CARTESIAN_POINT('',(0.0101637522767398,0.001,-0.032483496198999));
#11102=CARTESIAN_POINT('',(0.0101637522767398,0.001,-0.032483496198999));
#11103=CARTESIAN_POINT('',(0.0101637522767398,0.,-0.032483496198999));
#11104=CARTESIAN_POINT('',(0.0110100332684753,0.001,-0.032483496198999));
#11105=CARTESIAN_POINT('',(0.0110100332684753,0.,-0.032483496198999));
#11106=CARTESIAN_POINT('',(0.0116640277588335,0.001,-0.0327358377967951));
#11107=CARTESIAN_POINT('',(0.0116640277588335,0.,-0.0327358377967951));
#11108=CARTESIAN_POINT('',(0.0121257357478142,0.001,-0.0332405209923874));
#11109=CARTESIAN_POINT('',(0.0121257357478142,0.,-0.0332405209923874));
#11110=CARTESIAN_POINT('',(0.0101637522767398,0.001,-0.032483496198999));
#11111=CARTESIAN_POINT('',(0.0114331737643431,0.001,-0.032483496198999));
#11112=CARTESIAN_POINT('',(0.0121257357478142,0.001,-0.0332405209923874));
#11113=CARTESIAN_POINT('',(0.0121257357478142,0.001,-0.0332405209923874));
#11114=CARTESIAN_POINT('',(0.0121257357478142,0.001,-0.0332405209923874));
#11115=CARTESIAN_POINT('',(0.0121257357478142,0.001,-0.0332405209923874));
#11116=CARTESIAN_POINT('',(0.0121257357478142,0.,-0.0332405209923874));
#11117=CARTESIAN_POINT('',(0.0125874437367949,0.001,-0.0337452041879797));
#11118=CARTESIAN_POINT('',(0.0125874437367949,0.,-0.0337452041879797));
#11119=CARTESIAN_POINT('',(0.0128182977312853,0.001,-0.0344487854551973));
#11120=CARTESIAN_POINT('',(0.0128182977312853,0.,-0.0344487854551973));
#11121=CARTESIAN_POINT('',(0.0128182977312853,0.001,-0.0353512647940403));
#11122=CARTESIAN_POINT('',(0.0128182977312853,0.,-0.0353512647940403));
#11123=CARTESIAN_POINT('',(0.0121257357478142,0.001,-0.0332405209923874));
#11124=CARTESIAN_POINT('',(0.0128182977312853,0.001,-0.0339975457857759));
#11125=CARTESIAN_POINT('',(0.0128182977312853,0.001,-0.0353512647940403));
#11126=CARTESIAN_POINT('',(0.0128182977312853,0.001,-0.0353512647940403));
#11127=CARTESIAN_POINT('',(0.0128182977312853,0.001,-0.0353512647940403));
#11128=CARTESIAN_POINT('',(0.0128182977312853,0.001,-0.0353512647940403));
#11129=CARTESIAN_POINT('',(0.0128182977312853,0.,-0.0353512647940403));
#11130=CARTESIAN_POINT('',(0.0128182977312853,0.001,-0.0362735788436271));
#11131=CARTESIAN_POINT('',(0.0128182977312853,0.,-0.0362735788436271));
#11132=CARTESIAN_POINT('',(0.0125857908442329,0.001,-0.0369923116259962));
#11133=CARTESIAN_POINT('',(0.0125857908442329,0.,-0.0369923116259962));
#11134=CARTESIAN_POINT('',(0.0121207770701282,0.001,-0.0375074631411478));
#11135=CARTESIAN_POINT('',(0.0121207770701282,0.,-0.0375074631411478));
#11136=CARTESIAN_POINT('',(0.0128182977312853,0.001,-0.0353512647940403));
#11137=CARTESIAN_POINT('',(0.0128182977312853,0.001,-0.0367347358684205));
#11138=CARTESIAN_POINT('',(0.0121207770701282,0.001,-0.0375074631411478));
#11139=CARTESIAN_POINT('',(0.0121207770701282,0.001,-0.0375074631411478));
#11140=CARTESIAN_POINT('',(0.0121207770701282,0.001,-0.0375074631411478));
#11141=CARTESIAN_POINT('',(0.0121207770701282,0.001,-0.0375074631411478));
#11142=CARTESIAN_POINT('',(0.0121207770701282,0.,-0.0375074631411478));
#11143=CARTESIAN_POINT('',(0.0116557632960235,0.001,-0.0380226146562993));
#11144=CARTESIAN_POINT('',(0.0116557632960235,0.,-0.0380226146562993));
#11145=CARTESIAN_POINT('',(0.0109962591637921,0.001,-0.038280190413875));
#11146=CARTESIAN_POINT('',(0.0109962591637921,0.,-0.038280190413875));
#11147=CARTESIAN_POINT('',(0.010142264673434,0.001,-0.038280190413875));
#11148=CARTESIAN_POINT('',(0.010142264673434,0.,-0.038280190413875));
#11149=CARTESIAN_POINT('',(0.0121207770701282,0.001,-0.0375074631411478));
#11150=CARTESIAN_POINT('',(0.0114232564089712,0.001,-0.038280190413875));
#11151=CARTESIAN_POINT('',(0.010142264673434,0.001,-0.038280190413875));
#11152=CARTESIAN_POINT('',(0.010142264673434,0.001,-0.038280190413875));
#11153=CARTESIAN_POINT('',(0.010142264673434,0.001,-0.038280190413875));
#11154=CARTESIAN_POINT('',(0.010142264673434,0.001,-0.038280190413875));
#11155=CARTESIAN_POINT('',(0.010142264673434,0.,-0.038280190413875));
#11156=CARTESIAN_POINT('',(0.0094844134337646,0.001,-0.038280190413875));
#11157=CARTESIAN_POINT('',(0.0094844134337646,0.,-0.038280190413875));
#11158=CARTESIAN_POINT('',(0.00894033629877837,0.001,-0.0381149011576767));
#11159=CARTESIAN_POINT('',(0.00894033629877837,0.,-0.0381149011576767));
#11160=CARTESIAN_POINT('',(0.00851003326847534,0.001,-0.03778432264528));
#11161=CARTESIAN_POINT('',(0.00851003326847534,0.,-0.03778432264528));
#11162=CARTESIAN_POINT('',(0.010142264673434,0.001,-0.038280190413875));
#11163=CARTESIAN_POINT('',(0.00915548781392989,0.001,-0.038280190413875));
#11164=CARTESIAN_POINT('',(0.00851003326847534,0.001,-0.03778432264528));
#11165=CARTESIAN_POINT('',(0.00851003326847534,0.001,-0.03778432264528));
#11166=CARTESIAN_POINT('',(0.00851003326847534,0.001,-0.03778432264528));
#11167=CARTESIAN_POINT('',(0.00851003326847534,0.001,-0.03778432264528));
#11168=CARTESIAN_POINT('',(0.00851003326847534,0.,-0.03778432264528));
#11169=CARTESIAN_POINT('',(0.00807973023817231,0.001,-0.0374537441328833));
#11170=CARTESIAN_POINT('',(0.00807973023817231,0.,-0.0374537441328833));
#11171=CARTESIAN_POINT('',(0.00780948230428802,0.001,-0.0369975457857759));
#11172=CARTESIAN_POINT('',(0.00780948230428802,0.,-0.0369975457857759));
#11173=CARTESIAN_POINT('',(0.00769928946682245,0.001,-0.0364157276039576));
#11174=CARTESIAN_POINT('',(0.00769928946682245,0.,-0.0364157276039576));
#11175=CARTESIAN_POINT('',(0.00851003326847534,0.001,-0.03778432264528));
#11176=CARTESIAN_POINT('',(0.0078645787230208,0.001,-0.037288454876685));
#11177=CARTESIAN_POINT('',(0.00769928946682245,0.001,-0.0364157276039576));
#11178=CARTESIAN_POINT('',(0.00769928946682245,0.001,-0.0364157276039576));
#11179=CARTESIAN_POINT('',(0.00769928946682245,0.001,-0.0364157276039576));
#11180=CARTESIAN_POINT('',(0.00842986797921914,0.001,-0.0363793639675941));
#11181=CARTESIAN_POINT('',(0.00842986797921914,0.001,-0.0363793639675941));
#11182=CARTESIAN_POINT('',(0.00916044649161584,0.001,-0.0363430003312304));
#11183=CARTESIAN_POINT('',(0.00916044649161584,0.001,-0.0363430003312304));
#11184=CARTESIAN_POINT('',(0.00916044649161584,0.001,-0.0363430003312304));
#11185=CARTESIAN_POINT('',(0.00916044649161584,0.,-0.0363430003312304));
#11186=CARTESIAN_POINT('',(0.00920231976985275,0.001,-0.0366283997802662));
#11187=CARTESIAN_POINT('',(0.00920231976985275,0.,-0.0366283997802662));
#11188=CARTESIAN_POINT('',(0.00930590103707038,0.001,-0.0368564989538199));
#11189=CARTESIAN_POINT('',(0.00930590103707038,0.,-0.0368564989538199));
#11190=CARTESIAN_POINT('',(0.00947119029326873,0.001,-0.0370272978518915));
#11191=CARTESIAN_POINT('',(0.00947119029326873,0.,-0.0370272978518915));
#11192=CARTESIAN_POINT('',(0.00916044649161584,0.001,-0.0363430003312304));
#11193=CARTESIAN_POINT('',(0.00922325640897121,0.001,-0.0367710995047841));
#11194=CARTESIAN_POINT('',(0.00947119029326873,0.001,-0.0370272978518915));
#11195=CARTESIAN_POINT('',(0.00947119029326873,0.001,-0.0370272978518915));
#11196=CARTESIAN_POINT('',(0.00947119029326873,0.001,-0.0370272978518915));
#11197=CARTESIAN_POINT('',(0.00947119029326873,0.001,-0.0370272978518915));
#11198=CARTESIAN_POINT('',(0.00947119029326873,0.,-0.0370272978518915));
#11199=CARTESIAN_POINT('',(0.00963647954946708,0.001,-0.0371980967499632));
#11200=CARTESIAN_POINT('',(0.00963647954946708,0.,-0.0371980967499632));
#11201=CARTESIAN_POINT('',(0.0098706393290814,0.001,-0.037283496198999));
#11202=CARTESIAN_POINT('',(0.0098706393290814,0.,-0.037283496198999));
#11203=CARTESIAN_POINT('',(0.0101736696321117,0.001,-0.037283496198999));
#11204=CARTESIAN_POINT('',(0.0101736696321117,0.,-0.037283496198999));
#11205=CARTESIAN_POINT('',(0.00947119029326873,0.001,-0.0370272978518915));
#11206=CARTESIAN_POINT('',(0.00971912417756625,0.001,-0.037283496198999));
#11207=CARTESIAN_POINT('',(0.0101736696321117,0.001,-0.037283496198999));
#11208=CARTESIAN_POINT('',(0.0101736696321117,0.001,-0.037283496198999));
#11209=CARTESIAN_POINT('',(0.0101736696321117,0.001,-0.037283496198999));
#11210=CARTESIAN_POINT('',(0.0101736696321117,0.001,-0.037283496198999));
#11211=CARTESIAN_POINT('',(0.0101736696321117,0.,-0.037283496198999));
#11212=CARTESIAN_POINT('',(0.0109207770701282,0.001,-0.037283496198999));
#11213=CARTESIAN_POINT('',(0.0109207770701282,0.,-0.037283496198999));
#11214=CARTESIAN_POINT('',(0.0112943307891365,0.001,-0.0366581518463819));
#11215=CARTESIAN_POINT('',(0.0112943307891365,0.,-0.0366581518463819));
#11216=CARTESIAN_POINT('',(0.0112943307891365,0.001,-0.0354074631411478));
#11217=CARTESIAN_POINT('',(0.0112943307891365,0.,-0.0354074631411478));
#11218=CARTESIAN_POINT('',(0.0101736696321117,0.001,-0.037283496198999));
#11219=CARTESIAN_POINT('',(0.0112943307891365,0.001,-0.037283496198999));
#11220=CARTESIAN_POINT('',(0.0112943307891365,0.001,-0.0354074631411478));
#11221=CARTESIAN_POINT('',(0.0112943307891365,0.001,-0.0354074631411478));
#11222=CARTESIAN_POINT('',(0.0112943307891365,0.001,-0.0354074631411478));
#11223=CARTESIAN_POINT('',(0.0112943307891365,0.001,-0.0354074631411478));
#11224=CARTESIAN_POINT('',(0.0112943307891365,0.,-0.0354074631411478));
#11225=CARTESIAN_POINT('',(0.0112943307891365,0.001,-0.03412041079955));
#11226=CARTESIAN_POINT('',(0.0112943307891365,0.,-0.03412041079955));
#11227=CARTESIAN_POINT('',(0.010913614535693,0.001,-0.033476884628751));
#11228=CARTESIAN_POINT('',(0.010913614535693,0.,-0.033476884628751));
#11229=CARTESIAN_POINT('',(0.0101521820288059,0.001,-0.033476884628751));
#11230=CARTESIAN_POINT('',(0.0101521820288059,0.,-0.033476884628751));
#11231=CARTESIAN_POINT('',(0.0112943307891365,0.001,-0.0354074631411478));
#11232=CARTESIAN_POINT('',(0.0112943307891365,0.001,-0.033476884628751));
#11233=CARTESIAN_POINT('',(0.0101521820288059,0.001,-0.033476884628751));
#11234=CARTESIAN_POINT('',(0.0101521820288059,0.001,-0.033476884628751));
#11235=CARTESIAN_POINT('',(0.0101521820288059,0.001,-0.033476884628751));
#11236=CARTESIAN_POINT('',(0.0101521820288059,0.001,-0.033476884628751));
#11237=CARTESIAN_POINT('',(0.0101521820288059,0.,-0.033476884628751));
#11238=CARTESIAN_POINT('',(0.00987669993514201,0.001,-0.033476884628751));
#11239=CARTESIAN_POINT('',(0.00987669993514201,0.,-0.033476884628751));
#11240=CARTESIAN_POINT('',(0.00964612142274531,0.001,-0.0335636614882552));
#11241=CARTESIAN_POINT('',(0.00964612142274531,0.,-0.0335636614882552));
#11242=CARTESIAN_POINT('',(0.00946044649161584,0.001,-0.0337372152072634));
#11243=CARTESIAN_POINT('',(0.00946044649161584,0.,-0.0337372152072634));
#11244=CARTESIAN_POINT('',(0.0101521820288059,0.001,-0.033476884628751));
#11245=CARTESIAN_POINT('',(0.00973895888831005,0.001,-0.033476884628751));
#11246=CARTESIAN_POINT('',(0.00946044649161584,0.001,-0.0337372152072634));
#11247=CARTESIAN_POINT('',(0.00946044649161584,0.001,-0.0337372152072634));
#11248=CARTESIAN_POINT('',(0.00946044649161584,0.001,-0.0337372152072634));
#11249=CARTESIAN_POINT('',(0.00946044649161584,0.001,-0.0337372152072634));
#11250=CARTESIAN_POINT('',(0.00946044649161584,0.,-0.0337372152072634));
#11251=CARTESIAN_POINT('',(0.00927477156048636,0.001,-0.0339107689262717));
#11252=CARTESIAN_POINT('',(0.00927477156048636,0.,-0.0339107689262717));
#11253=CARTESIAN_POINT('',(0.00915934456324118,0.001,-0.0341699975764095));
#11254=CARTESIAN_POINT('',(0.00915934456324118,0.,-0.0341699975764095));
#11255=CARTESIAN_POINT('',(0.0091141654998803,0.001,-0.0345149011576767));
#11256=CARTESIAN_POINT('',(0.0091141654998803,0.,-0.0345149011576767));
#11257=CARTESIAN_POINT('',(0.00946044649161584,0.001,-0.0337372152072634));
#11258=CARTESIAN_POINT('',(0.00918193409492162,0.001,-0.0339975457857759));
#11259=CARTESIAN_POINT('',(0.0091141654998803,0.001,-0.0345149011576767));
#11260=CARTESIAN_POINT('',(0.0091141654998803,0.001,-0.0345149011576767));
#11261=CARTESIAN_POINT('',(0.0091141654998803,0.001,-0.0345149011576767));
#11262=CARTESIAN_POINT('',(0.00838606632632658,0.001,-0.034481016860156));
#11263=CARTESIAN_POINT('',(0.00838606632632658,0.001,-0.034481016860156));
#11264=CARTESIAN_POINT('',(0.00765857884756519,0.001,-0.0344471610297029));
#11265=CARTESIAN_POINT('',(0.00765857884756519,0.001,-0.0344471610297029));
#11266=CARTESIAN_POINT('',(0.00982104244454415,0.001,-0.0347196718871314));
#11267=CARTESIAN_POINT('',(0.00982104244454415,0.001,-0.0347196718871314));
#11268=CARTESIAN_POINT('',(0.00806846576247405,0.000999999750000001,-0.0334238093536827));
#11269=CARTESIAN_POINT('',(0.00806871095442576,0.001,-0.0334239920667676));
#11270=CARTESIAN_POINT('',(0.00982005952631856,0.001,-0.0347357751408978));
#11271=CARTESIAN_POINT('',(0.00982005952631856,0.001,-0.0347357751408978));
#11272=CARTESIAN_POINT('',(0.000225735747814176,0.001,-0.0121241573560238));
#11273=CARTESIAN_POINT('',(0.00518937211145055,0.001,-0.0370603557031313));
#11274=CARTESIAN_POINT('',(0.00520003467354943,0.001,-0.0370603557031313));
#11275=CARTESIAN_POINT('',(0.00520003467354943,0.001,-0.0370603557031313));
#11276=CARTESIAN_POINT('',(0.00518937211145055,0.001,-0.0370603557031313));
#11277=CARTESIAN_POINT('',(0.00517862830979766,0.001,-0.0370603557031313));
#11278=CARTESIAN_POINT('',(0.00517862830979766,0.001,-0.0370603557031313));
#11279=CARTESIAN_POINT('',(0.00517862830979766,0.001,-0.0370603557031313));
#11280=CARTESIAN_POINT('',(0.00517862830979766,0.,-0.0370603557031313));
#11281=CARTESIAN_POINT('',(0.00498248505910895,0.001,-0.0374879039124976));
#11282=CARTESIAN_POINT('',(0.00498248505910895,0.,-0.0374879039124976));
#11283=CARTESIAN_POINT('',(0.00473647954946708,0.001,-0.0377980967499632));
#11284=CARTESIAN_POINT('',(0.00473647954946708,0.,-0.0377980967499632));
#11285=CARTESIAN_POINT('',(0.00444061178087204,0.001,-0.0379909342155279));
#11286=CARTESIAN_POINT('',(0.00444061178087204,0.,-0.0379909342155279));
#11287=CARTESIAN_POINT('',(0.00517862830979766,0.001,-0.0370603557031313));
#11288=CARTESIAN_POINT('',(0.0048844134337646,0.001,-0.0377016780171808));
#11289=CARTESIAN_POINT('',(0.00444061178087204,0.001,-0.0379909342155279));
#11290=CARTESIAN_POINT('',(0.00444061178087204,0.001,-0.0379909342155279));
#11291=CARTESIAN_POINT('',(0.00444061178087204,0.001,-0.0379909342155279));
#11292=CARTESIAN_POINT('',(0.00444061178087204,0.001,-0.0379909342155279));
#11293=CARTESIAN_POINT('',(0.00444061178087204,0.,-0.0379909342155279));
#11294=CARTESIAN_POINT('',(0.004144744012277,0.001,-0.0381837716810927));
#11295=CARTESIAN_POINT('',(0.004144744012277,0.,-0.0381837716810927));
#11296=CARTESIAN_POINT('',(0.00379185145029353,0.001,-0.038280190413875));
#11297=CARTESIAN_POINT('',(0.00379185145029353,0.,-0.038280190413875));
#11298=CARTESIAN_POINT('',(0.00338193409492163,0.001,-0.038280190413875));
#11299=CARTESIAN_POINT('',(0.00338193409492163,0.,-0.038280190413875));
#11300=CARTESIAN_POINT('',(0.00444061178087204,0.001,-0.0379909342155279));
#11301=CARTESIAN_POINT('',(0.00399681012797948,0.001,-0.038280190413875));
#11302=CARTESIAN_POINT('',(0.00338193409492163,0.001,-0.038280190413875));
#11303=CARTESIAN_POINT('',(0.00338193409492163,0.001,-0.038280190413875));
#11304=CARTESIAN_POINT('',(0.00338193409492163,0.001,-0.038280190413875));
#11305=CARTESIAN_POINT('',(0.00338193409492163,0.001,-0.038280190413875));
#11306=CARTESIAN_POINT('',(0.00338193409492163,0.,-0.038280190413875));
#11307=CARTESIAN_POINT('',(0.00278909662935689,0.001,-0.038280190413875));
#11308=CARTESIAN_POINT('',(0.00278909662935689,0.,-0.038280190413875));
#11309=CARTESIAN_POINT('',(0.00233427569271777,0.001,-0.0380975457857759));
#11310=CARTESIAN_POINT('',(0.00233427569271777,0.,-0.0380975457857759));
#11311=CARTESIAN_POINT('',(0.00201747128500427,0.001,-0.0377322565295775));
#11312=CARTESIAN_POINT('',(0.00201747128500427,0.,-0.0377322565295775));
#11313=CARTESIAN_POINT('',(0.00338193409492163,0.001,-0.038280190413875));
#11314=CARTESIAN_POINT('',(0.00249267789657451,0.001,-0.038280190413875));
#11315=CARTESIAN_POINT('',(0.00201747128500427,0.001,-0.0377322565295775));
#11316=CARTESIAN_POINT('',(0.00201747128500427,0.001,-0.0377322565295775));
#11317=CARTESIAN_POINT('',(0.00201747128500427,0.001,-0.0377322565295775));
#11318=CARTESIAN_POINT('',(0.00201747128500427,0.001,-0.0377322565295775));
#11319=CARTESIAN_POINT('',(0.00201747128500427,0.,-0.0377322565295775));
#11320=CARTESIAN_POINT('',(0.00170066687729077,0.001,-0.0373669672733792));
#11321=CARTESIAN_POINT('',(0.00170066687729077,0.,-0.0373669672733792));
#11322=CARTESIAN_POINT('',(0.00154226467343402,0.001,-0.0368333584579522));
#11323=CARTESIAN_POINT('',(0.00154226467343402,0.,-0.0368333584579522));
#11324=CARTESIAN_POINT('',(0.00154226467343402,0.001,-0.0361314300832965));
#11325=CARTESIAN_POINT('',(0.00154226467343402,0.,-0.0361314300832965));
#11326=CARTESIAN_POINT('',(0.00201747128500427,0.001,-0.0377322565295775));
#11327=CARTESIAN_POINT('',(0.00154226467343402,0.001,-0.03718432264528));
#11328=CARTESIAN_POINT('',(0.00154226467343402,0.001,-0.0361314300832965));
#11329=CARTESIAN_POINT('',(0.00154226467343402,0.001,-0.0361314300832965));
#11330=CARTESIAN_POINT('',(0.00154226467343402,0.001,-0.0361314300832965));
#11331=CARTESIAN_POINT('',(0.00154226467343402,0.001,-0.0343595292568502));
#11332=CARTESIAN_POINT('',(0.00154226467343402,0.001,-0.0343595292568502));
#11333=CARTESIAN_POINT('',(0.00154226467343402,0.001,-0.0325876284304039));
#11334=CARTESIAN_POINT('',(0.00154226467343402,0.001,-0.0325876284304039));
#11335=CARTESIAN_POINT('',(0.00226540516930179,0.001,-0.0325876284304039));
#11336=CARTESIAN_POINT('',(0.00226540516930179,0.001,-0.0325876284304039));
#11337=CARTESIAN_POINT('',(0.00298854566516956,0.001,-0.0325876284304039));
#11338=CARTESIAN_POINT('',(0.00298854566516956,0.001,-0.0325876284304039));
#11339=CARTESIAN_POINT('',(0.00298854566516956,0.001,-0.0341529176866023));
#11340=CARTESIAN_POINT('',(0.00298854566516956,0.001,-0.0341529176866023));
#11341=CARTESIAN_POINT('',(0.00298854566516956,0.001,-0.0357182069428007));
#11342=CARTESIAN_POINT('',(0.00298854566516956,0.001,-0.0357182069428007));
#11343=CARTESIAN_POINT('',(0.00298854566516956,0.001,-0.0357182069428007));
#11344=CARTESIAN_POINT('',(0.00298854566516956,0.,-0.0357182069428007));
#11345=CARTESIAN_POINT('',(0.00298854566516956,0.001,-0.0366989231962442));
#11346=CARTESIAN_POINT('',(0.00298854566516956,0.,-0.0366989231962442));
#11347=CARTESIAN_POINT('',(0.00332132803431556,0.001,-0.037189281322966));
#11348=CARTESIAN_POINT('',(0.00332132803431556,0.,-0.037189281322966));
#11349=CARTESIAN_POINT('',(0.00398689277260757,0.001,-0.037189281322966));
#11350=CARTESIAN_POINT('',(0.00398689277260757,0.,-0.037189281322966));
#11351=CARTESIAN_POINT('',(0.00298854566516956,0.001,-0.0357182069428007));
#11352=CARTESIAN_POINT('',(0.00298854566516956,0.001,-0.037189281322966));
#11353=CARTESIAN_POINT('',(0.00398689277260757,0.001,-0.037189281322966));
#11354=CARTESIAN_POINT('',(0.00398689277260757,0.001,-0.037189281322966));
#11355=CARTESIAN_POINT('',(0.00398689277260757,0.001,-0.037189281322966));
#11356=CARTESIAN_POINT('',(0.00398689277260757,0.001,-0.037189281322966));
#11357=CARTESIAN_POINT('',(0.00398689277260757,0.,-0.037189281322966));
#11358=CARTESIAN_POINT('',(0.00433730599574807,0.001,-0.037189281322966));
#11359=CARTESIAN_POINT('',(0.00433730599574807,0.,-0.037189281322966));
#11360=CARTESIAN_POINT('',(0.00462022610594091,0.001,-0.0370388680998254));
#11361=CARTESIAN_POINT('',(0.00462022610594091,0.,-0.0370388680998254));
#11362=CARTESIAN_POINT('',(0.00483565310318609,0.001,-0.0367380416535444));
#11363=CARTESIAN_POINT('',(0.00483565310318609,0.,-0.0367380416535444));
#11364=CARTESIAN_POINT('',(0.00398689277260757,0.001,-0.037189281322966));
#11365=CARTESIAN_POINT('',(0.00451251260731832,0.001,-0.037189281322966));
#11366=CARTESIAN_POINT('',(0.00483565310318609,0.001,-0.0367380416535444));
#11367=CARTESIAN_POINT('',(0.00483565310318609,0.001,-0.0367380416535444));
#11368=CARTESIAN_POINT('',(0.00483565310318609,0.001,-0.0367380416535444));
#11369=CARTESIAN_POINT('',(0.00483565310318609,0.001,-0.0367380416535444));
#11370=CARTESIAN_POINT('',(0.00483565310318609,0.,-0.0367380416535444));
#11371=CARTESIAN_POINT('',(0.00505108010043127,0.001,-0.0364372152072635));
#11372=CARTESIAN_POINT('',(0.00505108010043127,0.,-0.0364372152072635));
#11373=CARTESIAN_POINT('',(0.00515879359905386,0.001,-0.0360504383477593));
#11374=CARTESIAN_POINT('',(0.00515879359905386,0.,-0.0360504383477593));
#11375=CARTESIAN_POINT('',(0.00515879359905386,0.001,-0.035577711075032));
#11376=CARTESIAN_POINT('',(0.00515879359905386,0.,-0.035577711075032));
#11377=CARTESIAN_POINT('',(0.00483565310318609,0.001,-0.0367380416535444));
#11378=CARTESIAN_POINT('',(0.00515879359905386,0.001,-0.036286801984123));
#11379=CARTESIAN_POINT('',(0.00515879359905386,0.001,-0.035577711075032));
#11380=CARTESIAN_POINT('',(0.00515879359905386,0.001,-0.035577711075032));
#11381=CARTESIAN_POINT('',(0.00515879359905386,0.001,-0.035577711075032));
#11382=CARTESIAN_POINT('',(0.00515879359905386,0.001,-0.034082669752718));
#11383=CARTESIAN_POINT('',(0.00515879359905386,0.001,-0.034082669752718));
#11384=CARTESIAN_POINT('',(0.00515879359905386,0.001,-0.0325876284304039));
#11385=CARTESIAN_POINT('',(0.00515879359905386,0.001,-0.0325876284304039));
#11386=CARTESIAN_POINT('',(0.0058844134337646,0.001,-0.0325876284304039));
#11387=CARTESIAN_POINT('',(0.0058844134337646,0.001,-0.0325876284304039));
#11388=CARTESIAN_POINT('',(0.00661003326847534,0.001,-0.0325876284304039));
#11389=CARTESIAN_POINT('',(0.00661003326847534,0.001,-0.0325876284304039));
#11390=CARTESIAN_POINT('',(0.00661003326847534,0.001,-0.0364206862816436));
#11391=CARTESIAN_POINT('',(0.00661003326847534,0.001,-0.0364206862816436));
#11392=CARTESIAN_POINT('',(0.00661003326847534,0.001,-0.0402537441328833));
#11393=CARTESIAN_POINT('',(0.00661003326847534,0.001,-0.0402537441328833));
#11394=CARTESIAN_POINT('',(0.0058844134337646,0.001,-0.0402537441328833));
#11395=CARTESIAN_POINT('',(0.0058844134337646,0.001,-0.0402537441328833));
#11396=CARTESIAN_POINT('',(0.00515879359905386,0.001,-0.0402537441328833));
#11397=CARTESIAN_POINT('',(0.00515879359905386,0.001,-0.0402537441328833));
#11398=CARTESIAN_POINT('',(0.00515879359905386,0.001,-0.0392074631411478));
#11399=CARTESIAN_POINT('',(0.00515879359905386,0.001,-0.0392074631411478));
#11400=CARTESIAN_POINT('',(0.00515883400968915,0.000999999750000002,-0.0381611821088119));
#11401=CARTESIAN_POINT('',(0.00515879359905386,0.001,-0.0381611821494122));
#11402=CARTESIAN_POINT('',(0.0195144529835617,0.001,-0.0381467591057071));
#11403=CARTESIAN_POINT('',(0.0195144529835617,0.001,-0.0381467591057071));
#11404=CARTESIAN_POINT('',(0.000225735747814176,0.001,-0.0121241573560238));
#11405=CARTESIAN_POINT('',(-0.0223205452439213,0.001,-0.03918432264528));
#11406=CARTESIAN_POINT('',(-0.0230461650786321,0.001,-0.03918432264528));
#11407=CARTESIAN_POINT('',(-0.0230461650786321,0.001,-0.03918432264528));
#11408=CARTESIAN_POINT('',(-0.0223205452439213,0.001,-0.03918432264528));
#11409=CARTESIAN_POINT('',(-0.0215949254092106,0.001,-0.03918432264528));
#11410=CARTESIAN_POINT('',(-0.0215949254092106,0.001,-0.03918432264528));
#11411=CARTESIAN_POINT('',(-0.0215949254092106,0.001,-0.0397190333890816));
#11412=CARTESIAN_POINT('',(-0.0215949254092106,0.001,-0.0397190333890816));
#11413=CARTESIAN_POINT('',(-0.0215949254092106,0.001,-0.0402537441328833));
#11414=CARTESIAN_POINT('',(-0.0215949254092106,0.001,-0.0402537441328833));
#11415=CARTESIAN_POINT('',(-0.0223205452439213,0.001,-0.0402537441328833));
#11416=CARTESIAN_POINT('',(-0.0223205452439213,0.001,-0.0402537441328833));
#11417=CARTESIAN_POINT('',(-0.0230461650786321,0.001,-0.0402537441328833));
#11418=CARTESIAN_POINT('',(-0.0230461650786321,0.001,-0.0402537441328833));
#11419=CARTESIAN_POINT('',(-0.0230461650786321,0.001,-0.0397190333890816));
#11420=CARTESIAN_POINT('',(-0.0230461650786321,0.001,-0.0397190333890816));
#11421=CARTESIAN_POINT('',(0.000225735747814176,0.001,-0.0121241573560238));
#11422=CARTESIAN_POINT('',(-0.0223205452439213,0.001,-0.0325876284304039));
#11423=CARTESIAN_POINT('',(-0.0230461650786321,0.001,-0.0325876284304039));
#11424=CARTESIAN_POINT('',(-0.0230461650786321,0.001,-0.0325876284304039));
#11425=CARTESIAN_POINT('',(-0.0223205452439213,0.001,-0.0325876284304039));
#11426=CARTESIAN_POINT('',(-0.0215949254092106,0.001,-0.0325876284304039));
#11427=CARTESIAN_POINT('',(-0.0215949254092106,0.001,-0.0325876284304039));
#11428=CARTESIAN_POINT('',(-0.0215949254092106,0.001,-0.035381843306437));
#11429=CARTESIAN_POINT('',(-0.0215949254092106,0.001,-0.035381843306437));
#11430=CARTESIAN_POINT('',(-0.0215949254092106,0.001,-0.0381760581824701));
#11431=CARTESIAN_POINT('',(-0.0215949254092106,0.001,-0.0381760581824701));
#11432=CARTESIAN_POINT('',(-0.0223205452439213,0.001,-0.0381760581824701));
#11433=CARTESIAN_POINT('',(-0.0223205452439213,0.001,-0.0381760581824701));
#11434=CARTESIAN_POINT('',(-0.0230461650786321,0.001,-0.0381760581824701));
#11435=CARTESIAN_POINT('',(-0.0230461650786321,0.001,-0.0381760581824701));
#11436=CARTESIAN_POINT('',(-0.0230461650786321,0.001,-0.035381843306437));
#11437=CARTESIAN_POINT('',(-0.0230461650786321,0.001,-0.035381843306437));
#11438=CARTESIAN_POINT('',(0.000225735747814176,0.001,-0.0121241573560238));
#11439=CARTESIAN_POINT('',(-0.0288783964835907,0.001,-0.0325876284304039));
#11440=CARTESIAN_POINT('',(-0.0296015369794586,0.001,-0.0325876284304039));
#11441=CARTESIAN_POINT('',(-0.0296015369794586,0.001,-0.0325876284304039));
#11442=CARTESIAN_POINT('',(-0.0288783964835907,0.001,-0.0325876284304039));
#11443=CARTESIAN_POINT('',(-0.028155255987723,0.001,-0.0325876284304039));
#11444=CARTESIAN_POINT('',(-0.028155255987723,0.001,-0.0325876284304039));
#11445=CARTESIAN_POINT('',(-0.028155255987723,0.001,-0.0341553970254452));
#11446=CARTESIAN_POINT('',(-0.028155255987723,0.001,-0.0341553970254452));
#11447=CARTESIAN_POINT('',(-0.028155255987723,0.001,-0.0357231656204866));
#11448=CARTESIAN_POINT('',(-0.028155255987723,0.001,-0.0357231656204866));
#11449=CARTESIAN_POINT('',(-0.028155255987723,0.001,-0.0357231656204866));
#11450=CARTESIAN_POINT('',(-0.028155255987723,0.,-0.0357231656204866));
#11451=CARTESIAN_POINT('',(-0.028155255987723,0.001,-0.0367049838023048));
#11452=CARTESIAN_POINT('',(-0.028155255987723,0.,-0.0367049838023048));
#11453=CARTESIAN_POINT('',(-0.027822473618577,0.001,-0.0371958928932139));
#11454=CARTESIAN_POINT('',(-0.027822473618577,0.,-0.0371958928932139));
#11455=CARTESIAN_POINT('',(-0.027156908880285,0.001,-0.0371958928932139));
#11456=CARTESIAN_POINT('',(-0.027156908880285,0.,-0.0371958928932139));
#11457=CARTESIAN_POINT('',(-0.028155255987723,0.001,-0.0357231656204866));
#11458=CARTESIAN_POINT('',(-0.028155255987723,0.001,-0.0371958928932139));
#11459=CARTESIAN_POINT('',(-0.027156908880285,0.001,-0.0371958928932139));
#11460=CARTESIAN_POINT('',(-0.027156908880285,0.001,-0.0371958928932139));
#11461=CARTESIAN_POINT('',(-0.027156908880285,0.001,-0.0371958928932139));
#11462=CARTESIAN_POINT('',(-0.027156908880285,0.001,-0.0371958928932139));
#11463=CARTESIAN_POINT('',(-0.027156908880285,0.,-0.0371958928932139));
#11464=CARTESIAN_POINT('',(-0.0268064956571445,0.001,-0.0371958928932139));
#11465=CARTESIAN_POINT('',(-0.0268064956571445,0.,-0.0371958928932139));
#11466=CARTESIAN_POINT('',(-0.0265235755469517,0.001,-0.0370452041879797));
#11467=CARTESIAN_POINT('',(-0.0265235755469517,0.,-0.0370452041879797));
#11468=CARTESIAN_POINT('',(-0.0263081485497065,0.001,-0.0367438267775114));
#11469=CARTESIAN_POINT('',(-0.0263081485497065,0.,-0.0367438267775114));
#11470=CARTESIAN_POINT('',(-0.027156908880285,0.001,-0.0371958928932139));
#11471=CARTESIAN_POINT('',(-0.0266312890455742,0.001,-0.0371958928932139));
#11472=CARTESIAN_POINT('',(-0.0263081485497065,0.001,-0.0367438267775114));
#11473=CARTESIAN_POINT('',(-0.0263081485497065,0.001,-0.0367438267775114));
#11474=CARTESIAN_POINT('',(-0.0263081485497065,0.001,-0.0367438267775114));
#11475=CARTESIAN_POINT('',(-0.0263081485497065,0.001,-0.0367438267775114));
#11476=CARTESIAN_POINT('',(-0.0263081485497065,0.,-0.0367438267775114));
#11477=CARTESIAN_POINT('',(-0.0260927215524613,0.001,-0.0364424493670431));
#11478=CARTESIAN_POINT('',(-0.0260927215524613,0.,-0.0364424493670431));
#11479=CARTESIAN_POINT('',(-0.0259850080538387,0.001,-0.0360559479896326));
#11480=CARTESIAN_POINT('',(-0.0259850080538387,0.,-0.0360559479896326));
#11481=CARTESIAN_POINT('',(-0.0259850080538387,0.001,-0.03558432264528));
#11482=CARTESIAN_POINT('',(-0.0259850080538387,0.,-0.03558432264528));
#11483=CARTESIAN_POINT('',(-0.0263081485497065,0.001,-0.0367438267775114));
#11484=CARTESIAN_POINT('',(-0.0259850080538387,0.001,-0.0362917606618089));
#11485=CARTESIAN_POINT('',(-0.0259850080538387,0.001,-0.03558432264528));
#11486=CARTESIAN_POINT('',(-0.0259850080538387,0.001,-0.03558432264528));
#11487=CARTESIAN_POINT('',(-0.0259850080538387,0.001,-0.03558432264528));
#11488=CARTESIAN_POINT('',(-0.0259850080538387,0.001,-0.0340859755378419));
#11489=CARTESIAN_POINT('',(-0.0259850080538387,0.001,-0.0340859755378419));
#11490=CARTESIAN_POINT('',(-0.0259850080538387,0.001,-0.0325876284304039));
#11491=CARTESIAN_POINT('',(-0.0259850080538387,0.001,-0.0325876284304039));
#11492=CARTESIAN_POINT('',(-0.0252593882191279,0.001,-0.0325876284304039));
#11493=CARTESIAN_POINT('',(-0.0252593882191279,0.001,-0.0325876284304039));
#11494=CARTESIAN_POINT('',(-0.0245337683844172,0.001,-0.0325876284304039));
#11495=CARTESIAN_POINT('',(-0.0245337683844172,0.001,-0.0325876284304039));
#11496=CARTESIAN_POINT('',(-0.0245337683844172,0.001,-0.0347570499180073));
#11497=CARTESIAN_POINT('',(-0.0245337683844172,0.001,-0.0347570499180073));
#11498=CARTESIAN_POINT('',(-0.0245336310736897,0.00099999975,-0.0369264720352843));
#11499=CARTESIAN_POINT('',(-0.0245337683844172,0.001,-0.0369264714056105));
#11500=CARTESIAN_POINT('',(-0.00758127242727028,0.001,-0.0370042114514502));
#11501=CARTESIAN_POINT('',(-0.00758127242727028,0.001,-0.0370042114514502));
#11502=CARTESIAN_POINT('',(-0.0245206855012887,0.000999999999999108,-0.0376628403607622));
#11503=CARTESIAN_POINT('',(-0.0245205452439213,0.001,-0.0376628350419742));
#11504=CARTESIAN_POINT('',(0.00221336341638997,0.001,-0.0364616382076981));
#11505=CARTESIAN_POINT('',(0.00221336341638997,0.001,-0.0364616382076981));
#11506=CARTESIAN_POINT('',(-0.0244924975038472,0.001,-0.0381760581824701));
#11507=CARTESIAN_POINT('',(-0.0244924975038472,0.001,-0.0381760581824701));
#11508=CARTESIAN_POINT('',(-0.0251841816075577,0.001,-0.0381760581824701));
#11509=CARTESIAN_POINT('',(-0.0251841816075577,0.001,-0.0381760581824701));
#11510=CARTESIAN_POINT('',(-0.0258759171447478,0.001,-0.0381760581824701));
#11511=CARTESIAN_POINT('',(-0.0258759171447478,0.001,-0.0381760581824701));
#11512=CARTESIAN_POINT('',(-0.0258759171447478,0.001,-0.0381760581824701));
#11513=CARTESIAN_POINT('',(-0.0258759171447478,0.,-0.0381760581824701));
#11514=CARTESIAN_POINT('',(-0.0258869364284944,0.001,-0.0381110444083654));
#11515=CARTESIAN_POINT('',(-0.0258869364284944,0.,-0.0381110444083654));
#11516=CARTESIAN_POINT('',(-0.0259009860152712,0.001,-0.0379363887609825));
#11517=CARTESIAN_POINT('',(-0.0259009860152712,0.,-0.0379363887609825));
#11518=CARTESIAN_POINT('',(-0.0259180659050784,0.001,-0.0376520912403213));
#11519=CARTESIAN_POINT('',(-0.0259180659050784,0.,-0.0376520912403213));
#11520=CARTESIAN_POINT('',(-0.0258759171447478,0.001,-0.0381760581824701));
#11521=CARTESIAN_POINT('',(-0.0258924460703676,0.001,-0.0380785375213131));
#11522=CARTESIAN_POINT('',(-0.0259180659050784,0.001,-0.0376520912403213));
#11523=CARTESIAN_POINT('',(-0.0259180659050784,0.001,-0.0376520912403213));
#11524=CARTESIAN_POINT('',(-0.0259180659050784,0.001,-0.0376520912403213));
#11525=CARTESIAN_POINT('',(-0.0131210817973386,0.001,-0.0367761746574353));
#11526=CARTESIAN_POINT('',(-0.0131210817973386,0.001,-0.0367761746574353));
#11527=CARTESIAN_POINT('',(-0.0259443138428323,0.001,-0.0370653143808172));
#11528=CARTESIAN_POINT('',(-0.0259443138428323,0.001,-0.0370653143808172));
#11529=CARTESIAN_POINT('',(-0.025954429541442,0.001,-0.0370653143808172));
#11530=CARTESIAN_POINT('',(-0.025954429541442,0.001,-0.0370653143808172));
#11531=CARTESIAN_POINT('',(-0.0259651733430949,0.001,-0.0370653143808172));
#11532=CARTESIAN_POINT('',(-0.0259651733430949,0.001,-0.0370653143808172));
#11533=CARTESIAN_POINT('',(-0.0259651733430949,0.001,-0.0370653143808172));
#11534=CARTESIAN_POINT('',(-0.0259651733430949,0.,-0.0370653143808172));
#11535=CARTESIAN_POINT('',(-0.0261613165937836,0.001,-0.0374928625901836));
#11536=CARTESIAN_POINT('',(-0.0261613165937836,0.,-0.0374928625901836));
#11537=CARTESIAN_POINT('',(-0.0264073221034255,0.001,-0.0378030554276491));
#11538=CARTESIAN_POINT('',(-0.0264073221034255,0.,-0.0378030554276491));
#11539=CARTESIAN_POINT('',(-0.0267031898720205,0.001,-0.0379958928932139));
#11540=CARTESIAN_POINT('',(-0.0267031898720205,0.,-0.0379958928932139));
#11541=CARTESIAN_POINT('',(-0.0259651733430949,0.001,-0.0370653143808172));
#11542=CARTESIAN_POINT('',(-0.0262593882191279,0.001,-0.0377066366948668));
#11543=CARTESIAN_POINT('',(-0.0267031898720205,0.001,-0.0379958928932139));
#11544=CARTESIAN_POINT('',(-0.0267031898720205,0.001,-0.0379958928932139));
#11545=CARTESIAN_POINT('',(-0.0267031898720205,0.001,-0.0379958928932139));
#11546=CARTESIAN_POINT('',(-0.0267031898720205,0.001,-0.0379958928932139));
#11547=CARTESIAN_POINT('',(-0.0267031898720205,0.,-0.0379958928932139));
#11548=CARTESIAN_POINT('',(-0.0269990576406156,0.001,-0.0381887303587786));
#11549=CARTESIAN_POINT('',(-0.0269990576406156,0.,-0.0381887303587786));
#11550=CARTESIAN_POINT('',(-0.0273519502025991,0.001,-0.038285149091561));
#11551=CARTESIAN_POINT('',(-0.0273519502025991,0.,-0.038285149091561));
#11552=CARTESIAN_POINT('',(-0.0277618675579709,0.001,-0.038285149091561));
#11553=CARTESIAN_POINT('',(-0.0277618675579709,0.,-0.038285149091561));
#11554=CARTESIAN_POINT('',(-0.0267031898720205,0.001,-0.0379958928932139));
#11555=CARTESIAN_POINT('',(-0.0271469915249131,0.001,-0.038285149091561));
#11556=CARTESIAN_POINT('',(-0.0277618675579709,0.001,-0.038285149091561));
#11557=CARTESIAN_POINT('',(-0.0277618675579709,0.001,-0.038285149091561));
#11558=CARTESIAN_POINT('',(-0.0277618675579709,0.001,-0.038285149091561));
#11559=CARTESIAN_POINT('',(-0.0277618675579709,0.001,-0.038285149091561));
#11560=CARTESIAN_POINT('',(-0.0277618675579709,0.,-0.038285149091561));
#11561=CARTESIAN_POINT('',(-0.0283547050235357,0.001,-0.038285149091561));
#11562=CARTESIAN_POINT('',(-0.0283547050235357,0.,-0.038285149091561));
#11563=CARTESIAN_POINT('',(-0.0288095259601748,0.001,-0.0381025044634618));
#11564=CARTESIAN_POINT('',(-0.0288095259601748,0.,-0.0381025044634618));
#11565=CARTESIAN_POINT('',(-0.0291263303678883,0.001,-0.0377372152072634));
#11566=CARTESIAN_POINT('',(-0.0291263303678883,0.,-0.0377372152072634));
#11567=CARTESIAN_POINT('',(-0.0277618675579709,0.001,-0.038285149091561));
#11568=CARTESIAN_POINT('',(-0.0286511237563181,0.001,-0.038285149091561));
#11569=CARTESIAN_POINT('',(-0.0291263303678883,0.001,-0.0377372152072634));
#11570=CARTESIAN_POINT('',(-0.0291263303678883,0.001,-0.0377372152072634));
#11571=CARTESIAN_POINT('',(-0.0291263303678883,0.001,-0.0377372152072634));
#11572=CARTESIAN_POINT('',(-0.0291263303678883,0.001,-0.0377372152072634));
#11573=CARTESIAN_POINT('',(-0.0291263303678883,0.,-0.0377372152072634));
#11574=CARTESIAN_POINT('',(-0.0294431347756018,0.001,-0.0373719259510651));
#11575=CARTESIAN_POINT('',(-0.0294431347756018,0.,-0.0373719259510651));
#11576=CARTESIAN_POINT('',(-0.0296015369794586,0.001,-0.0368383171356381));
#11577=CARTESIAN_POINT('',(-0.0296015369794586,0.,-0.0368383171356381));
#11578=CARTESIAN_POINT('',(-0.0296015369794586,0.001,-0.0361363887609824));
#11579=CARTESIAN_POINT('',(-0.0296015369794586,0.,-0.0361363887609824));
#11580=CARTESIAN_POINT('',(-0.0291263303678883,0.001,-0.0377372152072634));
#11581=CARTESIAN_POINT('',(-0.0296015369794586,0.001,-0.037189281322966));
#11582=CARTESIAN_POINT('',(-0.0296015369794586,0.001,-0.0361363887609824));
#11583=CARTESIAN_POINT('',(-0.0296015369794586,0.001,-0.0361363887609824));
#11584=CARTESIAN_POINT('',(-0.0296015369794586,0.001,-0.0361363887609824));
#11585=CARTESIAN_POINT('',(-0.0296015369794586,0.001,-0.0343620085956932));
#11586=CARTESIAN_POINT('',(-0.0296015369794586,0.001,-0.0343620085956932));
#11587=CARTESIAN_POINT('',(0.000225735747814176,0.001,-0.0121241573560238));
#11588=CARTESIAN_POINT('',(-0.0354089749959874,0.001,-0.0394190333890817));
#11589=CARTESIAN_POINT('',(-0.0354089749959874,0.,-0.0394190333890817));
#11590=CARTESIAN_POINT('',(-0.0358756416626541,0.001,-0.0390487854551974));
#11591=CARTESIAN_POINT('',(-0.0358756416626541,0.,-0.0390487854551974));
#11592=CARTESIAN_POINT('',(-0.0361089749959874,0.001,-0.0385380416535445));
#11593=CARTESIAN_POINT('',(-0.0361089749959874,0.,-0.0385380416535445));
#11594=CARTESIAN_POINT('',(-0.0361089749959874,0.001,-0.037886801984123));
#11595=CARTESIAN_POINT('',(-0.0361089749959874,0.,-0.037886801984123));
#11596=CARTESIAN_POINT('',(-0.0354089749959874,0.001,-0.0394190333890817));
#11597=CARTESIAN_POINT('',(-0.0354089749959874,0.001,-0.0394190333890817));
#11598=CARTESIAN_POINT('',(-0.0354089749959874,0.001,-0.0394190333890817));
#11599=CARTESIAN_POINT('',(-0.0361089749959874,0.001,-0.0388636614882552));
#11600=CARTESIAN_POINT('',(-0.0361089749959874,0.001,-0.037886801984123));
#11601=CARTESIAN_POINT('',(-0.0361089749959874,0.001,-0.037886801984123));
#11602=CARTESIAN_POINT('',(-0.0361089749959874,0.001,-0.037886801984123));
#11603=CARTESIAN_POINT('',(-0.0361089749959874,0.001,-0.037886801984123));
#11604=CARTESIAN_POINT('',(-0.0361089749959874,0.,-0.037886801984123));
#11605=CARTESIAN_POINT('',(-0.0361089749959874,0.001,-0.0375529176866023));
#11606=CARTESIAN_POINT('',(-0.0361089749959874,0.,-0.0375529176866023));
#11607=CARTESIAN_POINT('',(-0.0360340438665109,0.001,-0.0372534686507896));
#11608=CARTESIAN_POINT('',(-0.0360340438665109,0.,-0.0372534686507896));
#11609=CARTESIAN_POINT('',(-0.0358841816075577,0.001,-0.036988454876685));
#11610=CARTESIAN_POINT('',(-0.0358841816075577,0.,-0.036988454876685));
#11611=CARTESIAN_POINT('',(-0.0361089749959874,0.001,-0.037886801984123));
#11612=CARTESIAN_POINT('',(-0.0361089749959874,0.001,-0.037385975537842));
#11613=CARTESIAN_POINT('',(-0.0358841816075577,0.001,-0.036988454876685));
#11614=CARTESIAN_POINT('',(-0.0358841816075577,0.001,-0.036988454876685));
#11615=CARTESIAN_POINT('',(-0.0358841816075577,0.001,-0.036988454876685));
#11616=CARTESIAN_POINT('',(-0.0358841816075577,0.001,-0.036988454876685));
#11617=CARTESIAN_POINT('',(-0.0358841816075577,0.,-0.036988454876685));
#11618=CARTESIAN_POINT('',(-0.0357343193486045,0.001,-0.0367234411025803));
#11619=CARTESIAN_POINT('',(-0.0357343193486045,0.,-0.0367234411025803));
#11620=CARTESIAN_POINT('',(-0.035454429541442,0.001,-0.0364443777416987));
#11621=CARTESIAN_POINT('',(-0.035454429541442,0.,-0.0364443777416987));
#11622=CARTESIAN_POINT('',(-0.0350445121860701,0.001,-0.0361512647940403));
#11623=CARTESIAN_POINT('',(-0.0350445121860701,0.,-0.0361512647940403));
#11624=CARTESIAN_POINT('',(-0.0358841816075577,0.001,-0.036988454876685));
#11625=CARTESIAN_POINT('',(-0.035659388219128,0.001,-0.0365909342155279));
#11626=CARTESIAN_POINT('',(-0.0350445121860701,0.001,-0.0361512647940403));
#11627=CARTESIAN_POINT('',(-0.0350445121860701,0.001,-0.0361512647940403));
#11628=CARTESIAN_POINT('',(-0.0350445121860701,0.001,-0.0361512647940403));
#11629=CARTESIAN_POINT('',(-0.0348478179711941,0.001,-0.0360091160337098));
#11630=CARTESIAN_POINT('',(-0.0348478179711941,0.001,-0.0360091160337098));
#11631=CARTESIAN_POINT('',(-0.034651123756318,0.001,-0.0358669672733792));
#11632=CARTESIAN_POINT('',(-0.034651123756318,0.001,-0.0358669672733792));
#11633=CARTESIAN_POINT('',(-0.034651123756318,0.001,-0.0358669672733792));
#11634=CARTESIAN_POINT('',(-0.034651123756318,0.,-0.0358669672733792));
#11635=CARTESIAN_POINT('',(-0.034417514940891,0.001,-0.0356983722320568));
#11636=CARTESIAN_POINT('',(-0.034417514940891,0.,-0.0356983722320568));
#11637=CARTESIAN_POINT('',(-0.0342431347756018,0.001,-0.0355281242981725));
#11638=CARTESIAN_POINT('',(-0.0342431347756018,0.,-0.0355281242981725));
#11639=CARTESIAN_POINT('',(-0.0341279832604503,0.001,-0.0353562234717262));
#11640=CARTESIAN_POINT('',(-0.0341279832604503,0.,-0.0353562234717262));
#11641=CARTESIAN_POINT('',(-0.034651123756318,0.001,-0.0358669672733792));
#11642=CARTESIAN_POINT('',(-0.0343007105331775,0.001,-0.0356140747113957));
#11643=CARTESIAN_POINT('',(-0.0341279832604503,0.001,-0.0353562234717262));
#11644=CARTESIAN_POINT('',(-0.0341279832604503,0.001,-0.0353562234717262));
#11645=CARTESIAN_POINT('',(-0.0341279832604503,0.001,-0.0353562234717262));
#11646=CARTESIAN_POINT('',(-0.0350457776146739,0.001,-0.0347350187939183));
#11647=CARTESIAN_POINT('',(-0.0350457776146739,0.001,-0.0347350187939183));
#11648=CARTESIAN_POINT('',(-0.0339388712883373,0.001,-0.0347876284304039));
#11649=CARTESIAN_POINT('',(-0.0339388712883373,0.001,-0.0347876284304039));
#11650=CARTESIAN_POINT('',(-0.033249470863756,0.001,-0.0347876284304039));
#11651=CARTESIAN_POINT('',(-0.033249470863756,0.001,-0.0347876284304039));
#11652=CARTESIAN_POINT('',(-0.0325602146654089,0.001,-0.0347876284304039));
#11653=CARTESIAN_POINT('',(-0.0325602146654089,0.001,-0.0347876284304039));
#11654=CARTESIAN_POINT('',(-0.0325602146654089,0.001,-0.0347876284304039));
#11655=CARTESIAN_POINT('',(-0.0325602146654089,0.,-0.0347876284304039));
#11656=CARTESIAN_POINT('',(-0.0325811513045274,0.001,-0.0351391435819191));
#11657=CARTESIAN_POINT('',(-0.0325811513045274,0.,-0.0351391435819191));
#11658=CARTESIAN_POINT('',(-0.0326800493761528,0.001,-0.0354526422045086));
#11659=CARTESIAN_POINT('',(-0.0326800493761528,0.,-0.0354526422045086));
#11660=CARTESIAN_POINT('',(-0.032856908880285,0.001,-0.0357281242981726));
#11661=CARTESIAN_POINT('',(-0.032856908880285,0.,-0.0357281242981726));
#11662=CARTESIAN_POINT('',(-0.0325602146654089,0.001,-0.0347876284304039));
#11663=CARTESIAN_POINT('',(-0.0325916196240867,0.001,-0.0353149011576767));
#11664=CARTESIAN_POINT('',(-0.032856908880285,0.001,-0.0357281242981726));
#11665=CARTESIAN_POINT('',(-0.032856908880285,0.001,-0.0357281242981726));
#11666=CARTESIAN_POINT('',(-0.032856908880285,0.001,-0.0357281242981726));
#11667=CARTESIAN_POINT('',(-0.032856908880285,0.001,-0.0357281242981726));
#11668=CARTESIAN_POINT('',(-0.032856908880285,0.,-0.0357281242981726));
#11669=CARTESIAN_POINT('',(-0.0330337683844172,0.001,-0.0360036063918365));
#11670=CARTESIAN_POINT('',(-0.0330337683844172,0.,-0.0360036063918365));
#11671=CARTESIAN_POINT('',(-0.0332946499271169,0.001,-0.0362620085956932));
#11672=CARTESIAN_POINT('',(-0.0332946499271169,0.,-0.0362620085956932));
#11673=CARTESIAN_POINT('',(-0.0336395535083841,0.001,-0.0365033309097428));
#11674=CARTESIAN_POINT('',(-0.0336395535083841,0.,-0.0365033309097428));
#11675=CARTESIAN_POINT('',(-0.032856908880285,0.001,-0.0357281242981726));
#11676=CARTESIAN_POINT('',(-0.0331221981364834,0.001,-0.0361413474386684));
#11677=CARTESIAN_POINT('',(-0.0336395535083841,0.001,-0.0365033309097428));
#11678=CARTESIAN_POINT('',(-0.0336395535083841,0.001,-0.0365033309097428));
#11679=CARTESIAN_POINT('',(-0.0336395535083841,0.001,-0.0365033309097428));
#11680=CARTESIAN_POINT('',(-0.0336395535083841,0.001,-0.0365033309097428));
#11681=CARTESIAN_POINT('',(-0.0336395535083841,0.,-0.0365033309097428));
#11682=CARTESIAN_POINT('',(-0.0340075975855191,0.001,-0.0367578763642883));
#11683=CARTESIAN_POINT('',(-0.0340075975855191,0.,-0.0367578763642883));
#11684=CARTESIAN_POINT('',(-0.0342673771998442,0.001,-0.0369823942706244));
#11685=CARTESIAN_POINT('',(-0.0342673771998442,0.,-0.0369823942706244));
#11686=CARTESIAN_POINT('',(-0.0344188923513593,0.001,-0.0371768846287511));
#11687=CARTESIAN_POINT('',(-0.0344188923513593,0.,-0.0371768846287511));
#11688=CARTESIAN_POINT('',(-0.0336395535083841,0.001,-0.0365033309097428));
#11689=CARTESIAN_POINT('',(-0.0341916196240866,0.001,-0.036885149091561));
#11690=CARTESIAN_POINT('',(-0.0344188923513593,0.001,-0.0371768846287511));
#11691=CARTESIAN_POINT('',(-0.0344188923513593,0.001,-0.0371768846287511));
#11692=CARTESIAN_POINT('',(-0.0344188923513593,0.001,-0.0371768846287511));
#11693=CARTESIAN_POINT('',(-0.0336177865342537,0.001,-0.0378229308995585));
#11694=CARTESIAN_POINT('',(-0.0336177865342537,0.001,-0.0378229308995585));
#11695=CARTESIAN_POINT('',(-0.0346461650786321,0.001,-0.0378256449593295));
#11696=CARTESIAN_POINT('',(-0.0346461650786321,0.001,-0.0378256449593295));
#11697=CARTESIAN_POINT('',(-0.0346461650786321,0.001,-0.0378256449593295));
#11698=CARTESIAN_POINT('',(-0.0346461650786321,0.,-0.0378256449593295));
#11699=CARTESIAN_POINT('',(-0.0346461650786321,0.001,-0.0381286752623599));
#11700=CARTESIAN_POINT('',(-0.0346461650786321,0.,-0.0381286752623599));
#11701=CARTESIAN_POINT('',(-0.0345472670070067,0.001,-0.0383680692017538));
#11702=CARTESIAN_POINT('',(-0.0345472670070067,0.,-0.0383680692017538));
#11703=CARTESIAN_POINT('',(-0.034349470863756,0.001,-0.0385438267775114));
#11704=CARTESIAN_POINT('',(-0.034349470863756,0.,-0.0385438267775114));
#11705=CARTESIAN_POINT('',(-0.0346461650786321,0.001,-0.0378256449593295));
#11706=CARTESIAN_POINT('',(-0.0346461650786321,0.001,-0.038280190413875));
#11707=CARTESIAN_POINT('',(-0.034349470863756,0.001,-0.0385438267775114));
#11708=CARTESIAN_POINT('',(-0.034349470863756,0.001,-0.0385438267775114));
#11709=CARTESIAN_POINT('',(-0.034349470863756,0.001,-0.0385438267775114));
#11710=CARTESIAN_POINT('',(-0.034349470863756,0.001,-0.0385438267775114));
#11711=CARTESIAN_POINT('',(-0.034349470863756,0.,-0.0385438267775114));
#11712=CARTESIAN_POINT('',(-0.0341516747205054,0.001,-0.038719584353269));
#11713=CARTESIAN_POINT('',(-0.0341516747205054,0.,-0.038719584353269));
#11714=CARTESIAN_POINT('',(-0.0338704075028745,0.001,-0.0388074631411478));
#11715=CARTESIAN_POINT('',(-0.0338704075028745,0.,-0.0388074631411478));
#11716=CARTESIAN_POINT('',(-0.0335056692108635,0.001,-0.0388074631411478));
#11717=CARTESIAN_POINT('',(-0.0335056692108635,0.,-0.0388074631411478));
#11718=CARTESIAN_POINT('',(-0.034349470863756,0.001,-0.0385438267775114));
#11719=CARTESIAN_POINT('',(-0.0340527766488801,0.001,-0.0388074631411478));
#11720=CARTESIAN_POINT('',(-0.0335056692108635,0.001,-0.0388074631411478));
#11721=CARTESIAN_POINT('',(-0.0335056692108635,0.001,-0.0388074631411478));
#11722=CARTESIAN_POINT('',(-0.0335056692108635,0.001,-0.0388074631411478));
#11723=CARTESIAN_POINT('',(-0.0335056692108635,0.001,-0.0388074631411478));
#11724=CARTESIAN_POINT('',(-0.0335056692108635,0.,-0.0388074631411478));
#11725=CARTESIAN_POINT('',(-0.0331574598444723,0.001,-0.0388074631411478));
#11726=CARTESIAN_POINT('',(-0.0331574598444723,0.,-0.0388074631411478));
#11727=CARTESIAN_POINT('',(-0.0328654488251885,0.001,-0.0387058102485858));
#11728=CARTESIAN_POINT('',(-0.0328654488251885,0.,-0.0387058102485858));
#11729=CARTESIAN_POINT('',(-0.0326296361530122,0.001,-0.0385025044634618));
#11730=CARTESIAN_POINT('',(-0.0326296361530122,0.,-0.0385025044634618));
#11731=CARTESIAN_POINT('',(-0.0335056692108635,0.001,-0.0388074631411478));
#11732=CARTESIAN_POINT('',(-0.0329833551612767,0.001,-0.0388074631411478));
#11733=CARTESIAN_POINT('',(-0.0326296361530122,0.001,-0.0385025044634618));
#11734=CARTESIAN_POINT('',(-0.0326296361530122,0.001,-0.0385025044634618));
#11735=CARTESIAN_POINT('',(-0.0326296361530122,0.001,-0.0385025044634618));
#11736=CARTESIAN_POINT('',(-0.0326296361530122,0.001,-0.0385025044634618));
#11737=CARTESIAN_POINT('',(-0.0326296361530122,0.,-0.0385025044634618));
#11738=CARTESIAN_POINT('',(-0.0323938234808359,0.001,-0.0382991986783378));
#11739=CARTESIAN_POINT('',(-0.0323938234808359,0.,-0.0382991986783378));
#11740=CARTESIAN_POINT('',(-0.0322549805056294,0.001,-0.0380306036370155));
#11741=CARTESIAN_POINT('',(-0.0322549805056294,0.,-0.0380306036370155));
#11742=CARTESIAN_POINT('',(-0.0322131072273924,0.001,-0.0376967193394949));
#11743=CARTESIAN_POINT('',(-0.0322131072273924,0.,-0.0376967193394949));
#11744=CARTESIAN_POINT('',(-0.0326296361530122,0.001,-0.0385025044634618));
#11745=CARTESIAN_POINT('',(-0.0322759171447478,0.001,-0.0381975457857759));
#11746=CARTESIAN_POINT('',(-0.0322131072273924,0.001,-0.0376967193394949));
#11747=CARTESIAN_POINT('',(-0.0322131072273924,0.001,-0.0376967193394949));
#11748=CARTESIAN_POINT('',(-0.0322131072273924,0.001,-0.0376967193394949));
#11749=CARTESIAN_POINT('',(-0.0314775700373098,0.001,-0.0377272978518915));
#11750=CARTESIAN_POINT('',(-0.0314775700373098,0.001,-0.0377272978518915));
#11751=CARTESIAN_POINT('',(-0.0307420328472271,0.001,-0.0377578763642882));
#11752=CARTESIAN_POINT('',(-0.0307420328472271,0.001,-0.0377578763642882));
#11753=CARTESIAN_POINT('',(-0.0307420328472271,0.001,-0.0377578763642882));
#11754=CARTESIAN_POINT('',(-0.0307420328472271,0.,-0.0377578763642882));
#11755=CARTESIAN_POINT('',(-0.0308345948306982,0.001,-0.0384576008821946));
#11756=CARTESIAN_POINT('',(-0.0308345948306982,0.,-0.0384576008821946));
#11757=CARTESIAN_POINT('',(-0.0311219226543897,0.001,-0.0390019534992745));
#11758=CARTESIAN_POINT('',(-0.0311219226543897,0.,-0.0390019534992745));
#11759=CARTESIAN_POINT('',(-0.0316040163183015,0.001,-0.0393909342155279));
#11760=CARTESIAN_POINT('',(-0.0316040163183015,0.,-0.0393909342155279));
#11761=CARTESIAN_POINT('',(-0.0307420328472271,0.001,-0.0377578763642882));
#11762=CARTESIAN_POINT('',(-0.0308808758224337,0.001,-0.0388074631411478));
#11763=CARTESIAN_POINT('',(-0.0316040163183015,0.001,-0.0393909342155279));
#11764=CARTESIAN_POINT('',(-0.0316040163183015,0.001,-0.0393909342155279));
#11765=CARTESIAN_POINT('',(-0.0316040163183015,0.001,-0.0393909342155279));
#11766=CARTESIAN_POINT('',(-0.0316040163183015,0.001,-0.0393909342155279));
#11767=CARTESIAN_POINT('',(-0.0316040163183015,0.,-0.0393909342155279));
#11768=CARTESIAN_POINT('',(-0.0320861099822134,0.001,-0.0397799149317814));
#11769=CARTESIAN_POINT('',(-0.0320861099822134,0.,-0.0397799149317814));
#11770=CARTESIAN_POINT('',(-0.0327128317452988,0.001,-0.0399744052899081));
#11771=CARTESIAN_POINT('',(-0.0327128317452988,0.,-0.0399744052899081));
#11772=CARTESIAN_POINT('',(-0.0334841816075577,0.001,-0.0399744052899081));
#11773=CARTESIAN_POINT('',(-0.0334841816075577,0.,-0.0399744052899081));
#11774=CARTESIAN_POINT('',(-0.0316040163183015,0.001,-0.0393909342155279));
#11775=CARTESIAN_POINT('',(-0.0323271568141693,0.001,-0.0399744052899081));
#11776=CARTESIAN_POINT('',(-0.0334841816075577,0.001,-0.0399744052899081));
#11777=CARTESIAN_POINT('',(-0.0334841816075577,0.001,-0.0399744052899081));
#11778=CARTESIAN_POINT('',(-0.0334841816075577,0.001,-0.0399744052899081));
#11779=CARTESIAN_POINT('',(-0.0334841816075577,0.001,-0.0399744052899081));
#11780=CARTESIAN_POINT('',(-0.0334841816075577,0.,-0.0399744052899081));
#11781=CARTESIAN_POINT('',(-0.0343007105331775,0.001,-0.0399744052899081));
#11782=CARTESIAN_POINT('',(-0.0343007105331775,0.,-0.0399744052899081));
#11783=CARTESIAN_POINT('',(-0.0349423083293208,0.001,-0.039789281322966));
#11784=CARTESIAN_POINT('',(-0.0349423083293208,0.,-0.039789281322966));
#11785=CARTESIAN_POINT('',(-0.0354089749959874,0.001,-0.0394190333890817));
#11786=CARTESIAN_POINT('',(-0.0354089749959874,0.,-0.0394190333890817));
#11787=CARTESIAN_POINT('',(-0.0334841816075577,0.001,-0.0399744052899081));
#11788=CARTESIAN_POINT('',(-0.0347089749959874,0.001,-0.0399744052899081));
#11789=CARTESIAN_POINT('',(-0.0354089749959874,0.001,-0.0394190333890817));
#11790=CARTESIAN_POINT('',(0.000225735747814176,0.001,-0.0121241573560238));
#11791=CARTESIAN_POINT('',(-0.0197230245827644,0.001,-0.0375339094221395));
#11792=CARTESIAN_POINT('',(-0.0197230245827644,0.,-0.0375339094221395));
#11793=CARTESIAN_POINT('',(-0.0202029143899269,0.001,-0.0370363887609825));
#11794=CARTESIAN_POINT('',(-0.0202029143899269,0.,-0.0370363887609825));
#11795=CARTESIAN_POINT('',(-0.0204428592935081,0.001,-0.0363209617637373));
#11796=CARTESIAN_POINT('',(-0.0204428592935081,0.,-0.0363209617637373));
#11797=CARTESIAN_POINT('',(-0.0204428592935081,0.001,-0.035387628430404));
#11798=CARTESIAN_POINT('',(-0.0204428592935081,0.,-0.035387628430404));
#11799=CARTESIAN_POINT('',(-0.0197230245827644,0.001,-0.0375339094221395));
#11800=CARTESIAN_POINT('',(-0.0197230245827644,0.001,-0.0375339094221395));
#11801=CARTESIAN_POINT('',(-0.0197230245827644,0.001,-0.0375339094221395));
#11802=CARTESIAN_POINT('',(-0.0204428592935081,0.001,-0.036787628430404));
#11803=CARTESIAN_POINT('',(-0.0204428592935081,0.001,-0.035387628430404));
#11804=CARTESIAN_POINT('',(-0.0204428592935081,0.001,-0.035387628430404));
#11805=CARTESIAN_POINT('',(-0.0204428592935081,0.001,-0.035387628430404));
#11806=CARTESIAN_POINT('',(-0.0204428592935081,0.001,-0.035387628430404));
#11807=CARTESIAN_POINT('',(-0.0204428592935081,0.,-0.035387628430404));
#11808=CARTESIAN_POINT('',(-0.0204428592935081,0.001,-0.034481843306437));
#11809=CARTESIAN_POINT('',(-0.0204428592935081,0.,-0.034481843306437));
#11810=CARTESIAN_POINT('',(-0.0201916196240866,0.001,-0.0337713749868778));
#11811=CARTESIAN_POINT('',(-0.0201916196240866,0.,-0.0337713749868778));
#11812=CARTESIAN_POINT('',(-0.0196891402852436,0.001,-0.0332562234717262));
#11813=CARTESIAN_POINT('',(-0.0196891402852436,0.,-0.0332562234717262));
#11814=CARTESIAN_POINT('',(-0.0204428592935081,0.001,-0.035387628430404));
#11815=CARTESIAN_POINT('',(-0.0204428592935081,0.001,-0.0340289507444535));
#11816=CARTESIAN_POINT('',(-0.0196891402852436,0.001,-0.0332562234717262));
#11817=CARTESIAN_POINT('',(-0.0196891402852436,0.001,-0.0332562234717262));
#11818=CARTESIAN_POINT('',(-0.0196891402852436,0.001,-0.0332562234717262));
#11819=CARTESIAN_POINT('',(-0.0196891402852436,0.001,-0.0332562234717262));
#11820=CARTESIAN_POINT('',(-0.0196891402852436,0.,-0.0332562234717262));
#11821=CARTESIAN_POINT('',(-0.0191866609464007,0.001,-0.0327410719565748));
#11822=CARTESIAN_POINT('',(-0.0191866609464007,0.,-0.0327410719565748));
#11823=CARTESIAN_POINT('',(-0.018491344141993,0.001,-0.032483496198999));
#11824=CARTESIAN_POINT('',(-0.018491344141993,0.,-0.032483496198999));
#11825=CARTESIAN_POINT('',(-0.0176031898720205,0.001,-0.032483496198999));
#11826=CARTESIAN_POINT('',(-0.0176031898720205,0.,-0.032483496198999));
#11827=CARTESIAN_POINT('',(-0.0196891402852436,0.001,-0.0332562234717262));
#11828=CARTESIAN_POINT('',(-0.0189354212769792,0.001,-0.032483496198999));
#11829=CARTESIAN_POINT('',(-0.0176031898720205,0.001,-0.032483496198999));
#11830=CARTESIAN_POINT('',(-0.0176031898720205,0.001,-0.032483496198999));
#11831=CARTESIAN_POINT('',(-0.0176031898720205,0.001,-0.032483496198999));
#11832=CARTESIAN_POINT('',(-0.0176031898720205,0.001,-0.032483496198999));
#11833=CARTESIAN_POINT('',(-0.0176031898720205,0.,-0.032483496198999));
#11834=CARTESIAN_POINT('',(-0.0167315645276679,0.001,-0.032483496198999));
#11835=CARTESIAN_POINT('',(-0.0167315645276679,0.,-0.032483496198999));
#11836=CARTESIAN_POINT('',(-0.0160478179711941,0.001,-0.0327418984028557));
#11837=CARTESIAN_POINT('',(-0.0160478179711941,0.,-0.0327418984028557));
#11838=CARTESIAN_POINT('',(-0.015551950202599,0.001,-0.0332587028105692));
#11839=CARTESIAN_POINT('',(-0.015551950202599,0.,-0.0332587028105692));
#11840=CARTESIAN_POINT('',(-0.0176031898720205,0.001,-0.032483496198999));
#11841=CARTESIAN_POINT('',(-0.0162957518554916,0.001,-0.032483496198999));
#11842=CARTESIAN_POINT('',(-0.015551950202599,0.001,-0.0332587028105692));
#11843=CARTESIAN_POINT('',(-0.015551950202599,0.001,-0.0332587028105692));
#11844=CARTESIAN_POINT('',(-0.015551950202599,0.001,-0.0332587028105692));
#11845=CARTESIAN_POINT('',(-0.015551950202599,0.001,-0.0332587028105692));
#11846=CARTESIAN_POINT('',(-0.015551950202599,0.,-0.0332587028105692));
#11847=CARTESIAN_POINT('',(-0.015056082434004,0.001,-0.0337755072182827));
#11848=CARTESIAN_POINT('',(-0.015056082434004,0.,-0.0337755072182827));
#11849=CARTESIAN_POINT('',(-0.0148081485497065,0.001,-0.034485149091561));
#11850=CARTESIAN_POINT('',(-0.0148081485497065,0.,-0.034485149091561));
#11851=CARTESIAN_POINT('',(-0.0148081485497065,0.001,-0.035387628430404));
#11852=CARTESIAN_POINT('',(-0.0148081485497065,0.,-0.035387628430404));
#11853=CARTESIAN_POINT('',(-0.015551950202599,0.001,-0.0332587028105692));
#11854=CARTESIAN_POINT('',(-0.0148081485497065,0.001,-0.0340339094221395));
#11855=CARTESIAN_POINT('',(-0.0148081485497065,0.001,-0.035387628430404));
#11856=CARTESIAN_POINT('',(-0.0148081485497065,0.001,-0.035387628430404));
#11857=CARTESIAN_POINT('',(-0.0148081485497065,0.001,-0.035387628430404));
#11858=CARTESIAN_POINT('',(-0.0148081485497065,0.001,-0.035387628430404));
#11859=CARTESIAN_POINT('',(-0.0148081485497065,0.,-0.035387628430404));
#11860=CARTESIAN_POINT('',(-0.0148081485497065,0.001,-0.0362857000557483));
#11861=CARTESIAN_POINT('',(-0.0148081485497065,0.,-0.0362857000557483));
#11862=CARTESIAN_POINT('',(-0.015056082434004,0.001,-0.0369923116259962));
#11863=CARTESIAN_POINT('',(-0.015056082434004,0.,-0.0369923116259962));
#11864=CARTESIAN_POINT('',(-0.015551950202599,0.001,-0.0375074631411478));
#11865=CARTESIAN_POINT('',(-0.015551950202599,0.,-0.0375074631411478));
#11866=CARTESIAN_POINT('',(-0.0148081485497065,0.001,-0.035387628430404));
#11867=CARTESIAN_POINT('',(-0.0148081485497065,0.001,-0.0367347358684205));
#11868=CARTESIAN_POINT('',(-0.015551950202599,0.001,-0.0375074631411478));
#11869=CARTESIAN_POINT('',(-0.015551950202599,0.001,-0.0375074631411478));
#11870=CARTESIAN_POINT('',(-0.015551950202599,0.001,-0.0375074631411478));
#11871=CARTESIAN_POINT('',(-0.015551950202599,0.001,-0.0375074631411478));
#11872=CARTESIAN_POINT('',(-0.015551950202599,0.,-0.0375074631411478));
#11873=CARTESIAN_POINT('',(-0.0160478179711941,0.001,-0.0380226146562993));
#11874=CARTESIAN_POINT('',(-0.0160478179711941,0.,-0.0380226146562993));
#11875=CARTESIAN_POINT('',(-0.0167414818830398,0.001,-0.038280190413875));
#11876=CARTESIAN_POINT('',(-0.0167414818830398,0.,-0.038280190413875));
#11877=CARTESIAN_POINT('',(-0.0176329419381362,0.001,-0.038280190413875));
#11878=CARTESIAN_POINT('',(-0.0176329419381362,0.,-0.038280190413875));
#11879=CARTESIAN_POINT('',(-0.015551950202599,0.001,-0.0375074631411478));
#11880=CARTESIAN_POINT('',(-0.0162957518554916,0.001,-0.038280190413875));
#11881=CARTESIAN_POINT('',(-0.0176329419381362,0.001,-0.038280190413875));
#11882=CARTESIAN_POINT('',(-0.0176329419381362,0.001,-0.038280190413875));
#11883=CARTESIAN_POINT('',(-0.0176329419381362,0.001,-0.038280190413875));
#11884=CARTESIAN_POINT('',(-0.0175866609464007,0.001,-0.033476884628751));
#11885=CARTESIAN_POINT('',(-0.0175866609464007,0.,-0.033476884628751));
#11886=CARTESIAN_POINT('',(-0.0184792229298718,0.001,-0.033476884628751));
#11887=CARTESIAN_POINT('',(-0.0184792229298718,0.,-0.033476884628751));
#11888=CARTESIAN_POINT('',(-0.0189255039216073,0.001,-0.034113799229302));
#11889=CARTESIAN_POINT('',(-0.0189255039216073,0.,-0.034113799229302));
#11890=CARTESIAN_POINT('',(-0.0189255039216073,0.001,-0.035387628430404));
#11891=CARTESIAN_POINT('',(-0.0189255039216073,0.,-0.035387628430404));
#11892=CARTESIAN_POINT('',(-0.0175866609464007,0.,-0.033476884628751));
#11893=CARTESIAN_POINT('',(-0.0189255039216073,0.,-0.033476884628751));
#11894=CARTESIAN_POINT('',(-0.0189255039216073,0.,-0.035387628430404));
#11895=CARTESIAN_POINT('',(-0.0175866609464007,0.,-0.033476884628751));
#11896=CARTESIAN_POINT('',(-0.0189255039216073,0.,-0.035387628430404));
#11897=CARTESIAN_POINT('',(-0.0175866609464007,0.001,-0.033476884628751));
#11898=CARTESIAN_POINT('',(-0.0175866609464007,0.001,-0.033476884628751));
#11899=CARTESIAN_POINT('',(-0.0175866609464007,0.001,-0.033476884628751));
#11900=CARTESIAN_POINT('',(-0.0189255039216073,0.001,-0.033476884628751));
#11901=CARTESIAN_POINT('',(-0.0189255039216073,0.001,-0.035387628430404));
#11902=CARTESIAN_POINT('',(-0.0189255039216073,0.001,-0.035387628430404));
#11903=CARTESIAN_POINT('',(-0.0189255039216073,0.001,-0.035387628430404));
#11904=CARTESIAN_POINT('',(-0.0189255039216073,0.001,-0.035387628430404));
#11905=CARTESIAN_POINT('',(-0.0189255039216073,0.,-0.035387628430404));
#11906=CARTESIAN_POINT('',(-0.0189255039216073,0.001,-0.0360520912403213));
#11907=CARTESIAN_POINT('',(-0.0189255039216073,0.,-0.0360520912403213));
#11908=CARTESIAN_POINT('',(-0.0188169639767037,0.001,-0.0365341849042332));
#11909=CARTESIAN_POINT('',(-0.0188169639767037,0.,-0.0365341849042332));
#11910=CARTESIAN_POINT('',(-0.0185998840868965,0.001,-0.0368339094221395));
#11911=CARTESIAN_POINT('',(-0.0185998840868965,0.,-0.0368339094221395));
#11912=CARTESIAN_POINT('',(-0.0189255039216073,0.,-0.035387628430404));
#11913=CARTESIAN_POINT('',(-0.0189255039216073,0.,-0.03638432264528));
#11914=CARTESIAN_POINT('',(-0.0185998840868965,0.,-0.0368339094221395));
#11915=CARTESIAN_POINT('',(-0.0185998840868965,0.,-0.0368339094221395));
#11916=CARTESIAN_POINT('',(-0.0189255039216073,0.001,-0.035387628430404));
#11917=CARTESIAN_POINT('',(-0.0189255039216073,0.001,-0.03638432264528));
#11918=CARTESIAN_POINT('',(-0.0185998840868965,0.001,-0.0368339094221395));
#11919=CARTESIAN_POINT('',(-0.0185998840868965,0.001,-0.0368339094221395));
#11920=CARTESIAN_POINT('',(-0.0185998840868965,0.001,-0.0368339094221395));
#11921=CARTESIAN_POINT('',(-0.0185998840868965,0.001,-0.0368339094221395));
#11922=CARTESIAN_POINT('',(-0.0185998840868965,0.,-0.0368339094221395));
#11923=CARTESIAN_POINT('',(-0.0183828041970894,0.001,-0.0371336339400458));
#11924=CARTESIAN_POINT('',(-0.0183828041970894,0.,-0.0371336339400458));
#11925=CARTESIAN_POINT('',(-0.0180676526819379,0.001,-0.037283496198999));
#11926=CARTESIAN_POINT('',(-0.0180676526819379,0.,-0.037283496198999));
#11927=CARTESIAN_POINT('',(-0.017654429541442,0.001,-0.037283496198999));
#11928=CARTESIAN_POINT('',(-0.017654429541442,0.,-0.037283496198999));
#11929=CARTESIAN_POINT('',(-0.0185998840868965,0.,-0.0368339094221395));
#11930=CARTESIAN_POINT('',(-0.0182742642521858,0.,-0.037283496198999));
#11931=CARTESIAN_POINT('',(-0.017654429541442,0.,-0.037283496198999));
#11932=CARTESIAN_POINT('',(-0.017654429541442,0.,-0.037283496198999));
#11933=CARTESIAN_POINT('',(-0.0185998840868965,0.001,-0.0368339094221395));
#11934=CARTESIAN_POINT('',(-0.0182742642521858,0.001,-0.037283496198999));
#11935=CARTESIAN_POINT('',(-0.017654429541442,0.001,-0.037283496198999));
#11936=CARTESIAN_POINT('',(-0.017654429541442,0.001,-0.037283496198999));
#11937=CARTESIAN_POINT('',(-0.017654429541442,0.001,-0.037283496198999));
#11938=CARTESIAN_POINT('',(-0.017654429541442,0.001,-0.037283496198999));
#11939=CARTESIAN_POINT('',(-0.017654429541442,0.,-0.037283496198999));
#11940=CARTESIAN_POINT('',(-0.0167728868417175,0.001,-0.037283496198999));
#11941=CARTESIAN_POINT('',(-0.0167728868417175,0.,-0.037283496198999));
#11942=CARTESIAN_POINT('',(-0.0163321154918552,0.001,-0.036651540276134));
#11943=CARTESIAN_POINT('',(-0.0163321154918552,0.,-0.036651540276134));
#11944=CARTESIAN_POINT('',(-0.0163321154918552,0.001,-0.035387628430404));
#11945=CARTESIAN_POINT('',(-0.0163321154918552,0.,-0.035387628430404));
#11946=CARTESIAN_POINT('',(-0.017654429541442,0.,-0.037283496198999));
#11947=CARTESIAN_POINT('',(-0.0163321154918552,0.,-0.037283496198999));
#11948=CARTESIAN_POINT('',(-0.0163321154918552,0.,-0.035387628430404));
#11949=CARTESIAN_POINT('',(-0.0163321154918552,0.,-0.035387628430404));
#11950=CARTESIAN_POINT('',(-0.017654429541442,0.001,-0.037283496198999));
#11951=CARTESIAN_POINT('',(-0.0163321154918552,0.001,-0.037283496198999));
#11952=CARTESIAN_POINT('',(-0.0163321154918552,0.001,-0.035387628430404));
#11953=CARTESIAN_POINT('',(-0.0163321154918552,0.001,-0.035387628430404));
#11954=CARTESIAN_POINT('',(-0.0163321154918552,0.001,-0.035387628430404));
#11955=CARTESIAN_POINT('',(-0.0163321154918552,0.001,-0.035387628430404));
#11956=CARTESIAN_POINT('',(-0.0163321154918552,0.,-0.035387628430404));
#11957=CARTESIAN_POINT('',(-0.0163321154918552,0.001,-0.0347639369703489));
#11958=CARTESIAN_POINT('',(-0.0163321154918552,0.,-0.0347639369703489));
#11959=CARTESIAN_POINT('',(-0.0164398289904778,0.001,-0.0342895568050596));
#11960=CARTESIAN_POINT('',(-0.0164398289904778,0.,-0.0342895568050596));
#11961=CARTESIAN_POINT('',(-0.016655255987723,0.001,-0.0339644879345362));
#11962=CARTESIAN_POINT('',(-0.016655255987723,0.,-0.0339644879345362));
#11963=CARTESIAN_POINT('',(-0.0163321154918552,0.,-0.035387628430404));
#11964=CARTESIAN_POINT('',(-0.0163321154918552,0.,-0.0344520912403213));
#11965=CARTESIAN_POINT('',(-0.016655255987723,0.,-0.0339644879345362));
#11966=CARTESIAN_POINT('',(-0.016655255987723,0.,-0.0339644879345362));
#11967=CARTESIAN_POINT('',(-0.0163321154918552,0.001,-0.035387628430404));
#11968=CARTESIAN_POINT('',(-0.0163321154918552,0.001,-0.0344520912403213));
#11969=CARTESIAN_POINT('',(-0.016655255987723,0.001,-0.0339644879345362));
#11970=CARTESIAN_POINT('',(-0.016655255987723,0.001,-0.0339644879345362));
#11971=CARTESIAN_POINT('',(-0.016655255987723,0.001,-0.0339644879345362));
#11972=CARTESIAN_POINT('',(-0.016655255987723,0.001,-0.0339644879345362));
#11973=CARTESIAN_POINT('',(-0.016655255987723,0.,-0.0339644879345362));
#11974=CARTESIAN_POINT('',(-0.0168706829849682,0.001,-0.0336394190640128));
#11975=CARTESIAN_POINT('',(-0.0168706829849682,0.,-0.0336394190640128));
#11976=CARTESIAN_POINT('',(-0.0171811513045274,0.001,-0.033476884628751));
#11977=CARTESIAN_POINT('',(-0.0171811513045274,0.,-0.033476884628751));
#11978=CARTESIAN_POINT('',(-0.0175866609464007,0.001,-0.033476884628751));
#11979=CARTESIAN_POINT('',(-0.0175866609464007,0.,-0.033476884628751));
#11980=CARTESIAN_POINT('',(-0.016655255987723,0.,-0.0339644879345362));
#11981=CARTESIAN_POINT('',(-0.0169783964835908,0.,-0.033476884628751));
#11982=CARTESIAN_POINT('',(-0.0175866609464007,0.,-0.033476884628751));
#11983=CARTESIAN_POINT('',(-0.016655255987723,0.001,-0.0339644879345362));
#11984=CARTESIAN_POINT('',(-0.0169783964835908,0.001,-0.033476884628751));
#11985=CARTESIAN_POINT('',(-0.0175866609464007,0.001,-0.033476884628751));
#11986=CARTESIAN_POINT('',(-0.0176329419381362,0.001,-0.038280190413875));
#11987=CARTESIAN_POINT('',(-0.0176329419381362,0.,-0.038280190413875));
#11988=CARTESIAN_POINT('',(-0.0185464405607257,0.001,-0.038280190413875));
#11989=CARTESIAN_POINT('',(-0.0185464405607257,0.,-0.038280190413875));
#11990=CARTESIAN_POINT('',(-0.0192431347756018,0.001,-0.0380314300832965));
#11991=CARTESIAN_POINT('',(-0.0192431347756018,0.,-0.0380314300832965));
#11992=CARTESIAN_POINT('',(-0.0197230245827644,0.001,-0.0375339094221395));
#11993=CARTESIAN_POINT('',(-0.0197230245827644,0.,-0.0375339094221395));
#11994=CARTESIAN_POINT('',(-0.0176329419381362,0.001,-0.038280190413875));
#11995=CARTESIAN_POINT('',(-0.0190031898720205,0.001,-0.038280190413875));
#11996=CARTESIAN_POINT('',(-0.0197230245827644,0.001,-0.0375339094221395));
#11997=CARTESIAN_POINT('',(0.000225735747814176,0.001,-0.0121241573560238));
#11998=CARTESIAN_POINT('',(0.000225735747814176,0.,-0.0121241573560238));
#11999=CARTESIAN_POINT('',(-0.0332651733430949,0.001,-0.0325876284304039));
#12000=CARTESIAN_POINT('',(-0.0340114543348305,0.001,-0.0325876284304039));
#12001=CARTESIAN_POINT('',(-0.0340114543348305,0.001,-0.0325876284304039));
#12002=CARTESIAN_POINT('',(-0.0332651733430949,0.001,-0.0325876284304039));
#12003=CARTESIAN_POINT('',(-0.0325188923513593,0.001,-0.0325876284304039));
#12004=CARTESIAN_POINT('',(-0.0325188923513593,0.001,-0.0325876284304039));
#12005=CARTESIAN_POINT('',(-0.0325188923513593,0.001,-0.033285149091561));
#12006=CARTESIAN_POINT('',(-0.0325188923513593,0.001,-0.033285149091561));
#12007=CARTESIAN_POINT('',(-0.0325188923513593,0.001,-0.033982669752718));
#12008=CARTESIAN_POINT('',(-0.0325188923513593,0.001,-0.033982669752718));
#12009=CARTESIAN_POINT('',(-0.0332651733430949,0.001,-0.033982669752718));
#12010=CARTESIAN_POINT('',(-0.0332651733430949,0.001,-0.033982669752718));
#12011=CARTESIAN_POINT('',(-0.0340114543348305,0.001,-0.033982669752718));
#12012=CARTESIAN_POINT('',(-0.0340114543348305,0.001,-0.033982669752718));
#12013=CARTESIAN_POINT('',(-0.0340114543348305,0.001,-0.033285149091561));
#12014=CARTESIAN_POINT('',(-0.0340114543348305,0.001,-0.033285149091561));
#12015=CARTESIAN_POINT('',(0.000225735747814176,0.001,-0.0121241573560238));
#12016=CARTESIAN_POINT('',(0.0187670580618637,0.001,-0.03358432264528));
#12017=CARTESIAN_POINT('',(0.0187670580618637,0.,-0.03358432264528));
#12018=CARTESIAN_POINT('',(0.0191736696321117,0.001,-0.0328504383477593));
#12019=CARTESIAN_POINT('',(0.0191736696321117,0.,-0.0328504383477593));
#12020=CARTESIAN_POINT('',(0.0197868927726076,0.001,-0.032483496198999));
#12021=CARTESIAN_POINT('',(0.0197868927726076,0.,-0.032483496198999));
#12022=CARTESIAN_POINT('',(0.0206067274833514,0.001,-0.032483496198999));
#12023=CARTESIAN_POINT('',(0.0206067274833514,0.,-0.032483496198999));
#12024=CARTESIAN_POINT('',(0.0187670580618637,0.001,-0.03358432264528));
#12025=CARTESIAN_POINT('',(0.0187670580618637,0.001,-0.03358432264528));
#12026=CARTESIAN_POINT('',(0.0187670580618637,0.001,-0.03358432264528));
#12027=CARTESIAN_POINT('',(0.0193769754172357,0.001,-0.032483496198999));
#12028=CARTESIAN_POINT('',(0.0206067274833514,0.001,-0.032483496198999));
#12029=CARTESIAN_POINT('',(0.0206067274833514,0.001,-0.032483496198999));
#12030=CARTESIAN_POINT('',(0.0206067274833514,0.001,-0.032483496198999));
#12031=CARTESIAN_POINT('',(0.0206067274833514,0.001,-0.032483496198999));
#12032=CARTESIAN_POINT('',(0.0206067274833514,0.,-0.032483496198999));
#12033=CARTESIAN_POINT('',(0.0211466723869327,0.001,-0.032483496198999));
#12034=CARTESIAN_POINT('',(0.0211466723869327,0.,-0.032483496198999));
#12035=CARTESIAN_POINT('',(0.0215681599902385,0.001,-0.0326308791191092));
#12036=CARTESIAN_POINT('',(0.0215681599902385,0.,-0.0326308791191092));
#12037=CARTESIAN_POINT('',(0.0218711902932688,0.001,-0.0329256449593296));
#12038=CARTESIAN_POINT('',(0.0218711902932688,0.,-0.0329256449593296));
#12039=CARTESIAN_POINT('',(0.0206067274833514,0.001,-0.032483496198999));
#12040=CARTESIAN_POINT('',(0.0214166448387233,0.001,-0.032483496198999));
#12041=CARTESIAN_POINT('',(0.0218711902932688,0.001,-0.0329256449593296));
#12042=CARTESIAN_POINT('',(0.0218711902932688,0.001,-0.0329256449593296));
#12043=CARTESIAN_POINT('',(0.0218711902932688,0.001,-0.0329256449593296));
#12044=CARTESIAN_POINT('',(0.0218711902932688,0.001,-0.0329256449593296));
#12045=CARTESIAN_POINT('',(0.0218711902932688,0.,-0.0329256449593296));
#12046=CARTESIAN_POINT('',(0.022174220596299,0.001,-0.03322041079955));
#12047=CARTESIAN_POINT('',(0.022174220596299,0.,-0.03322041079955));
#12048=CARTESIAN_POINT('',(0.0223257357478142,0.001,-0.0336344603863268));
#12049=CARTESIAN_POINT('',(0.0223257357478142,0.,-0.0336344603863268));
#12050=CARTESIAN_POINT('',(0.0223257357478142,0.001,-0.0341677937196601));
#12051=CARTESIAN_POINT('',(0.0223257357478142,0.,-0.0341677937196601));
#12052=CARTESIAN_POINT('',(0.0218711902932688,0.001,-0.0329256449593296));
#12053=CARTESIAN_POINT('',(0.0223257357478142,0.001,-0.0333677937196602));
#12054=CARTESIAN_POINT('',(0.0223257357478142,0.001,-0.0341677937196601));
#12055=CARTESIAN_POINT('',(0.0223257357478142,0.001,-0.0341677937196601));
#12056=CARTESIAN_POINT('',(0.0223257357478142,0.001,-0.0341677937196601));
#12057=CARTESIAN_POINT('',(0.0223257357478142,0.001,-0.0341677937196601));
#12058=CARTESIAN_POINT('',(0.0223257357478142,0.,-0.0341677937196601));
#12059=CARTESIAN_POINT('',(0.0223257357478142,0.001,-0.0347463061163544));
#12060=CARTESIAN_POINT('',(0.0223257357478142,0.,-0.0347463061163544));
#12061=CARTESIAN_POINT('',(0.0221373059957481,0.001,-0.0351870774662166));
#12062=CARTESIAN_POINT('',(0.0221373059957481,0.,-0.0351870774662166));
#12063=CARTESIAN_POINT('',(0.0217604464916159,0.001,-0.035490107769247));
#12064=CARTESIAN_POINT('',(0.0217604464916159,0.,-0.035490107769247));
#12065=CARTESIAN_POINT('',(0.0223257357478142,0.001,-0.0341677937196601));
#12066=CARTESIAN_POINT('',(0.0223257357478142,0.001,-0.0350355623147015));
#12067=CARTESIAN_POINT('',(0.0217604464916159,0.001,-0.035490107769247));
#12068=CARTESIAN_POINT('',(0.0217604464916159,0.001,-0.035490107769247));
#12069=CARTESIAN_POINT('',(0.0217604464916159,0.001,-0.035490107769247));
#12070=CARTESIAN_POINT('',(0.0217604464916159,0.001,-0.035490107769247));
#12071=CARTESIAN_POINT('',(0.0217604464916159,0.,-0.035490107769247));
#12072=CARTESIAN_POINT('',(0.0213835869874836,0.001,-0.0357931380722772));
#12073=CARTESIAN_POINT('',(0.0213835869874836,0.,-0.0357931380722772));
#12074=CARTESIAN_POINT('',(0.0208370305136544,0.001,-0.0359485099731037));
#12075=CARTESIAN_POINT('',(0.0208370305136544,0.,-0.0359485099731037));
#12076=CARTESIAN_POINT('',(0.0201207770701282,0.001,-0.0359562234717263));
#12077=CARTESIAN_POINT('',(0.0201207770701282,0.,-0.0359562234717263));
#12078=CARTESIAN_POINT('',(0.0217604464916159,0.001,-0.035490107769247));
#12079=CARTESIAN_POINT('',(0.0211951572354175,0.001,-0.0359446532237924));
#12080=CARTESIAN_POINT('',(0.0201207770701282,0.001,-0.0359562234717263));
#12081=CARTESIAN_POINT('',(0.0201207770701282,0.001,-0.0359562234717263));
#12082=CARTESIAN_POINT('',(0.0201207770701282,0.001,-0.0359562234717263));
#12083=CARTESIAN_POINT('',(0.0195191241775662,0.001,-0.0359661408270981));
#12084=CARTESIAN_POINT('',(0.0195191241775662,0.001,-0.0359661408270981));
#12085=CARTESIAN_POINT('',(0.0189174712850043,0.001,-0.0359760581824701));
#12086=CARTESIAN_POINT('',(0.0189174712850043,0.001,-0.0359760581824701));
#12087=CARTESIAN_POINT('',(0.0189174712850043,0.001,-0.0361182069428006));
#12088=CARTESIAN_POINT('',(0.0189174712850043,0.001,-0.0361182069428006));
#12089=CARTESIAN_POINT('',(0.0189174712850043,0.001,-0.0362603557031312));
#12090=CARTESIAN_POINT('',(0.0189174712850043,0.001,-0.0362603557031312));
#12091=CARTESIAN_POINT('',(0.0189174712850043,0.001,-0.0362603557031312));
#12092=CARTESIAN_POINT('',(0.0189174712850043,0.,-0.0362603557031312));
#12093=CARTESIAN_POINT('',(0.0189174712850043,0.001,-0.0366250939951422));
#12094=CARTESIAN_POINT('',(0.0189174712850043,0.,-0.0366250939951422));
#12095=CARTESIAN_POINT('',(0.0189811076486406,0.001,-0.0368961683753075));
#12096=CARTESIAN_POINT('',(0.0189811076486406,0.,-0.0368961683753075));
#12097=CARTESIAN_POINT('',(0.0191083803759134,0.001,-0.0370735788436271));
#12098=CARTESIAN_POINT('',(0.0191083803759134,0.,-0.0370735788436271));
#12099=CARTESIAN_POINT('',(0.0189174712850043,0.001,-0.0362603557031312));
#12100=CARTESIAN_POINT('',(0.0189174712850043,0.001,-0.0368074631411478));
#12101=CARTESIAN_POINT('',(0.0191083803759134,0.001,-0.0370735788436271));
#12102=CARTESIAN_POINT('',(0.0191083803759134,0.001,-0.0370735788436271));
#12103=CARTESIAN_POINT('',(0.0191083803759134,0.001,-0.0370735788436271));
#12104=CARTESIAN_POINT('',(0.0191083803759134,0.001,-0.0370735788436271));
#12105=CARTESIAN_POINT('',(0.0191083803759134,0.,-0.0370735788436271));
#12106=CARTESIAN_POINT('',(0.0192356531031861,0.001,-0.0372509893119467));
#12107=CARTESIAN_POINT('',(0.0192356531031861,0.,-0.0372509893119467));
#12108=CARTESIAN_POINT('',(0.0194441930480897,0.001,-0.0373396945461065));
#12109=CARTESIAN_POINT('',(0.0194441930480897,0.,-0.0373396945461065));
#12110=CARTESIAN_POINT('',(0.0197340002106241,0.001,-0.0373396945461065));
#12111=CARTESIAN_POINT('',(0.0197340002106241,0.,-0.0373396945461065));
#12112=CARTESIAN_POINT('',(0.0191083803759134,0.001,-0.0370735788436271));
#12113=CARTESIAN_POINT('',(0.0192992894668224,0.001,-0.0373396945461065));
#12114=CARTESIAN_POINT('',(0.0197340002106241,0.001,-0.0373396945461065));
#12115=CARTESIAN_POINT('',(0.0197340002106241,0.001,-0.0373396945461065));
#12116=CARTESIAN_POINT('',(0.0197340002106241,0.001,-0.0373396945461065));
#12117=CARTESIAN_POINT('',(0.0197340002106241,0.001,-0.0373396945461065));
#12118=CARTESIAN_POINT('',(0.0197340002106241,0.,-0.0373396945461065));
#12119=CARTESIAN_POINT('',(0.0200017688056654,0.001,-0.0373396945461065));
#12120=CARTESIAN_POINT('',(0.0200017688056654,0.,-0.0373396945461065));
#12121=CARTESIAN_POINT('',(0.0201987385026351,0.001,-0.037278537521313));
#12122=CARTESIAN_POINT('',(0.0201987385026351,0.,-0.037278537521313));
#12123=CARTESIAN_POINT('',(0.0203249093015332,0.001,-0.0371562234717263));
#12124=CARTESIAN_POINT('',(0.0203249093015332,0.,-0.0371562234717263));
#12125=CARTESIAN_POINT('',(0.0197340002106241,0.001,-0.0373396945461065));
#12126=CARTESIAN_POINT('',(0.0201356531031861,0.001,-0.0373396945461065));
#12127=CARTESIAN_POINT('',(0.0203249093015332,0.001,-0.0371562234717263));
#12128=CARTESIAN_POINT('',(0.0203249093015332,0.001,-0.0371562234717263));
#12129=CARTESIAN_POINT('',(0.0203249093015332,0.001,-0.0371562234717263));
#12130=CARTESIAN_POINT('',(0.0203249093015332,0.001,-0.0371562234717263));
#12131=CARTESIAN_POINT('',(0.0203249093015332,0.,-0.0371562234717263));
#12132=CARTESIAN_POINT('',(0.0204510801004313,0.001,-0.0370339094221395));
#12133=CARTESIAN_POINT('',(0.0204510801004313,0.,-0.0370339094221395));
#12134=CARTESIAN_POINT('',(0.0205295924971255,0.001,-0.0368317055653902));
#12135=CARTESIAN_POINT('',(0.0205295924971255,0.,-0.0368317055653902));
#12136=CARTESIAN_POINT('',(0.0205604464916158,0.001,-0.0365496119014784));
#12137=CARTESIAN_POINT('',(0.0205604464916158,0.,-0.0365496119014784));
#12138=CARTESIAN_POINT('',(0.0203249093015332,0.001,-0.0371562234717263));
#12139=CARTESIAN_POINT('',(0.0205141654998803,0.001,-0.0369727523973461));
#12140=CARTESIAN_POINT('',(0.0205604464916158,0.001,-0.0365496119014784));
#12141=CARTESIAN_POINT('',(0.0205604464916158,0.001,-0.0365496119014784));
#12142=CARTESIAN_POINT('',(0.0205604464916158,0.001,-0.0365496119014784));
#12143=CARTESIAN_POINT('',(0.0213166448387233,0.001,-0.036585975537842));
#12144=CARTESIAN_POINT('',(0.0213166448387233,0.001,-0.036585975537842));
#12145=CARTESIAN_POINT('',(0.0220728431858307,0.001,-0.0366223391742056));
#12146=CARTESIAN_POINT('',(0.0220728431858307,0.001,-0.0366223391742056));
#12147=CARTESIAN_POINT('',(0.0220728431858307,0.001,-0.0366223391742056));
#12148=CARTESIAN_POINT('',(0.0220728431858307,0.,-0.0366223391742056));
#12149=CARTESIAN_POINT('',(0.0219802812023596,0.001,-0.0371655898629108));
#12150=CARTESIAN_POINT('',(0.0219802812023596,0.,-0.0371655898629108));
#12151=CARTESIAN_POINT('',(0.0217317963538748,0.001,-0.037577711075032));
#12152=CARTESIAN_POINT('',(0.0217317963538748,0.,-0.037577711075032));
#12153=CARTESIAN_POINT('',(0.0213273886403762,0.001,-0.0378587028105692));
#12154=CARTESIAN_POINT('',(0.0213273886403762,0.,-0.0378587028105692));
#12155=CARTESIAN_POINT('',(0.0220728431858307,0.001,-0.0366223391742056));
#12156=CARTESIAN_POINT('',(0.0219340002106241,0.001,-0.0374372152072634));
#12157=CARTESIAN_POINT('',(0.0213273886403762,0.001,-0.0378587028105692));
#12158=CARTESIAN_POINT('',(0.0213273886403762,0.001,-0.0378587028105692));
#12159=CARTESIAN_POINT('',(0.0213273886403762,0.001,-0.0378587028105692));
#12160=CARTESIAN_POINT('',(0.0213273886403762,0.001,-0.0378587028105692));
#12161=CARTESIAN_POINT('',(0.0213273886403762,0.,-0.0378587028105692));
#12162=CARTESIAN_POINT('',(0.0209229809268776,0.001,-0.0381396945461064));
#12163=CARTESIAN_POINT('',(0.0209229809268776,0.,-0.0381396945461064));
#12164=CARTESIAN_POINT('',(0.0203709148111751,0.001,-0.038280190413875));
#12165=CARTESIAN_POINT('',(0.0203709148111751,0.,-0.038280190413875));
#12166=CARTESIAN_POINT('',(0.0196711902932688,0.001,-0.038280190413875));
#12167=CARTESIAN_POINT('',(0.0196711902932688,0.,-0.038280190413875));
#12168=CARTESIAN_POINT('',(0.0213273886403762,0.001,-0.0378587028105692));
#12169=CARTESIAN_POINT('',(0.0207207770701283,0.001,-0.038280190413875));
#12170=CARTESIAN_POINT('',(0.0196711902932688,0.001,-0.038280190413875));
#12171=CARTESIAN_POINT('',(0.0196711902932688,0.001,-0.038280190413875));
#12172=CARTESIAN_POINT('',(0.0196711902932688,0.001,-0.038280190413875));
#12173=CARTESIAN_POINT('',(0.0196711902932688,0.001,-0.038280190413875));
#12174=CARTESIAN_POINT('',(0.0196711902932688,0.,-0.038280190413875));
#12175=CARTESIAN_POINT('',(0.0189659561334891,0.001,-0.038280190413875));
#12176=CARTESIAN_POINT('',(0.0189659561334891,0.,-0.038280190413875));
#12177=CARTESIAN_POINT('',(0.0184221544805965,0.001,-0.0381063612127731));
#12178=CARTESIAN_POINT('',(0.0184221544805965,0.,-0.0381063612127731));
#12179=CARTESIAN_POINT('',(0.018039785334591,0.001,-0.0377587028105692));
#12180=CARTESIAN_POINT('',(0.018039785334591,0.,-0.0377587028105692));
#12181=CARTESIAN_POINT('',(0.0196711902932688,0.001,-0.038280190413875));
#12182=CARTESIAN_POINT('',(0.0186133390535993,0.001,-0.038280190413875));
#12183=CARTESIAN_POINT('',(0.018039785334591,0.001,-0.0377587028105692));
#12184=CARTESIAN_POINT('',(0.018039785334591,0.001,-0.0377587028105692));
#12185=CARTESIAN_POINT('',(0.018039785334591,0.001,-0.0377587028105692));
#12186=CARTESIAN_POINT('',(0.018039785334591,0.001,-0.0377587028105692));
#12187=CARTESIAN_POINT('',(0.018039785334591,0.,-0.0377587028105692));
#12188=CARTESIAN_POINT('',(0.0176574161885855,0.001,-0.0374110444083654));
#12189=CARTESIAN_POINT('',(0.0176574161885855,0.,-0.0374110444083654));
#12190=CARTESIAN_POINT('',(0.0174662316155828,0.001,-0.0369165540502387));
#12191=CARTESIAN_POINT('',(0.0174662316155828,0.,-0.0369165540502387));
#12192=CARTESIAN_POINT('',(0.0174662316155828,0.001,-0.0362752317361891));
#12193=CARTESIAN_POINT('',(0.0174662316155828,0.,-0.0362752317361891));
#12194=CARTESIAN_POINT('',(0.018039785334591,0.001,-0.0377587028105692));
#12195=CARTESIAN_POINT('',(0.0174662316155828,0.001,-0.0372372152072634));
#12196=CARTESIAN_POINT('',(0.0174662316155828,0.001,-0.0362752317361891));
#12197=CARTESIAN_POINT('',(0.0174662316155828,0.001,-0.0362752317361891));
#12198=CARTESIAN_POINT('',(0.0174662316155828,0.001,-0.0362752317361891));
#12199=CARTESIAN_POINT('',(0.0174662316155828,0.001,-0.0352578763642882));
#12200=CARTESIAN_POINT('',(0.0174662316155828,0.001,-0.0352578763642882));
#12201=CARTESIAN_POINT('',(0.0174662316155828,0.001,-0.0342405209923874));
#12202=CARTESIAN_POINT('',(0.0174662316155828,0.001,-0.0342405209923874));
#12203=CARTESIAN_POINT('',(0.0174662316155828,0.001,-0.0342405209923874));
#12204=CARTESIAN_POINT('',(0.0174662316155828,0.,-0.0342405209923874));
#12205=CARTESIAN_POINT('',(0.0174662316155828,0.001,-0.0339275733339852));
#12206=CARTESIAN_POINT('',(0.0174662316155828,0.,-0.0339275733339852));
#12207=CARTESIAN_POINT('',(0.0174309699075938,0.001,-0.0337115953725527));
#12208=CARTESIAN_POINT('',(0.0174309699075938,0.,-0.0337115953725527));
#12209=CARTESIAN_POINT('',(0.0173604464916159,0.001,-0.0335925871080899));
#12210=CARTESIAN_POINT('',(0.0173604464916159,0.,-0.0335925871080899));
#12211=CARTESIAN_POINT('',(0.0174662316155828,0.001,-0.0342405209923874));
#12212=CARTESIAN_POINT('',(0.0174662316155828,0.001,-0.0337710995047841));
#12213=CARTESIAN_POINT('',(0.0173604464916159,0.001,-0.0335925871080899));
#12214=CARTESIAN_POINT('',(0.0173604464916159,0.001,-0.0335925871080899));
#12215=CARTESIAN_POINT('',(0.0173604464916159,0.001,-0.0335925871080899));
#12216=CARTESIAN_POINT('',(0.0173604464916159,0.001,-0.0335925871080899));
#12217=CARTESIAN_POINT('',(0.0173604464916159,0.,-0.0335925871080899));
#12218=CARTESIAN_POINT('',(0.0172899230756379,0.001,-0.0334735788436271));
#12219=CARTESIAN_POINT('',(0.0172899230756379,0.,-0.0334735788436271));
#12220=CARTESIAN_POINT('',(0.0171720167395497,0.001,-0.0334140747113957));
#12221=CARTESIAN_POINT('',(0.0171720167395497,0.,-0.0334140747113957));
#12222=CARTESIAN_POINT('',(0.0170067274833514,0.001,-0.0334140747113957));
#12223=CARTESIAN_POINT('',(0.0170067274833514,0.,-0.0334140747113957));
#12224=CARTESIAN_POINT('',(0.0173604464916159,0.001,-0.0335925871080899));
#12225=CARTESIAN_POINT('',(0.0172546613676489,0.001,-0.0334140747113957));
#12226=CARTESIAN_POINT('',(0.0170067274833514,0.001,-0.0334140747113957));
#12227=CARTESIAN_POINT('',(0.0170067274833514,0.001,-0.0334140747113957));
#12228=CARTESIAN_POINT('',(0.0170067274833514,0.001,-0.0334140747113957));
#12229=CARTESIAN_POINT('',(0.0170024312900685,0.001,-0.0350288920677348));
#12230=CARTESIAN_POINT('',(0.0170024312900685,0.001,-0.0350288920677348));
#12231=CARTESIAN_POINT('',(0.0166860663263266,0.001,-0.0334454237964444));
#12232=CARTESIAN_POINT('',(0.0166860663263266,0.001,-0.0334454237964444));
#12233=CARTESIAN_POINT('',(0.0166860663263266,0.001,-0.0330529176866023));
#12234=CARTESIAN_POINT('',(0.0166860663263266,0.001,-0.0330529176866023));
#12235=CARTESIAN_POINT('',(0.0166860663263266,0.001,-0.0326604334767641));
#12236=CARTESIAN_POINT('',(0.0166860663263266,0.00100000000339605,-0.0326604334767641));
#12237=CARTESIAN_POINT('',(0.0168062272658655,0.00100000000339605,-0.0326309298658107));
#12238=CARTESIAN_POINT('',(0.0168062272658655,0.001,-0.0326309298658107));
#12239=CARTESIAN_POINT('',(0.0169183072064047,0.001,-0.0326033694995701));
#12240=CARTESIAN_POINT('',(0.0169182977312852,0.001,-0.0326033309097428));
#12241=CARTESIAN_POINT('',(0.0174691777244037,0.001,-0.0348197001439104));
#12242=CARTESIAN_POINT('',(0.0174692727718995,0.001,-0.0348211190391479));
#12243=CARTESIAN_POINT('',(0.0171249069414517,0.000999999750000001,-0.0325619928513404));
#12244=CARTESIAN_POINT('',(0.0171249093015332,0.001,-0.0325620085956932));
#12245=CARTESIAN_POINT('',(0.0176841965668275,0.001,-0.0362930730300709));
#12246=CARTESIAN_POINT('',(0.0176841965668275,0.001,-0.0362930730300709));
#12247=CARTESIAN_POINT('',(0.0173447393099646,0.00099999975,-0.0325355039219964));
#12248=CARTESIAN_POINT('',(0.017344744012277,0.001,-0.0325355623147014));
#12249=CARTESIAN_POINT('',(0.0175960543914733,0.001,-0.0355312835313348));
#12250=CARTESIAN_POINT('',(0.0175960543914733,0.001,-0.0355312835313348));
#12251=CARTESIAN_POINT('',(0.0176149919461613,0.001,-0.0325248185130486));
#12252=CARTESIAN_POINT('',(0.0176149919461613,0.001,-0.0325248185130486));
#12253=CARTESIAN_POINT('',(0.0176149919461613,0.001,-0.0325248185130486));
#12254=CARTESIAN_POINT('',(0.0176149919461613,0.,-0.0325248185130486));
#12255=CARTESIAN_POINT('',(0.017980832166547,0.001,-0.0325248185130486));
#12256=CARTESIAN_POINT('',(0.017980832166547,0.,-0.0325248185130486));
#12257=CARTESIAN_POINT('',(0.0182505291362439,0.001,-0.032614625675583));
#12258=CARTESIAN_POINT('',(0.0182505291362439,0.,-0.032614625675583));
#12259=CARTESIAN_POINT('',(0.0184240828552522,0.001,-0.0327942400006519));
#12260=CARTESIAN_POINT('',(0.0184240828552522,0.,-0.0327942400006519));
#12261=CARTESIAN_POINT('',(0.0176149919461613,0.001,-0.0325248185130486));
#12262=CARTESIAN_POINT('',(0.0181637522767398,0.001,-0.0325248185130486));
#12263=CARTESIAN_POINT('',(0.0184240828552522,0.001,-0.0327942400006519));
#12264=CARTESIAN_POINT('',(0.0184240828552522,0.001,-0.0327942400006519));
#12265=CARTESIAN_POINT('',(0.0184240828552522,0.001,-0.0327942400006519));
#12266=CARTESIAN_POINT('',(0.0184240828552522,0.001,-0.0327942400006519));
#12267=CARTESIAN_POINT('',(0.0184240828552522,0.,-0.0327942400006519));
#12268=CARTESIAN_POINT('',(0.0185976365742605,0.001,-0.0329738543257208));
#12269=CARTESIAN_POINT('',(0.0185976365742605,0.,-0.0329738543257208));
#12270=CARTESIAN_POINT('',(0.0187020442877591,0.001,-0.0332372152072635));
#12271=CARTESIAN_POINT('',(0.0187020442877591,0.,-0.0332372152072635));
#12272=CARTESIAN_POINT('',(0.0187373059957481,0.001,-0.03358432264528));
#12273=CARTESIAN_POINT('',(0.0187373059957481,0.,-0.03358432264528));
#12274=CARTESIAN_POINT('',(0.0184240828552522,0.001,-0.0327942400006519));
#12275=CARTESIAN_POINT('',(0.0186844134337646,0.001,-0.0330636614882552));
#12276=CARTESIAN_POINT('',(0.0187373059957481,0.001,-0.03358432264528));
#12277=CARTESIAN_POINT('',(0.0187373059957481,0.001,-0.03358432264528));
#12278=CARTESIAN_POINT('',(0.0187373059957481,0.001,-0.03358432264528));
#12279=CARTESIAN_POINT('',(0.0189174712850043,0.001,-0.0350339094221395));
#12280=CARTESIAN_POINT('',(0.0189174712850043,0.,-0.0350339094221395));
#12281=CARTESIAN_POINT('',(0.0189175330518479,0.,-0.0348917604268614));
#12282=CARTESIAN_POINT('',(0.0189174712850043,0.,-0.03517605818247));
#12283=CARTESIAN_POINT('',(0.0189174712850043,0.001,-0.0348917606618089));
#12284=CARTESIAN_POINT('',(0.0189175330518479,0.001,-0.0348917604268614));
#12285=CARTESIAN_POINT('',(0.0189174712850043,0.001,-0.0350339094221395));
#12286=CARTESIAN_POINT('',(0.0189174712850043,0.001,-0.03517605818247));
#12287=CARTESIAN_POINT('',(0.0189174712850043,0.001,-0.03517605818247));
#12288=CARTESIAN_POINT('',(0.0192893721114506,0.001,-0.0351702730585031));
#12289=CARTESIAN_POINT('',(0.0192893721114506,0.,-0.0351702730585031));
#12290=CARTESIAN_POINT('',(0.0196612729378969,0.,-0.0351644879345362));
#12291=CARTESIAN_POINT('',(0.0192893721114506,0.001,-0.0351702730585031));
#12292=CARTESIAN_POINT('',(0.0196612729378969,0.001,-0.0351644879345362));
#12293=CARTESIAN_POINT('',(0.0196612729378969,0.001,-0.0351644879345362));
#12294=CARTESIAN_POINT('',(0.0196612729378969,0.001,-0.0351644879345362));
#12295=CARTESIAN_POINT('',(0.0196612729378969,0.,-0.0351644879345362));
#12296=CARTESIAN_POINT('',(0.0199984630205414,0.001,-0.0351512647940403));
#12297=CARTESIAN_POINT('',(0.0199984630205414,0.,-0.0351512647940403));
#12298=CARTESIAN_POINT('',(0.0202375814778417,0.001,-0.035114625675583));
#12299=CARTESIAN_POINT('',(0.0202375814778417,0.,-0.035114625675583));
#12300=CARTESIAN_POINT('',(0.0203786283097976,0.001,-0.0350545705791643));
#12301=CARTESIAN_POINT('',(0.0203786283097976,0.,-0.0350545705791643));
#12302=CARTESIAN_POINT('',(0.0196612729378969,0.,-0.0351644879345362));
#12303=CARTESIAN_POINT('',(0.0201670580618637,0.,-0.0351446532237924));
#12304=CARTESIAN_POINT('',(0.0203786283097976,0.,-0.0350545705791643));
#12305=CARTESIAN_POINT('',(0.0203786283097976,0.,-0.0350545705791643));
#12306=CARTESIAN_POINT('',(0.0196612729378969,0.001,-0.0351644879345362));
#12307=CARTESIAN_POINT('',(0.0201670580618637,0.001,-0.0351446532237924));
#12308=CARTESIAN_POINT('',(0.0203786283097976,0.001,-0.0350545705791643));
#12309=CARTESIAN_POINT('',(0.0203786283097976,0.001,-0.0350545705791643));
#12310=CARTESIAN_POINT('',(0.0203786283097976,0.001,-0.0350545705791643));
#12311=CARTESIAN_POINT('',(0.0201273411601789,0.001,-0.0344314414094197));
#12312=CARTESIAN_POINT('',(0.0201273411601789,0.,-0.0344314414094197));
#12313=CARTESIAN_POINT('',(0.0207017688056654,0.,-0.034778537521313));
#12314=CARTESIAN_POINT('',(0.0201273411601789,0.001,-0.0344314414094197));
#12315=CARTESIAN_POINT('',(0.0207017688056654,0.001,-0.034778537521313));
#12316=CARTESIAN_POINT('',(0.0207017688056654,0.001,-0.034778537521313));
#12317=CARTESIAN_POINT('',(0.0207017688056654,0.001,-0.034778537521313));
#12318=CARTESIAN_POINT('',(0.0207017688056654,0.,-0.034778537521313));
#12319=CARTESIAN_POINT('',(0.0207761489709547,0.001,-0.0346545705791643));
#12320=CARTESIAN_POINT('',(0.0207761489709547,0.,-0.0346545705791643));
#12321=CARTESIAN_POINT('',(0.0208133390535993,0.001,-0.0344890058408723));
#12322=CARTESIAN_POINT('',(0.0208133390535993,0.,-0.0344890058408723));
#12323=CARTESIAN_POINT('',(0.0208133390535993,0.001,-0.034281843306437));
#12324=CARTESIAN_POINT('',(0.0208133390535993,0.,-0.034281843306437));
#12325=CARTESIAN_POINT('',(0.0207017688056654,0.,-0.034778537521313));
#12326=CARTESIAN_POINT('',(0.0208133390535993,0.,-0.0345925871080899));
#12327=CARTESIAN_POINT('',(0.0208133390535993,0.,-0.034281843306437));
#12328=CARTESIAN_POINT('',(0.0208133390535993,0.,-0.034281843306437));
#12329=CARTESIAN_POINT('',(0.0207017688056654,0.001,-0.034778537521313));
#12330=CARTESIAN_POINT('',(0.0208133390535993,0.001,-0.0345925871080899));
#12331=CARTESIAN_POINT('',(0.0208133390535993,0.001,-0.034281843306437));
#12332=CARTESIAN_POINT('',(0.0208133390535993,0.001,-0.034281843306437));
#12333=CARTESIAN_POINT('',(0.0208133390535993,0.001,-0.034281843306437));
#12334=CARTESIAN_POINT('',(0.0208133390535993,0.001,-0.034281843306437));
#12335=CARTESIAN_POINT('',(0.0208133390535993,0.,-0.034281843306437));
#12336=CARTESIAN_POINT('',(0.0208133390535993,0.001,-0.034016278568145));
#12337=CARTESIAN_POINT('',(0.0208133390535993,0.,-0.034016278568145));
#12338=CARTESIAN_POINT('',(0.0207521820288059,0.001,-0.0338190333890817));
#12339=CARTESIAN_POINT('',(0.0207521820288059,0.,-0.0338190333890817));
#12340=CARTESIAN_POINT('',(0.0206298679792191,0.001,-0.0336901077692469));
#12341=CARTESIAN_POINT('',(0.0206298679792191,0.,-0.0336901077692469));
#12342=CARTESIAN_POINT('',(0.0208133390535993,0.,-0.034281843306437));
#12343=CARTESIAN_POINT('',(0.0208133390535993,0.,-0.033883496198999));
#12344=CARTESIAN_POINT('',(0.0206298679792191,0.,-0.0336901077692469));
#12345=CARTESIAN_POINT('',(0.0206298679792191,0.,-0.0336901077692469));
#12346=CARTESIAN_POINT('',(0.0208133390535993,0.001,-0.034281843306437));
#12347=CARTESIAN_POINT('',(0.0208133390535993,0.001,-0.033883496198999));
#12348=CARTESIAN_POINT('',(0.0206298679792191,0.001,-0.0336901077692469));
#12349=CARTESIAN_POINT('',(0.0206298679792191,0.001,-0.0336901077692469));
#12350=CARTESIAN_POINT('',(0.0206298679792191,0.001,-0.0336901077692469));
#12351=CARTESIAN_POINT('',(0.0206298679792191,0.001,-0.0336901077692469));
#12352=CARTESIAN_POINT('',(0.0206298679792191,0.,-0.0336901077692469));
#12353=CARTESIAN_POINT('',(0.0205075539296324,0.001,-0.0335611821494122));
#12354=CARTESIAN_POINT('',(0.0205075539296324,0.,-0.0335611821494122));
#12355=CARTESIAN_POINT('',(0.0203450194943707,0.001,-0.0334967193394949));
#12356=CARTESIAN_POINT('',(0.0203450194943707,0.,-0.0334967193394949));
#12357=CARTESIAN_POINT('',(0.020142264673434,0.001,-0.0334967193394949));
#12358=CARTESIAN_POINT('',(0.020142264673434,0.,-0.0334967193394949));
#12359=CARTESIAN_POINT('',(0.0206298679792191,0.,-0.0336901077692469));
#12360=CARTESIAN_POINT('',(0.020446396904839,0.,-0.0334967193394949));
#12361=CARTESIAN_POINT('',(0.020142264673434,0.,-0.0334967193394949));
#12362=CARTESIAN_POINT('',(0.020142264673434,0.,-0.0334967193394949));
#12363=CARTESIAN_POINT('',(0.0206298679792191,0.001,-0.0336901077692469));
#12364=CARTESIAN_POINT('',(0.020446396904839,0.001,-0.0334967193394949));
#12365=CARTESIAN_POINT('',(0.020142264673434,0.001,-0.0334967193394949));
#12366=CARTESIAN_POINT('',(0.020142264673434,0.001,-0.0334967193394949));
#12367=CARTESIAN_POINT('',(0.020142264673434,0.001,-0.0334967193394949));
#12368=CARTESIAN_POINT('',(0.0201318402603677,0.001,-0.0346004780246205));
#12369=CARTESIAN_POINT('',(0.0201318402603677,0.,-0.0346004780246205));
#12370=CARTESIAN_POINT('',(0.0195189848848765,0.,-0.0336824632492736));
#12371=CARTESIAN_POINT('',(0.0201318402603677,0.001,-0.0346004780246205));
#12372=CARTESIAN_POINT('',(0.0195189848496629,0.00099999975,-0.033682463273));
#12373=CARTESIAN_POINT('',(0.0195191241775662,0.001,-0.033682669752718));
#12374=CARTESIAN_POINT('',(0.0202275263157196,0.001,-0.0347340452732841));
#12375=CARTESIAN_POINT('',(0.0202275263157196,0.,-0.0347340452732841));
#12376=CARTESIAN_POINT('',(0.0190781598357783,0.,-0.0341968831484051));
#12377=CARTESIAN_POINT('',(0.0202275263157196,0.001,-0.0347340452732841));
#12378=CARTESIAN_POINT('',(0.0190781589916157,0.001,-0.0341968847538026));
#12379=CARTESIAN_POINT('',(0.0190778018635166,0.001,-0.0341967193394948));
#12380=CARTESIAN_POINT('',(0.0204790890180733,0.001,-0.0348858206111459));
#12381=CARTESIAN_POINT('',(0.0204790890180733,0.,-0.0348858206111459));
#12382=CARTESIAN_POINT('',(0.0204790890180733,0.001,-0.0348858206111459));
#12383=CARTESIAN_POINT('',(0.0187521820288059,0.001,-0.03358432264528));
#12384=CARTESIAN_POINT('',(0.0187521820288059,0.001,-0.03358432264528));
#12385=CARTESIAN_POINT('',(0.000225735747814176,0.001,-0.0121241573560238));
#12386=CARTESIAN_POINT('',(0.000225735747814176,0.,-0.0121241573560238));
#12387=CARTESIAN_POINT('',(-0.00298170226871474,0.001,-0.03358432264528));
#12388=CARTESIAN_POINT('',(-0.00298170226871474,0.,-0.03358432264528));
#12389=CARTESIAN_POINT('',(-0.00257509069846681,0.001,-0.0328504383477593));
#12390=CARTESIAN_POINT('',(-0.00257509069846681,0.,-0.0328504383477593));
#12391=CARTESIAN_POINT('',(-0.00196186755797094,0.001,-0.032483496198999));
#12392=CARTESIAN_POINT('',(-0.00196186755797094,0.,-0.032483496198999));
#12393=CARTESIAN_POINT('',(-0.00114203284722714,0.001,-0.032483496198999));
#12394=CARTESIAN_POINT('',(-0.00114203284722714,0.,-0.032483496198999));
#12395=CARTESIAN_POINT('',(-0.00298170226871474,0.001,-0.03358432264528));
#12396=CARTESIAN_POINT('',(-0.00298170226871474,0.001,-0.03358432264528));
#12397=CARTESIAN_POINT('',(-0.00298170226871474,0.001,-0.03358432264528));
#12398=CARTESIAN_POINT('',(-0.00237178491334284,0.001,-0.032483496198999));
#12399=CARTESIAN_POINT('',(-0.00114203284722714,0.001,-0.032483496198999));
#12400=CARTESIAN_POINT('',(-0.00114203284722714,0.001,-0.032483496198999));
#12401=CARTESIAN_POINT('',(-0.00114203284722714,0.001,-0.032483496198999));
#12402=CARTESIAN_POINT('',(-0.00114203284722714,0.001,-0.032483496198999));
#12403=CARTESIAN_POINT('',(-0.00114203284722714,0.,-0.032483496198999));
#12404=CARTESIAN_POINT('',(-0.000602087943645871,0.001,-0.032483496198999));
#12405=CARTESIAN_POINT('',(-0.000602087943645871,0.,-0.032483496198999));
#12406=CARTESIAN_POINT('',(-0.000180600340340086,0.001,-0.0326308791191092));
#12407=CARTESIAN_POINT('',(-0.000180600340340086,0.,-0.0326308791191092));
#12408=CARTESIAN_POINT('',(0.000122429962690219,0.001,-0.0329256449593296));
#12409=CARTESIAN_POINT('',(0.000122429962690219,0.,-0.0329256449593296));
#12410=CARTESIAN_POINT('',(-0.00114203284722714,0.001,-0.032483496198999));
#12411=CARTESIAN_POINT('',(-0.000332115491855238,0.001,-0.032483496198999));
#12412=CARTESIAN_POINT('',(0.000122429962690219,0.001,-0.0329256449593296));
#12413=CARTESIAN_POINT('',(0.000122429962690219,0.001,-0.0329256449593296));
#12414=CARTESIAN_POINT('',(0.000122429962690219,0.001,-0.0329256449593296));
#12415=CARTESIAN_POINT('',(0.000122429962690219,0.001,-0.0329256449593296));
#12416=CARTESIAN_POINT('',(0.000122429962690219,0.,-0.0329256449593296));
#12417=CARTESIAN_POINT('',(0.000425460265720524,0.001,-0.03322041079955));
#12418=CARTESIAN_POINT('',(0.000425460265720524,0.,-0.03322041079955));
#12419=CARTESIAN_POINT('',(0.000576975417235677,0.001,-0.0336344603863268));
#12420=CARTESIAN_POINT('',(0.000576975417235677,0.,-0.0336344603863268));
#12421=CARTESIAN_POINT('',(0.000576975417235677,0.001,-0.0341677937196601));
#12422=CARTESIAN_POINT('',(0.000576975417235677,0.,-0.0341677937196601));
#12423=CARTESIAN_POINT('',(0.000122429962690219,0.001,-0.0329256449593296));
#12424=CARTESIAN_POINT('',(0.000576975417235677,0.001,-0.0333677937196602));
#12425=CARTESIAN_POINT('',(0.000576975417235677,0.001,-0.0341677937196601));
#12426=CARTESIAN_POINT('',(0.000576975417235677,0.001,-0.0341677937196601));
#12427=CARTESIAN_POINT('',(0.000576975417235677,0.001,-0.0341677937196601));
#12428=CARTESIAN_POINT('',(0.000576975417235677,0.001,-0.0341677937196601));
#12429=CARTESIAN_POINT('',(0.000576975417235677,0.,-0.0341677937196601));
#12430=CARTESIAN_POINT('',(0.000576975417235677,0.001,-0.0347463061163544));
#12431=CARTESIAN_POINT('',(0.000576975417235677,0.,-0.0347463061163544));
#12432=CARTESIAN_POINT('',(0.00038854566516956,0.001,-0.0351870774662166));
#12433=CARTESIAN_POINT('',(0.00038854566516956,0.,-0.0351870774662166));
#12434=CARTESIAN_POINT('',(1.16861610373262E-5,0.001,-0.035490107769247));
#12435=CARTESIAN_POINT('',(1.16861610373262E-5,0.,-0.035490107769247));
#12436=CARTESIAN_POINT('',(0.000576975417235677,0.001,-0.0341677937196601));
#12437=CARTESIAN_POINT('',(0.000576975417235677,0.001,-0.0350355623147015));
#12438=CARTESIAN_POINT('',(1.16861610373262E-5,0.001,-0.035490107769247));
#12439=CARTESIAN_POINT('',(1.16861610373262E-5,0.001,-0.035490107769247));
#12440=CARTESIAN_POINT('',(1.16861610373262E-5,0.001,-0.035490107769247));
#12441=CARTESIAN_POINT('',(1.16861610373262E-5,0.001,-0.035490107769247));
#12442=CARTESIAN_POINT('',(1.16861610373262E-5,0.,-0.035490107769247));
#12443=CARTESIAN_POINT('',(-0.000365173343094903,0.001,-0.0357931380722772));
#12444=CARTESIAN_POINT('',(-0.000365173343094903,0.,-0.0357931380722772));
#12445=CARTESIAN_POINT('',(-0.000911729816924105,0.001,-0.0359485099731037));
#12446=CARTESIAN_POINT('',(-0.000911729816924105,0.,-0.0359485099731037));
#12447=CARTESIAN_POINT('',(-0.00162798326045028,0.001,-0.0359562234717263));
#12448=CARTESIAN_POINT('',(-0.00162798326045028,0.,-0.0359562234717263));
#12449=CARTESIAN_POINT('',(1.16861610373262E-5,0.001,-0.035490107769247));
#12450=CARTESIAN_POINT('',(-0.000553603095161018,0.001,-0.0359446532237924));
#12451=CARTESIAN_POINT('',(-0.00162798326045028,0.001,-0.0359562234717263));
#12452=CARTESIAN_POINT('',(-0.00162798326045028,0.001,-0.0359562234717263));
#12453=CARTESIAN_POINT('',(-0.00162798326045028,0.001,-0.0359562234717263));
#12454=CARTESIAN_POINT('',(-0.00222963615301226,0.001,-0.0359661408270981));
#12455=CARTESIAN_POINT('',(-0.00222963615301226,0.001,-0.0359661408270981));
#12456=CARTESIAN_POINT('',(-0.00283128904557425,0.001,-0.0359760581824701));
#12457=CARTESIAN_POINT('',(-0.00283128904557425,0.001,-0.0359760581824701));
#12458=CARTESIAN_POINT('',(-0.00283128904557425,0.001,-0.0361182069428006));
#12459=CARTESIAN_POINT('',(-0.00283128904557425,0.001,-0.0361182069428006));
#12460=CARTESIAN_POINT('',(-0.00283128904557425,0.001,-0.0362603557031312));
#12461=CARTESIAN_POINT('',(-0.00283128904557425,0.001,-0.0362603557031312));
#12462=CARTESIAN_POINT('',(-0.00283128904557425,0.001,-0.0362603557031312));
#12463=CARTESIAN_POINT('',(-0.00283128904557425,0.,-0.0362603557031312));
#12464=CARTESIAN_POINT('',(-0.00283128904557425,0.001,-0.0366250939951422));
#12465=CARTESIAN_POINT('',(-0.00283128904557425,0.,-0.0366250939951422));
#12466=CARTESIAN_POINT('',(-0.00276765268193788,0.001,-0.0368961683753075));
#12467=CARTESIAN_POINT('',(-0.00276765268193788,0.,-0.0368961683753075));
#12468=CARTESIAN_POINT('',(-0.00264037995466515,0.001,-0.0370735788436271));
#12469=CARTESIAN_POINT('',(-0.00264037995466515,0.,-0.0370735788436271));
#12470=CARTESIAN_POINT('',(-0.00283128904557425,0.001,-0.0362603557031312));
#12471=CARTESIAN_POINT('',(-0.00283128904557425,0.001,-0.0368074631411478));
#12472=CARTESIAN_POINT('',(-0.00264037995466515,0.001,-0.0370735788436271));
#12473=CARTESIAN_POINT('',(-0.00264037995466515,0.001,-0.0370735788436271));
#12474=CARTESIAN_POINT('',(-0.00264037995466515,0.001,-0.0370735788436271));
#12475=CARTESIAN_POINT('',(-0.00264037995466515,0.001,-0.0370735788436271));
#12476=CARTESIAN_POINT('',(-0.00264037995466515,0.,-0.0370735788436271));
#12477=CARTESIAN_POINT('',(-0.00251310722739242,0.001,-0.0372509893119467));
#12478=CARTESIAN_POINT('',(-0.00251310722739242,0.,-0.0372509893119467));
#12479=CARTESIAN_POINT('',(-0.00230456728248884,0.001,-0.0373396945461065));
#12480=CARTESIAN_POINT('',(-0.00230456728248884,0.,-0.0373396945461065));
#12481=CARTESIAN_POINT('',(-0.00201476011995441,0.001,-0.0373396945461065));
#12482=CARTESIAN_POINT('',(-0.00201476011995441,0.,-0.0373396945461065));
#12483=CARTESIAN_POINT('',(-0.00264037995466515,0.001,-0.0370735788436271));
#12484=CARTESIAN_POINT('',(-0.00244947086375606,0.001,-0.0373396945461065));
#12485=CARTESIAN_POINT('',(-0.00201476011995441,0.001,-0.0373396945461065));
#12486=CARTESIAN_POINT('',(-0.00201476011995441,0.001,-0.0373396945461065));
#12487=CARTESIAN_POINT('',(-0.00201476011995441,0.001,-0.0373396945461065));
#12488=CARTESIAN_POINT('',(-0.00201476011995441,0.001,-0.0373396945461065));
#12489=CARTESIAN_POINT('',(-0.00201476011995441,0.,-0.0373396945461065));
#12490=CARTESIAN_POINT('',(-0.00174699152491309,0.001,-0.0373396945461065));
#12491=CARTESIAN_POINT('',(-0.00174699152491309,0.,-0.0373396945461065));
#12492=CARTESIAN_POINT('',(-0.00155002182794339,0.001,-0.037278537521313));
#12493=CARTESIAN_POINT('',(-0.00155002182794339,0.,-0.037278537521313));
#12494=CARTESIAN_POINT('',(-0.00142385102904532,0.001,-0.0371562234717263));
#12495=CARTESIAN_POINT('',(-0.00142385102904532,0.,-0.0371562234717263));
#12496=CARTESIAN_POINT('',(-0.00201476011995441,0.001,-0.0373396945461065));
#12497=CARTESIAN_POINT('',(-0.00161310722739243,0.001,-0.0373396945461065));
#12498=CARTESIAN_POINT('',(-0.00142385102904532,0.001,-0.0371562234717263));
#12499=CARTESIAN_POINT('',(-0.00142385102904532,0.001,-0.0371562234717263));
#12500=CARTESIAN_POINT('',(-0.00142385102904532,0.001,-0.0371562234717263));
#12501=CARTESIAN_POINT('',(-0.00142385102904532,0.001,-0.0371562234717263));
#12502=CARTESIAN_POINT('',(-0.00142385102904532,0.,-0.0371562234717263));
#12503=CARTESIAN_POINT('',(-0.00129768023014725,0.001,-0.0370339094221395));
#12504=CARTESIAN_POINT('',(-0.00129768023014725,0.,-0.0370339094221395));
#12505=CARTESIAN_POINT('',(-0.00121916783345303,0.001,-0.0368317055653902));
#12506=CARTESIAN_POINT('',(-0.00121916783345303,0.,-0.0368317055653902));
#12507=CARTESIAN_POINT('',(-0.00118831383896267,0.001,-0.0365496119014784));
#12508=CARTESIAN_POINT('',(-0.00118831383896267,0.,-0.0365496119014784));
#12509=CARTESIAN_POINT('',(-0.00142385102904532,0.001,-0.0371562234717263));
#12510=CARTESIAN_POINT('',(-0.00123459483069821,0.001,-0.0369727523973461));
#12511=CARTESIAN_POINT('',(-0.00118831383896267,0.001,-0.0365496119014784));
#12512=CARTESIAN_POINT('',(-0.00118831383896267,0.001,-0.0365496119014784));
#12513=CARTESIAN_POINT('',(-0.00118831383896267,0.001,-0.0365496119014784));
#12514=CARTESIAN_POINT('',(-0.000432115491855234,0.001,-0.036585975537842));
#12515=CARTESIAN_POINT('',(-0.000432115491855234,0.001,-0.036585975537842));
#12516=CARTESIAN_POINT('',(0.000324082855252205,0.001,-0.0366223391742056));
#12517=CARTESIAN_POINT('',(0.000324082855252205,0.001,-0.0366223391742056));
#12518=CARTESIAN_POINT('',(0.000324082855252205,0.001,-0.0366223391742056));
#12519=CARTESIAN_POINT('',(0.000324082855252205,0.,-0.0366223391742056));
#12520=CARTESIAN_POINT('',(0.000231520871781127,0.001,-0.0371655898629108));
#12521=CARTESIAN_POINT('',(0.000231520871781127,0.,-0.0371655898629108));
#12522=CARTESIAN_POINT('',(-1.69639767037222E-5,0.001,-0.037577711075032));
#12523=CARTESIAN_POINT('',(-1.69639767037222E-5,0.,-0.037577711075032));
#12524=CARTESIAN_POINT('',(-0.000421371690202343,0.001,-0.0378587028105692));
#12525=CARTESIAN_POINT('',(-0.000421371690202343,0.,-0.0378587028105692));
#12526=CARTESIAN_POINT('',(0.000324082855252205,0.001,-0.0366223391742056));
#12527=CARTESIAN_POINT('',(0.000185239880045589,0.001,-0.0374372152072634));
#12528=CARTESIAN_POINT('',(-0.000421371690202343,0.001,-0.0378587028105692));
#12529=CARTESIAN_POINT('',(-0.000421371690202343,0.001,-0.0378587028105692));
#12530=CARTESIAN_POINT('',(-0.000421371690202343,0.001,-0.0378587028105692));
#12531=CARTESIAN_POINT('',(-0.000421371690202343,0.001,-0.0378587028105692));
#12532=CARTESIAN_POINT('',(-0.000421371690202343,0.,-0.0378587028105692));
#12533=CARTESIAN_POINT('',(-0.000825779403700965,0.001,-0.0381396945461064));
#12534=CARTESIAN_POINT('',(-0.000825779403700965,0.,-0.0381396945461064));
#12535=CARTESIAN_POINT('',(-0.00137784551940344,0.001,-0.038280190413875));
#12536=CARTESIAN_POINT('',(-0.00137784551940344,0.,-0.038280190413875));
#12537=CARTESIAN_POINT('',(-0.00207757003730978,0.001,-0.038280190413875));
#12538=CARTESIAN_POINT('',(-0.00207757003730978,0.,-0.038280190413875));
#12539=CARTESIAN_POINT('',(-0.000421371690202343,0.001,-0.0378587028105692));
#12540=CARTESIAN_POINT('',(-0.00102798326045028,0.001,-0.038280190413875));
#12541=CARTESIAN_POINT('',(-0.00207757003730978,0.001,-0.038280190413875));
#12542=CARTESIAN_POINT('',(-0.00207757003730978,0.001,-0.038280190413875));
#12543=CARTESIAN_POINT('',(-0.00207757003730978,0.001,-0.038280190413875));
#12544=CARTESIAN_POINT('',(-0.00207757003730978,0.001,-0.038280190413875));
#12545=CARTESIAN_POINT('',(-0.00207757003730978,0.,-0.038280190413875));
#12546=CARTESIAN_POINT('',(-0.0027828041970894,0.001,-0.038280190413875));
#12547=CARTESIAN_POINT('',(-0.0027828041970894,0.,-0.038280190413875));
#12548=CARTESIAN_POINT('',(-0.00332660584998196,0.001,-0.0381063612127731));
#12549=CARTESIAN_POINT('',(-0.00332660584998196,0.,-0.0381063612127731));
#12550=CARTESIAN_POINT('',(-0.00370897499598747,0.001,-0.0377587028105692));
#12551=CARTESIAN_POINT('',(-0.00370897499598747,0.,-0.0377587028105692));
#12552=CARTESIAN_POINT('',(-0.00207757003730978,0.001,-0.038280190413875));
#12553=CARTESIAN_POINT('',(-0.0031354212769792,0.001,-0.038280190413875));
#12554=CARTESIAN_POINT('',(-0.00370897499598747,0.001,-0.0377587028105692));
#12555=CARTESIAN_POINT('',(-0.00370897499598747,0.001,-0.0377587028105692));
#12556=CARTESIAN_POINT('',(-0.00370897499598747,0.001,-0.0377587028105692));
#12557=CARTESIAN_POINT('',(-0.00370897499598747,0.001,-0.0377587028105692));
#12558=CARTESIAN_POINT('',(-0.00370897499598747,0.,-0.0377587028105692));
#12559=CARTESIAN_POINT('',(-0.00409134414199298,0.001,-0.0374110444083654));
#12560=CARTESIAN_POINT('',(-0.00409134414199298,0.,-0.0374110444083654));
#12561=CARTESIAN_POINT('',(-0.00428252871499573,0.001,-0.0369165540502387));
#12562=CARTESIAN_POINT('',(-0.00428252871499573,0.,-0.0369165540502387));
#12563=CARTESIAN_POINT('',(-0.00428252871499573,0.001,-0.0362752317361891));
#12564=CARTESIAN_POINT('',(-0.00428252871499573,0.,-0.0362752317361891));
#12565=CARTESIAN_POINT('',(-0.00370897499598747,0.001,-0.0377587028105692));
#12566=CARTESIAN_POINT('',(-0.00428252871499573,0.001,-0.0372372152072634));
#12567=CARTESIAN_POINT('',(-0.00428252871499573,0.001,-0.0362752317361891));
#12568=CARTESIAN_POINT('',(-0.00428252871499573,0.001,-0.0362752317361891));
#12569=CARTESIAN_POINT('',(-0.00428252871499573,0.001,-0.0362752317361891));
#12570=CARTESIAN_POINT('',(-0.00428252871499573,0.001,-0.0352578763642882));
#12571=CARTESIAN_POINT('',(-0.00428252871499573,0.001,-0.0352578763642882));
#12572=CARTESIAN_POINT('',(-0.00428252871499573,0.001,-0.0342405209923874));
#12573=CARTESIAN_POINT('',(-0.00428252871499573,0.001,-0.0342405209923874));
#12574=CARTESIAN_POINT('',(-0.00428252871499573,0.001,-0.0342405209923874));
#12575=CARTESIAN_POINT('',(-0.00428252871499573,0.,-0.0342405209923874));
#12576=CARTESIAN_POINT('',(-0.00428252871499573,0.001,-0.0339275733339852));
#12577=CARTESIAN_POINT('',(-0.00428252871499573,0.,-0.0339275733339852));
#12578=CARTESIAN_POINT('',(-0.00431779042298471,0.001,-0.0337115953725527));
#12579=CARTESIAN_POINT('',(-0.00431779042298471,0.,-0.0337115953725527));
#12580=CARTESIAN_POINT('',(-0.00438831383896267,0.001,-0.0335925871080899));
#12581=CARTESIAN_POINT('',(-0.00438831383896267,0.,-0.0335925871080899));
#12582=CARTESIAN_POINT('',(-0.00428252871499573,0.001,-0.0342405209923874));
#12583=CARTESIAN_POINT('',(-0.00428252871499573,0.001,-0.0337710995047841));
#12584=CARTESIAN_POINT('',(-0.00438831383896267,0.001,-0.0335925871080899));
#12585=CARTESIAN_POINT('',(-0.00438831383896267,0.001,-0.0335925871080899));
#12586=CARTESIAN_POINT('',(-0.00438831383896267,0.001,-0.0335925871080899));
#12587=CARTESIAN_POINT('',(-0.00438831383896267,0.001,-0.0335925871080899));
#12588=CARTESIAN_POINT('',(-0.00438831383896267,0.,-0.0335925871080899));
#12589=CARTESIAN_POINT('',(-0.00445883725494063,0.001,-0.0334735788436271));
#12590=CARTESIAN_POINT('',(-0.00445883725494063,0.,-0.0334735788436271));
#12591=CARTESIAN_POINT('',(-0.00457674359102879,0.001,-0.0334140747113957));
#12592=CARTESIAN_POINT('',(-0.00457674359102879,0.,-0.0334140747113957));
#12593=CARTESIAN_POINT('',(-0.00474203284722714,0.001,-0.0334140747113957));
#12594=CARTESIAN_POINT('',(-0.00474203284722714,0.,-0.0334140747113957));
#12595=CARTESIAN_POINT('',(-0.00438831383896267,0.001,-0.0335925871080899));
#12596=CARTESIAN_POINT('',(-0.00449409896292961,0.001,-0.0334140747113957));
#12597=CARTESIAN_POINT('',(-0.00474203284722714,0.001,-0.0334140747113957));
#12598=CARTESIAN_POINT('',(-0.00474203284722714,0.001,-0.0334140747113957));
#12599=CARTESIAN_POINT('',(-0.00474203284722714,0.001,-0.0334140747113957));
#12600=CARTESIAN_POINT('',(-0.00474632904081036,0.001,-0.0350288920646635));
#12601=CARTESIAN_POINT('',(-0.00474632904081036,0.001,-0.0350288920646635));
#12602=CARTESIAN_POINT('',(-0.00506269400425193,0.001,-0.0334454237964542));
#12603=CARTESIAN_POINT('',(-0.00506269400425193,0.001,-0.0334454237964542));
#12604=CARTESIAN_POINT('',(-0.00506269400425193,0.001,-0.0330529176866023));
#12605=CARTESIAN_POINT('',(-0.00506269400425193,0.001,-0.0330529176866023));
#12606=CARTESIAN_POINT('',(-0.00506269400425193,0.001,-0.0326604334767641));
#12607=CARTESIAN_POINT('',(-0.00506269400425193,0.00100000000339605,-0.0326604334767641));
#12608=CARTESIAN_POINT('',(-0.00494253306471301,0.00100000000339605,-0.0326309298658107));
#12609=CARTESIAN_POINT('',(-0.00494253306471301,0.001,-0.0326309298658107));
#12610=CARTESIAN_POINT('',(-0.00483045312417383,0.001,-0.0326033694995701));
#12611=CARTESIAN_POINT('',(-0.00483046259929326,0.001,-0.0326033309097428));
#12612=CARTESIAN_POINT('',(-0.0042795826062072,0.001,-0.0348197001437332));
#12613=CARTESIAN_POINT('',(-0.00427948755867921,0.001,-0.0348211190391466));
#12614=CARTESIAN_POINT('',(-0.00462385338912678,0.000999999750000001,-0.0325619928513404));
#12615=CARTESIAN_POINT('',(-0.00462385102904532,0.001,-0.0325620085956932));
#12616=CARTESIAN_POINT('',(-0.00406456376375069,0.001,-0.0362930730300735));
#12617=CARTESIAN_POINT('',(-0.00406456376375069,0.001,-0.0362930730300735));
#12618=CARTESIAN_POINT('',(-0.00440402102061393,0.00099999975,-0.0325355039219964));
#12619=CARTESIAN_POINT('',(-0.00440401631830151,0.001,-0.0325355623147014));
#12620=CARTESIAN_POINT('',(-0.00415270593910528,0.001,-0.0355312835313345));
#12621=CARTESIAN_POINT('',(-0.00415270593910528,0.001,-0.0355312835313345));
#12622=CARTESIAN_POINT('',(-0.00413376838441721,0.001,-0.0325248185130486));
#12623=CARTESIAN_POINT('',(-0.00413376838441721,0.001,-0.0325248185130486));
#12624=CARTESIAN_POINT('',(-0.00413376838441721,0.001,-0.0325248185130486));
#12625=CARTESIAN_POINT('',(-0.00413376838441721,0.,-0.0325248185130486));
#12626=CARTESIAN_POINT('',(-0.00376792816403154,0.001,-0.0325248185130486));
#12627=CARTESIAN_POINT('',(-0.00376792816403154,0.,-0.0325248185130486));
#12628=CARTESIAN_POINT('',(-0.00349823119433457,0.001,-0.032614625675583));
#12629=CARTESIAN_POINT('',(-0.00349823119433457,0.,-0.032614625675583));
#12630=CARTESIAN_POINT('',(-0.00332467747532631,0.001,-0.0327942400006519));
#12631=CARTESIAN_POINT('',(-0.00332467747532631,0.,-0.0327942400006519));
#12632=CARTESIAN_POINT('',(-0.00413376838441721,0.001,-0.0325248185130486));
#12633=CARTESIAN_POINT('',(-0.0035850080538387,0.001,-0.0325248185130486));
#12634=CARTESIAN_POINT('',(-0.00332467747532631,0.001,-0.0327942400006519));
#12635=CARTESIAN_POINT('',(-0.00332467747532631,0.001,-0.0327942400006519));
#12636=CARTESIAN_POINT('',(-0.00332467747532631,0.001,-0.0327942400006519));
#12637=CARTESIAN_POINT('',(-0.00332467747532631,0.001,-0.0327942400006519));
#12638=CARTESIAN_POINT('',(-0.00332467747532631,0.,-0.0327942400006519));
#12639=CARTESIAN_POINT('',(-0.00315112375631804,0.001,-0.0329738543257208));
#12640=CARTESIAN_POINT('',(-0.00315112375631804,0.,-0.0329738543257208));
#12641=CARTESIAN_POINT('',(-0.00304671604281942,0.001,-0.0332372152072635));
#12642=CARTESIAN_POINT('',(-0.00304671604281942,0.,-0.0332372152072635));
#12643=CARTESIAN_POINT('',(-0.00301145433483045,0.001,-0.03358432264528));
#12644=CARTESIAN_POINT('',(-0.00301145433483045,0.,-0.03358432264528));
#12645=CARTESIAN_POINT('',(-0.00332467747532631,0.001,-0.0327942400006519));
#12646=CARTESIAN_POINT('',(-0.00306434689681391,0.001,-0.0330636614882552));
#12647=CARTESIAN_POINT('',(-0.00301145433483045,0.001,-0.03358432264528));
#12648=CARTESIAN_POINT('',(-0.00301145433483045,0.001,-0.03358432264528));
#12649=CARTESIAN_POINT('',(-0.00301145433483045,0.001,-0.03358432264528));
#12650=CARTESIAN_POINT('',(-0.00283128904557425,0.001,-0.0350339094221395));
#12651=CARTESIAN_POINT('',(-0.00283128904557425,0.,-0.0350339094221395));
#12652=CARTESIAN_POINT('',(-0.00283122727873062,0.,-0.0348917604268614));
#12653=CARTESIAN_POINT('',(-0.00283128904557425,0.,-0.03517605818247));
#12654=CARTESIAN_POINT('',(-0.00283128904557425,0.001,-0.0348917606618089));
#12655=CARTESIAN_POINT('',(-0.00283122727873062,0.001,-0.0348917604268614));
#12656=CARTESIAN_POINT('',(-0.00283128904557425,0.001,-0.0350339094221395));
#12657=CARTESIAN_POINT('',(-0.00283128904557425,0.001,-0.03517605818247));
#12658=CARTESIAN_POINT('',(-0.00283128904557425,0.001,-0.03517605818247));
#12659=CARTESIAN_POINT('',(-0.00245938821912796,0.001,-0.0351702730585031));
#12660=CARTESIAN_POINT('',(-0.00245938821912796,0.,-0.0351702730585031));
#12661=CARTESIAN_POINT('',(-0.00208748739268169,0.,-0.0351644879345362));
#12662=CARTESIAN_POINT('',(-0.00245938821912796,0.001,-0.0351702730585031));
#12663=CARTESIAN_POINT('',(-0.00208748739268169,0.001,-0.0351644879345362));
#12664=CARTESIAN_POINT('',(-0.00208748739268169,0.001,-0.0351644879345362));
#12665=CARTESIAN_POINT('',(-0.00208748739268169,0.001,-0.0351644879345362));
#12666=CARTESIAN_POINT('',(-0.00208748739268169,0.,-0.0351644879345362));
#12667=CARTESIAN_POINT('',(-0.00175029731003706,0.001,-0.0351512647940403));
#12668=CARTESIAN_POINT('',(-0.00175029731003706,0.,-0.0351512647940403));
#12669=CARTESIAN_POINT('',(-0.00151117885273678,0.001,-0.035114625675583));
#12670=CARTESIAN_POINT('',(-0.00151117885273678,0.,-0.035114625675583));
#12671=CARTESIAN_POINT('',(-0.00137013202078085,0.001,-0.0350545705791643));
#12672=CARTESIAN_POINT('',(-0.00137013202078085,0.,-0.0350545705791643));
#12673=CARTESIAN_POINT('',(-0.00208748739268169,0.,-0.0351644879345362));
#12674=CARTESIAN_POINT('',(-0.00158170226871474,0.,-0.0351446532237924));
#12675=CARTESIAN_POINT('',(-0.00137013202078085,0.,-0.0350545705791643));
#12676=CARTESIAN_POINT('',(-0.00137013202078085,0.,-0.0350545705791643));
#12677=CARTESIAN_POINT('',(-0.00208748739268169,0.001,-0.0351644879345362));
#12678=CARTESIAN_POINT('',(-0.00158170226871474,0.001,-0.0351446532237924));
#12679=CARTESIAN_POINT('',(-0.00137013202078085,0.001,-0.0350545705791643));
#12680=CARTESIAN_POINT('',(-0.00137013202078085,0.001,-0.0350545705791643));
#12681=CARTESIAN_POINT('',(-0.00137013202078085,0.001,-0.0350545705791643));
#12682=CARTESIAN_POINT('',(-0.00162141917040478,0.001,-0.0344314414094137));
#12683=CARTESIAN_POINT('',(-0.00162141917040478,0.,-0.0344314414094137));
#12684=CARTESIAN_POINT('',(-0.00104699152491309,0.,-0.034778537521313));
#12685=CARTESIAN_POINT('',(-0.00162141917040478,0.001,-0.0344314414094137));
#12686=CARTESIAN_POINT('',(-0.00104699152491309,0.001,-0.034778537521313));
#12687=CARTESIAN_POINT('',(-0.00104699152491309,0.001,-0.034778537521313));
#12688=CARTESIAN_POINT('',(-0.00104699152491309,0.001,-0.034778537521313));
#12689=CARTESIAN_POINT('',(-0.00104699152491309,0.,-0.034778537521313));
#12690=CARTESIAN_POINT('',(-0.000972611359623831,0.001,-0.0346545705791643));
#12691=CARTESIAN_POINT('',(-0.000972611359623831,0.,-0.0346545705791643));
#12692=CARTESIAN_POINT('',(-0.000935421276979202,0.001,-0.0344890058408723));
#12693=CARTESIAN_POINT('',(-0.000935421276979202,0.,-0.0344890058408723));
#12694=CARTESIAN_POINT('',(-0.000935421276979202,0.001,-0.034281843306437));
#12695=CARTESIAN_POINT('',(-0.000935421276979202,0.,-0.034281843306437));
#12696=CARTESIAN_POINT('',(-0.00104699152491309,0.,-0.034778537521313));
#12697=CARTESIAN_POINT('',(-0.000935421276979202,0.,-0.0345925871080899));
#12698=CARTESIAN_POINT('',(-0.000935421276979202,0.,-0.034281843306437));
#12699=CARTESIAN_POINT('',(-0.000935421276979202,0.,-0.034281843306437));
#12700=CARTESIAN_POINT('',(-0.00104699152491309,0.001,-0.034778537521313));
#12701=CARTESIAN_POINT('',(-0.000935421276979202,0.001,-0.0345925871080899));
#12702=CARTESIAN_POINT('',(-0.000935421276979202,0.001,-0.034281843306437));
#12703=CARTESIAN_POINT('',(-0.000935421276979202,0.001,-0.034281843306437));
#12704=CARTESIAN_POINT('',(-0.000935421276979202,0.001,-0.034281843306437));
#12705=CARTESIAN_POINT('',(-0.000935421276979202,0.001,-0.034281843306437));
#12706=CARTESIAN_POINT('',(-0.000935421276979202,0.,-0.034281843306437));
#12707=CARTESIAN_POINT('',(-0.000935421276979202,0.001,-0.034016278568145));
#12708=CARTESIAN_POINT('',(-0.000935421276979202,0.,-0.034016278568145));
#12709=CARTESIAN_POINT('',(-0.000996578301772591,0.001,-0.0338190333890817));
#12710=CARTESIAN_POINT('',(-0.000996578301772591,0.,-0.0338190333890817));
#12711=CARTESIAN_POINT('',(-0.00111889235135937,0.001,-0.0336901077692469));
#12712=CARTESIAN_POINT('',(-0.00111889235135937,0.,-0.0336901077692469));
#12713=CARTESIAN_POINT('',(-0.000935421276979202,0.,-0.034281843306437));
#12714=CARTESIAN_POINT('',(-0.000935421276979202,0.,-0.033883496198999));
#12715=CARTESIAN_POINT('',(-0.00111889235135937,0.,-0.0336901077692469));
#12716=CARTESIAN_POINT('',(-0.00111889235135937,0.,-0.0336901077692469));
#12717=CARTESIAN_POINT('',(-0.000935421276979202,0.001,-0.034281843306437));
#12718=CARTESIAN_POINT('',(-0.000935421276979202,0.001,-0.033883496198999));
#12719=CARTESIAN_POINT('',(-0.00111889235135937,0.001,-0.0336901077692469));
#12720=CARTESIAN_POINT('',(-0.00111889235135937,0.001,-0.0336901077692469));
#12721=CARTESIAN_POINT('',(-0.00111889235135937,0.001,-0.0336901077692469));
#12722=CARTESIAN_POINT('',(-0.00111889235135937,0.001,-0.0336901077692469));
#12723=CARTESIAN_POINT('',(-0.00111889235135937,0.,-0.0336901077692469));
#12724=CARTESIAN_POINT('',(-0.00124120640094615,0.001,-0.0335611821494122));
#12725=CARTESIAN_POINT('',(-0.00124120640094615,0.,-0.0335611821494122));
#12726=CARTESIAN_POINT('',(-0.00140374083620785,0.001,-0.0334967193394949));
#12727=CARTESIAN_POINT('',(-0.00140374083620785,0.,-0.0334967193394949));
#12728=CARTESIAN_POINT('',(-0.00160649565714449,0.001,-0.0334967193394949));
#12729=CARTESIAN_POINT('',(-0.00160649565714449,0.,-0.0334967193394949));
#12730=CARTESIAN_POINT('',(-0.00111889235135937,0.,-0.0336901077692469));
#12731=CARTESIAN_POINT('',(-0.00130236342573953,0.,-0.0334967193394949));
#12732=CARTESIAN_POINT('',(-0.00160649565714449,0.,-0.0334967193394949));
#12733=CARTESIAN_POINT('',(-0.00160649565714449,0.,-0.0334967193394949));
#12734=CARTESIAN_POINT('',(-0.00111889235135937,0.001,-0.0336901077692469));
#12735=CARTESIAN_POINT('',(-0.00130236342573953,0.001,-0.0334967193394949));
#12736=CARTESIAN_POINT('',(-0.00160649565714449,0.001,-0.0334967193394949));
#12737=CARTESIAN_POINT('',(-0.00160649565714449,0.001,-0.0334967193394949));
#12738=CARTESIAN_POINT('',(-0.00160649565714449,0.001,-0.0334967193394949));
#12739=CARTESIAN_POINT('',(-0.00161692007021079,0.001,-0.0346004780246205));
#12740=CARTESIAN_POINT('',(-0.00161692007021079,0.,-0.0346004780246205));
#12741=CARTESIAN_POINT('',(-0.00222977544570198,0.,-0.0336824632492736));
#12742=CARTESIAN_POINT('',(-0.00161692007021079,0.001,-0.0346004780246205));
#12743=CARTESIAN_POINT('',(-0.00222977548091556,0.00099999975,-0.033682463273));
#12744=CARTESIAN_POINT('',(-0.00222963615301226,0.001,-0.033682669752718));
#12745=CARTESIAN_POINT('',(-0.0015212340148589,0.001,-0.0347340452732841));
#12746=CARTESIAN_POINT('',(-0.0015212340148589,0.,-0.0347340452732841));
#12747=CARTESIAN_POINT('',(-0.00267060049480018,0.,-0.0341968831484051));
#12748=CARTESIAN_POINT('',(-0.0015212340148589,0.001,-0.0347340452732841));
#12749=CARTESIAN_POINT('',(-0.00267060133896282,0.001,-0.0341968847538026));
#12750=CARTESIAN_POINT('',(-0.00267095846706185,0.001,-0.0341967193394948));
#12751=CARTESIAN_POINT('',(-0.00126967131250531,0.001,-0.0348858206111458));
#12752=CARTESIAN_POINT('',(-0.00126967131250531,0.,-0.0348858206111458));
#12753=CARTESIAN_POINT('',(-0.00126967131250531,0.001,-0.0348858206111458));
#12754=CARTESIAN_POINT('',(-0.00299657830177259,0.001,-0.03358432264528));
#12755=CARTESIAN_POINT('',(-0.00299657830177259,0.001,-0.03358432264528));
#12756=CARTESIAN_POINT('',(0.000225735747814176,0.001,-0.0121241573560238));
#12757=CARTESIAN_POINT('',(0.000225735747814176,0.,-0.0121241573560238));
#12758=CARTESIAN_POINT('',(-0.0129965783017726,0.001,-0.0325876284304039));
#12759=CARTESIAN_POINT('',(-0.0136994839915005,0.001,-0.0325876284304039));
#12760=CARTESIAN_POINT('',(-0.0136990576406156,0.001,-0.0325876284304039));
#12761=CARTESIAN_POINT('',(-0.0129965783017726,0.001,-0.0325876284304039));
#12762=CARTESIAN_POINT('',(-0.0122940989629296,0.001,-0.0325876284304039));
#12763=CARTESIAN_POINT('',(-0.0122940989629296,0.001,-0.0325876284304039));
#12764=CARTESIAN_POINT('',(-0.0122940989629296,0.001,-0.0325876284304039));
#12765=CARTESIAN_POINT('',(-0.0122940989629296,0.,-0.0325876284304039));
#12766=CARTESIAN_POINT('',(-0.0122797738940591,0.001,-0.0326394190640127));
#12767=CARTESIAN_POINT('',(-0.0122797738940591,0.,-0.0326394190640127));
#12768=CARTESIAN_POINT('',(-0.0122632449684392,0.001,-0.0327694466122221));
#12769=CARTESIAN_POINT('',(-0.0122632449684392,0.,-0.0327694466122221));
#12770=CARTESIAN_POINT('',(-0.0122445121860701,0.001,-0.032977711075032));
#12771=CARTESIAN_POINT('',(-0.0122445121860701,0.,-0.032977711075032));
#12772=CARTESIAN_POINT('',(-0.0122940989629296,0.001,-0.0325876284304039));
#12773=CARTESIAN_POINT('',(-0.0122726113596238,0.001,-0.0326653143808171));
#12774=CARTESIAN_POINT('',(-0.0122445121860701,0.001,-0.032977711075032));
#12775=CARTESIAN_POINT('',(-0.0122445121860701,0.001,-0.032977711075032));
#12776=CARTESIAN_POINT('',(-0.0122445121860701,0.001,-0.032977711075032));
#12777=CARTESIAN_POINT('',(-0.018312339177945,0.001,-0.033575631124079));
#12778=CARTESIAN_POINT('',(-0.018312339177945,0.001,-0.033575631124079));
#12779=CARTESIAN_POINT('',(-0.0122159922893143,0.001,-0.0334967193394949));
#12780=CARTESIAN_POINT('',(-0.0122159922893143,0.001,-0.0334967193394949));
#12781=CARTESIAN_POINT('',(-0.0122056692108635,0.001,-0.0334967193394949));
#12782=CARTESIAN_POINT('',(-0.0122056692108635,0.001,-0.0334967193394949));
#12783=CARTESIAN_POINT('',(-0.0121949254092106,0.001,-0.0334967193394949));
#12784=CARTESIAN_POINT('',(-0.0121949254092106,0.001,-0.0334967193394949));
#12785=CARTESIAN_POINT('',(-0.0121949254092106,0.001,-0.0334967193394949));
#12786=CARTESIAN_POINT('',(-0.0121949254092106,0.,-0.0334967193394949));
#12787=CARTESIAN_POINT('',(-0.0118819777508084,0.001,-0.0328212372458309));
#12788=CARTESIAN_POINT('',(-0.0118819777508084,0.,-0.0328212372458309));
#12789=CARTESIAN_POINT('',(-0.011286385464307,0.001,-0.032483496198999));
#12790=CARTESIAN_POINT('',(-0.011286385464307,0.,-0.032483496198999));
#12791=CARTESIAN_POINT('',(-0.0104081485497065,0.001,-0.032483496198999));
#12792=CARTESIAN_POINT('',(-0.0104081485497065,0.,-0.032483496198999));
#12793=CARTESIAN_POINT('',(-0.0121949254092106,0.001,-0.0334967193394949));
#12794=CARTESIAN_POINT('',(-0.0117255039216073,0.001,-0.032483496198999));
#12795=CARTESIAN_POINT('',(-0.0104081485497065,0.001,-0.032483496198999));
#12796=CARTESIAN_POINT('',(-0.0104081485497065,0.001,-0.032483496198999));
#12797=CARTESIAN_POINT('',(-0.0104081485497065,0.001,-0.032483496198999));
#12798=CARTESIAN_POINT('',(-0.0104081485497065,0.001,-0.032483496198999));
#12799=CARTESIAN_POINT('',(-0.0104081485497065,0.,-0.032483496198999));
#12800=CARTESIAN_POINT('',(-0.00975690888028498,0.001,-0.032483496198999));
#12801=CARTESIAN_POINT('',(-0.00975690888028498,0.,-0.032483496198999));
#12802=CARTESIAN_POINT('',(-0.00925415405934835,0.001,-0.0327374906893571));
#12803=CARTESIAN_POINT('',(-0.00925415405934835,0.,-0.0327374906893571));
#12804=CARTESIAN_POINT('',(-0.00889988408689656,0.001,-0.0332454796700734));
#12805=CARTESIAN_POINT('',(-0.00889988408689656,0.,-0.0332454796700734));
#12806=CARTESIAN_POINT('',(-0.0104081485497065,0.001,-0.032483496198999));
#12807=CARTESIAN_POINT('',(-0.00943128904557424,0.001,-0.032483496198999));
#12808=CARTESIAN_POINT('',(-0.00889988408689656,0.001,-0.0332454796700734));
#12809=CARTESIAN_POINT('',(-0.00889988408689656,0.001,-0.0332454796700734));
#12810=CARTESIAN_POINT('',(-0.00889988408689656,0.001,-0.0332454796700734));
#12811=CARTESIAN_POINT('',(-0.00889988408689656,0.001,-0.0332454796700734));
#12812=CARTESIAN_POINT('',(-0.00889988408689656,0.,-0.0332454796700734));
#12813=CARTESIAN_POINT('',(-0.00854561411444477,0.001,-0.0337534686507896));
#12814=CARTESIAN_POINT('',(-0.00854561411444477,0.,-0.0337534686507896));
#12815=CARTESIAN_POINT('',(-0.00836847912821887,0.001,-0.0344642124524425));
#12816=CARTESIAN_POINT('',(-0.00836847912821887,0.,-0.0344642124524425));
#12817=CARTESIAN_POINT('',(-0.00836847912821887,0.001,-0.035377711075032));
#12818=CARTESIAN_POINT('',(-0.00836847912821887,0.,-0.035377711075032));
#12819=CARTESIAN_POINT('',(-0.00889988408689656,0.001,-0.0332454796700734));
#12820=CARTESIAN_POINT('',(-0.00836847912821887,0.001,-0.0340074631411478));
#12821=CARTESIAN_POINT('',(-0.00836847912821887,0.001,-0.035377711075032));
#12822=CARTESIAN_POINT('',(-0.00836847912821887,0.001,-0.035377711075032));
#12823=CARTESIAN_POINT('',(-0.00836847912821887,0.001,-0.035377711075032));
#12824=CARTESIAN_POINT('',(-0.00836847912821887,0.001,-0.035377711075032));
#12825=CARTESIAN_POINT('',(-0.00836847912821887,0.,-0.035377711075032));
#12826=CARTESIAN_POINT('',(-0.00836847912821887,0.001,-0.0363033309097428));
#12827=CARTESIAN_POINT('',(-0.00836847912821887,0.,-0.0363033309097428));
#12828=CARTESIAN_POINT('',(-0.008555255987723,0.001,-0.0370184824248943));
#12829=CARTESIAN_POINT('',(-0.008555255987723,0.,-0.0370184824248943));
#12830=CARTESIAN_POINT('',(-0.00892880970673127,0.001,-0.0375231656204866));
#12831=CARTESIAN_POINT('',(-0.00892880970673127,0.,-0.0375231656204866));
#12832=CARTESIAN_POINT('',(-0.00836847912821887,0.001,-0.035377711075032));
#12833=CARTESIAN_POINT('',(-0.00836847912821887,0.001,-0.0367661408270981));
#12834=CARTESIAN_POINT('',(-0.00892880970673127,0.001,-0.0375231656204866));
#12835=CARTESIAN_POINT('',(-0.00892880970673127,0.001,-0.0375231656204866));
#12836=CARTESIAN_POINT('',(-0.00892880970673127,0.001,-0.0375231656204866));
#12837=CARTESIAN_POINT('',(-0.00892880970673127,0.001,-0.0375231656204866));
#12838=CARTESIAN_POINT('',(-0.00892880970673127,0.,-0.0375231656204866));
#12839=CARTESIAN_POINT('',(-0.00930236342573953,0.001,-0.0380278488160789));
#12840=CARTESIAN_POINT('',(-0.00930236342573953,0.,-0.0380278488160789));
#12841=CARTESIAN_POINT('',(-0.00983184000976157,0.001,-0.038280190413875));
#12842=CARTESIAN_POINT('',(-0.00983184000976157,0.,-0.038280190413875));
#12843=CARTESIAN_POINT('',(-0.0105172394587974,0.001,-0.038280190413875));
#12844=CARTESIAN_POINT('',(-0.0105172394587974,0.,-0.038280190413875));
#12845=CARTESIAN_POINT('',(-0.00892880970673127,0.001,-0.0375231656204866));
#12846=CARTESIAN_POINT('',(-0.00948914028524366,0.001,-0.038280190413875));
#12847=CARTESIAN_POINT('',(-0.0105172394587974,0.001,-0.038280190413875));
#12848=CARTESIAN_POINT('',(-0.0105172394587974,0.001,-0.038280190413875));
#12849=CARTESIAN_POINT('',(-0.0105172394587974,0.001,-0.038280190413875));
#12850=CARTESIAN_POINT('',(-0.0105172394587974,0.001,-0.038280190413875));
#12851=CARTESIAN_POINT('',(-0.0105172394587974,0.,-0.038280190413875));
#12852=CARTESIAN_POINT('',(-0.0109128317452988,0.001,-0.038280190413875));
#12853=CARTESIAN_POINT('',(-0.0109128317452988,0.,-0.038280190413875));
#12854=CARTESIAN_POINT('',(-0.011254429541442,0.001,-0.0381975457857759));
#12855=CARTESIAN_POINT('',(-0.011254429541442,0.,-0.0381975457857759));
#12856=CARTESIAN_POINT('',(-0.0115420328472271,0.001,-0.0380322565295775));
#12857=CARTESIAN_POINT('',(-0.0115420328472271,0.,-0.0380322565295775));
#12858=CARTESIAN_POINT('',(-0.0105172394587974,0.001,-0.038280190413875));
#12859=CARTESIAN_POINT('',(-0.0111106278885494,0.001,-0.038280190413875));
#12860=CARTESIAN_POINT('',(-0.0115420328472271,0.001,-0.0380322565295775));
#12861=CARTESIAN_POINT('',(-0.0115420328472271,0.001,-0.0380322565295775));
#12862=CARTESIAN_POINT('',(-0.0115420328472271,0.001,-0.0380322565295775));
#12863=CARTESIAN_POINT('',(-0.0115420328472271,0.001,-0.0380322565295775));
#12864=CARTESIAN_POINT('',(-0.0115420328472271,0.,-0.0380322565295775));
#12865=CARTESIAN_POINT('',(-0.0118296361530123,0.001,-0.0378669672733792));
#12866=CARTESIAN_POINT('',(-0.0118296361530123,0.,-0.0378669672733792));
#12867=CARTESIAN_POINT('',(-0.0120505727921307,0.001,-0.0376206862816436));
#12868=CARTESIAN_POINT('',(-0.0120505727921307,0.,-0.0376206862816436));
#12869=CARTESIAN_POINT('',(-0.0122048427645825,0.001,-0.0372934135543709));
#12870=CARTESIAN_POINT('',(-0.0122048427645825,0.,-0.0372934135543709));
#12871=CARTESIAN_POINT('',(-0.0115420328472271,0.001,-0.0380322565295775));
#12872=CARTESIAN_POINT('',(-0.0119734378059048,0.001,-0.03778432264528));
#12873=CARTESIAN_POINT('',(-0.0122048427645825,0.001,-0.0372934135543709));
#12874=CARTESIAN_POINT('',(-0.0122048427645825,0.001,-0.0372934135543709));
#12875=CARTESIAN_POINT('',(-0.0122048427645825,0.001,-0.0372934135543709));
#12876=CARTESIAN_POINT('',(-0.0122106278885494,0.001,-0.0372934135543709));
#12877=CARTESIAN_POINT('',(-0.0122106278885494,0.001,-0.0372934135543709));
#12878=CARTESIAN_POINT('',(-0.0122164130125164,0.001,-0.0372934135543709));
#12879=CARTESIAN_POINT('',(-0.0122164130125164,0.001,-0.0372934135543709));
#12880=CARTESIAN_POINT('',(-0.0122106278885494,0.001,-0.0377529176866023));
#12881=CARTESIAN_POINT('',(-0.0122106278885494,0.001,-0.0377529176866023));
#12882=CARTESIAN_POINT('',(-0.0122048427645825,0.001,-0.0382124218188337));
#12883=CARTESIAN_POINT('',(-0.0122048427645825,0.001,-0.0382124218188337));
#12884=CARTESIAN_POINT('',(-0.0122048427645825,0.001,-0.0392330829758585));
#12885=CARTESIAN_POINT('',(-0.0122048427645825,0.001,-0.0392330829758585));
#12886=CARTESIAN_POINT('',(-0.0122048427645825,0.001,-0.0402537441328833));
#12887=CARTESIAN_POINT('',(-0.0122048427645825,0.001,-0.0402537441328833));
#12888=CARTESIAN_POINT('',(-0.0129312890455742,0.001,-0.0402537441328833));
#12889=CARTESIAN_POINT('',(-0.0129312890455742,0.001,-0.0402537441328833));
#12890=CARTESIAN_POINT('',(-0.013657735326566,0.001,-0.0402537441328833));
#12891=CARTESIAN_POINT('',(-0.013657735326566,0.001,-0.0402537441328833));
#12892=CARTESIAN_POINT('',(-0.013657735326566,0.001,-0.0370306036370155));
#12893=CARTESIAN_POINT('',(-0.013657735326566,0.001,-0.0370306036370155));
#12894=CARTESIAN_POINT('',(-0.0136574953113362,0.00099999975,-0.0338074616946011));
#12895=CARTESIAN_POINT('',(-0.013657735326566,0.001,-0.0338074631411477));
#12896=CARTESIAN_POINT('',(-0.0119114543348304,0.001,-0.033980190413875));
#12897=CARTESIAN_POINT('',(-0.0119114543348304,0.,-0.033980190413875));
#12898=CARTESIAN_POINT('',(-0.0121213716902023,0.001,-0.0343157276039577));
#12899=CARTESIAN_POINT('',(-0.0121213716902023,0.,-0.0343157276039577));
#12900=CARTESIAN_POINT('',(-0.0122263303678883,0.001,-0.0347931380722772));
#12901=CARTESIAN_POINT('',(-0.0122263303678883,0.,-0.0347931380722772));
#12902=CARTESIAN_POINT('',(-0.0122263303678883,0.001,-0.0354124218188337));
#12903=CARTESIAN_POINT('',(-0.0122263303678883,0.,-0.0354124218188337));
#12904=CARTESIAN_POINT('',(-0.0119114543348304,0.,-0.033980190413875));
#12905=CARTESIAN_POINT('',(-0.0122263303678883,0.,-0.034483496198999));
#12906=CARTESIAN_POINT('',(-0.0122263303678883,0.,-0.0354124218188337));
#12907=CARTESIAN_POINT('',(-0.0119114543348304,0.,-0.033980190413875));
#12908=CARTESIAN_POINT('',(-0.0122263303678883,0.,-0.0354124218188337));
#12909=CARTESIAN_POINT('',(-0.0119114543348304,0.001,-0.033980190413875));
#12910=CARTESIAN_POINT('',(-0.0119114543348304,0.001,-0.033980190413875));
#12911=CARTESIAN_POINT('',(-0.0119114543348304,0.001,-0.033980190413875));
#12912=CARTESIAN_POINT('',(-0.0122263303678883,0.001,-0.034483496198999));
#12913=CARTESIAN_POINT('',(-0.0122263303678883,0.001,-0.0354124218188337));
#12914=CARTESIAN_POINT('',(-0.0122263303678883,0.001,-0.0354124218188337));
#12915=CARTESIAN_POINT('',(-0.0122263303678883,0.001,-0.0354124218188337));
#12916=CARTESIAN_POINT('',(-0.0122263303678883,0.001,-0.0354124218188337));
#12917=CARTESIAN_POINT('',(-0.0122263303678883,0.,-0.0354124218188337));
#12918=CARTESIAN_POINT('',(-0.0122263303678883,0.001,-0.0360151766397703));
#12919=CARTESIAN_POINT('',(-0.0122263303678883,0.,-0.0360151766397703));
#12920=CARTESIAN_POINT('',(-0.0121255039216073,0.001,-0.036479363967594));
#12921=CARTESIAN_POINT('',(-0.0121255039216073,0.,-0.036479363967594));
#12922=CARTESIAN_POINT('',(-0.0119238510290453,0.001,-0.0368049838023048));
#12923=CARTESIAN_POINT('',(-0.0119238510290453,0.,-0.0368049838023048));
#12924=CARTESIAN_POINT('',(-0.0122263303678883,0.,-0.0354124218188337));
#12925=CARTESIAN_POINT('',(-0.0122263303678883,0.,-0.0363165540502386));
#12926=CARTESIAN_POINT('',(-0.0119238510290453,0.,-0.0368049838023048));
#12927=CARTESIAN_POINT('',(-0.0119238510290453,0.,-0.0368049838023048));
#12928=CARTESIAN_POINT('',(-0.0122263303678883,0.001,-0.0354124218188337));
#12929=CARTESIAN_POINT('',(-0.0122263303678883,0.001,-0.0363165540502386));
#12930=CARTESIAN_POINT('',(-0.0119238510290453,0.001,-0.0368049838023048));
#12931=CARTESIAN_POINT('',(-0.0119238510290453,0.001,-0.0368049838023048));
#12932=CARTESIAN_POINT('',(-0.0119238510290453,0.001,-0.0368049838023048));
#12933=CARTESIAN_POINT('',(-0.0119238510290453,0.001,-0.0368049838023048));
#12934=CARTESIAN_POINT('',(-0.0119238510290453,0.,-0.0368049838023048));
#12935=CARTESIAN_POINT('',(-0.0117221981364833,0.001,-0.0371306036370155));
#12936=CARTESIAN_POINT('',(-0.0117221981364833,0.,-0.0371306036370155));
#12937=CARTESIAN_POINT('',(-0.0114252284395136,0.001,-0.0372934135543709));
#12938=CARTESIAN_POINT('',(-0.0114252284395136,0.,-0.0372934135543709));
#12939=CARTESIAN_POINT('',(-0.0110329419381362,0.001,-0.0372934135543709));
#12940=CARTESIAN_POINT('',(-0.0110329419381362,0.,-0.0372934135543709));
#12941=CARTESIAN_POINT('',(-0.0119238510290453,0.,-0.0368049838023048));
#12942=CARTESIAN_POINT('',(-0.0116213716902023,0.,-0.0372934135543709));
#12943=CARTESIAN_POINT('',(-0.0110329419381362,0.,-0.0372934135543709));
#12944=CARTESIAN_POINT('',(-0.0110329419381362,0.,-0.0372934135543709));
#12945=CARTESIAN_POINT('',(-0.0119238510290453,0.001,-0.0368049838023048));
#12946=CARTESIAN_POINT('',(-0.0116213716902023,0.001,-0.0372934135543709));
#12947=CARTESIAN_POINT('',(-0.0110329419381362,0.001,-0.0372934135543709));
#12948=CARTESIAN_POINT('',(-0.0110329419381362,0.001,-0.0372934135543709));
#12949=CARTESIAN_POINT('',(-0.0110329419381362,0.001,-0.0372934135543709));
#12950=CARTESIAN_POINT('',(-0.0110329419381362,0.001,-0.0372934135543709));
#12951=CARTESIAN_POINT('',(-0.0110329419381362,0.,-0.0372934135543709));
#12952=CARTESIAN_POINT('',(-0.0106439612218828,0.001,-0.0372934135543709));
#12953=CARTESIAN_POINT('',(-0.0106439612218828,0.,-0.0372934135543709));
#12954=CARTESIAN_POINT('',(-0.0103547050235357,0.001,-0.0371358377967951));
#12955=CARTESIAN_POINT('',(-0.0103547050235357,0.,-0.0371358377967951));
#12956=CARTESIAN_POINT('',(-0.0101651733430949,0.001,-0.0368206862816436));
#12957=CARTESIAN_POINT('',(-0.0101651733430949,0.,-0.0368206862816436));
#12958=CARTESIAN_POINT('',(-0.0110329419381362,0.,-0.0372934135543709));
#12959=CARTESIAN_POINT('',(-0.0104494708637561,0.,-0.0372934135543709));
#12960=CARTESIAN_POINT('',(-0.0101651733430949,0.,-0.0368206862816436));
#12961=CARTESIAN_POINT('',(-0.0101651733430949,0.,-0.0368206862816436));
#12962=CARTESIAN_POINT('',(-0.0110329419381362,0.001,-0.0372934135543709));
#12963=CARTESIAN_POINT('',(-0.0104494708637561,0.001,-0.0372934135543709));
#12964=CARTESIAN_POINT('',(-0.0101651733430949,0.001,-0.0368206862816436));
#12965=CARTESIAN_POINT('',(-0.0101651733430949,0.001,-0.0368206862816436));
#12966=CARTESIAN_POINT('',(-0.0101651733430949,0.001,-0.0368206862816436));
#12967=CARTESIAN_POINT('',(-0.0101651733430949,0.001,-0.0368206862816436));
#12968=CARTESIAN_POINT('',(-0.0101651733430949,0.,-0.0368206862816436));
#12969=CARTESIAN_POINT('',(-0.00997564166265413,0.001,-0.0365055347664921));
#12970=CARTESIAN_POINT('',(-0.00997564166265413,0.,-0.0365055347664921));
#12971=CARTESIAN_POINT('',(-0.00988087582243375,0.001,-0.0360245430309549));
#12972=CARTESIAN_POINT('',(-0.00988087582243375,0.,-0.0360245430309549));
#12973=CARTESIAN_POINT('',(-0.00988087582243375,0.001,-0.035377711075032));
#12974=CARTESIAN_POINT('',(-0.00988087582243375,0.,-0.035377711075032));
#12975=CARTESIAN_POINT('',(-0.0101651733430949,0.,-0.0368206862816436));
#12976=CARTESIAN_POINT('',(-0.00988087582243375,0.,-0.0363479590089163));
#12977=CARTESIAN_POINT('',(-0.00988087582243375,0.,-0.035377711075032));
#12978=CARTESIAN_POINT('',(-0.00988087582243375,0.,-0.035377711075032));
#12979=CARTESIAN_POINT('',(-0.0101651733430949,0.001,-0.0368206862816436));
#12980=CARTESIAN_POINT('',(-0.00988087582243375,0.001,-0.0363479590089163));
#12981=CARTESIAN_POINT('',(-0.00988087582243375,0.001,-0.035377711075032));
#12982=CARTESIAN_POINT('',(-0.00988087582243375,0.001,-0.035377711075032));
#12983=CARTESIAN_POINT('',(-0.00988087582243375,0.001,-0.035377711075032));
#12984=CARTESIAN_POINT('',(-0.00988087582243375,0.001,-0.035377711075032));
#12985=CARTESIAN_POINT('',(-0.00988087582243375,0.,-0.035377711075032));
#12986=CARTESIAN_POINT('',(-0.00988087582243375,0.001,-0.0341104934441781));
#12987=CARTESIAN_POINT('',(-0.00988087582243375,0.,-0.0341104934441781));
#12988=CARTESIAN_POINT('',(-0.0102615920758773,0.001,-0.033476884628751));
#12989=CARTESIAN_POINT('',(-0.0102615920758773,0.,-0.033476884628751));
#12990=CARTESIAN_POINT('',(-0.0110230245827643,0.001,-0.033476884628751));
#12991=CARTESIAN_POINT('',(-0.0110230245827643,0.,-0.033476884628751));
#12992=CARTESIAN_POINT('',(-0.00988087582243375,0.,-0.035377711075032));
#12993=CARTESIAN_POINT('',(-0.00988087582243375,0.,-0.033476884628751));
#12994=CARTESIAN_POINT('',(-0.0110230245827643,0.,-0.033476884628751));
#12995=CARTESIAN_POINT('',(-0.0110230245827643,0.,-0.033476884628751));
#12996=CARTESIAN_POINT('',(-0.00988087582243375,0.001,-0.035377711075032));
#12997=CARTESIAN_POINT('',(-0.00988087582243375,0.001,-0.033476884628751));
#12998=CARTESIAN_POINT('',(-0.0110230245827643,0.001,-0.033476884628751));
#12999=CARTESIAN_POINT('',(-0.0110230245827643,0.001,-0.033476884628751));
#13000=CARTESIAN_POINT('',(-0.0110230245827643,0.001,-0.033476884628751));
#13001=CARTESIAN_POINT('',(-0.0110230245827643,0.001,-0.033476884628751));
#13002=CARTESIAN_POINT('',(-0.0110230245827643,0.,-0.033476884628751));
#13003=CARTESIAN_POINT('',(-0.0114053937287698,0.001,-0.033476884628751));
#13004=CARTESIAN_POINT('',(-0.0114053937287698,0.,-0.033476884628751));
#13005=CARTESIAN_POINT('',(-0.0117015369794585,0.001,-0.0336446532237924));
#13006=CARTESIAN_POINT('',(-0.0117015369794585,0.,-0.0336446532237924));
#13007=CARTESIAN_POINT('',(-0.0119114543348304,0.001,-0.033980190413875));
#13008=CARTESIAN_POINT('',(-0.0119114543348304,0.,-0.033980190413875));
#13009=CARTESIAN_POINT('',(-0.0110230245827643,0.,-0.033476884628751));
#13010=CARTESIAN_POINT('',(-0.0115965783017726,0.,-0.033476884628751));
#13011=CARTESIAN_POINT('',(-0.0119114543348304,0.,-0.033980190413875));
#13012=CARTESIAN_POINT('',(-0.0110230245827643,0.001,-0.033476884628751));
#13013=CARTESIAN_POINT('',(-0.0115965783017726,0.001,-0.033476884628751));
#13014=CARTESIAN_POINT('',(-0.0119114543348304,0.001,-0.033980190413875));
#13015=CARTESIAN_POINT('',(-0.0350148453366347,0.001,-0.0339361802067096));
#13016=CARTESIAN_POINT('',(-0.0350148453366347,0.001,-0.0339361802067096));
#13017=CARTESIAN_POINT('',(0.000225735747814176,0.001,-0.0121241573560238));
#13018=CARTESIAN_POINT('',(0.000225735747814176,0.,-0.0121241573560238));
#13019=CARTESIAN_POINT('',(0.0298100332684753,0.001,-0.035381843306437));
#13020=CARTESIAN_POINT('',(0.0290761489709547,0.001,-0.0381760581824701));
#13021=CARTESIAN_POINT('',(0.0290761489709547,0.001,-0.0381760581824701));
#13022=CARTESIAN_POINT('',(0.0298100332684753,0.001,-0.035381843306437));
#13023=CARTESIAN_POINT('',(0.030543917565996,0.001,-0.0325876284304039));
#13024=CARTESIAN_POINT('',(0.030543917565996,0.001,-0.0325876284304039));
#13025=CARTESIAN_POINT('',(0.0313108597147563,0.001,-0.0325876284304039));
#13026=CARTESIAN_POINT('',(0.0313108597147563,0.001,-0.0325876284304039));
#13027=CARTESIAN_POINT('',(0.0320778018635167,0.001,-0.0325876284304039));
#13028=CARTESIAN_POINT('',(0.0320778018635167,0.001,-0.0325876284304039));
#13029=CARTESIAN_POINT('',(0.0325216035164093,0.001,-0.0342925871080899));
#13030=CARTESIAN_POINT('',(0.0325216035164093,0.001,-0.0342925871080899));
#13031=CARTESIAN_POINT('',(0.0329654051693018,0.001,-0.0359975457857759));
#13032=CARTESIAN_POINT('',(0.0329654051693018,0.001,-0.0359975457857759));
#13033=CARTESIAN_POINT('',(0.0329654051693018,0.001,-0.0359975457857759));
#13034=CARTESIAN_POINT('',(0.0329654051693018,0.,-0.0359975457857759));
#13035=CARTESIAN_POINT('',(0.0330072784475387,0.001,-0.0361518157582277));
#13036=CARTESIAN_POINT('',(0.0330072784475387,0.,-0.0361518157582277));
#13037=CARTESIAN_POINT('',(0.0330882701830759,0.001,-0.0365336339400458));
#13038=CARTESIAN_POINT('',(0.0330882701830759,0.,-0.0365336339400458));
#13039=CARTESIAN_POINT('',(0.0332083803759134,0.001,-0.0371430003312304));
#13040=CARTESIAN_POINT('',(0.0332083803759134,0.,-0.0371430003312304));
#13041=CARTESIAN_POINT('',(0.0329654051693018,0.001,-0.0359975457857759));
#13042=CARTESIAN_POINT('',(0.0330282150866571,0.001,-0.0362289507444536));
#13043=CARTESIAN_POINT('',(0.0332083803759134,0.001,-0.0371430003312304));
#13044=CARTESIAN_POINT('',(0.0332083803759134,0.001,-0.0371430003312304));
#13045=CARTESIAN_POINT('',(0.0332083803759134,0.001,-0.0371430003312304));
#13046=CARTESIAN_POINT('',(0.033343091119715,0.001,-0.0365644879345362));
#13047=CARTESIAN_POINT('',(0.033343091119715,0.001,-0.0365644879345362));
#13048=CARTESIAN_POINT('',(0.0334778018635166,0.001,-0.035985975537842));
#13049=CARTESIAN_POINT('',(0.0334778018635166,0.001,-0.035985975537842));
#13050=CARTESIAN_POINT('',(0.0339273886403761,0.001,-0.0342868019841229));
#13051=CARTESIAN_POINT('',(0.0339273886403761,0.001,-0.0342868019841229));
#13052=CARTESIAN_POINT('',(0.0343769754172357,0.001,-0.0325876284304039));
#13053=CARTESIAN_POINT('',(0.0343769754172357,0.001,-0.0325876284304039));
#13054=CARTESIAN_POINT('',(0.035143917565996,0.001,-0.0325876284304039));
#13055=CARTESIAN_POINT('',(0.035143917565996,0.001,-0.0325876284304039));
#13056=CARTESIAN_POINT('',(0.0359108597147563,0.001,-0.0325876284304039));
#13057=CARTESIAN_POINT('',(0.0359108597147563,0.001,-0.0325876284304039));
#13058=CARTESIAN_POINT('',(0.0366340002106241,0.001,-0.035381843306437));
#13059=CARTESIAN_POINT('',(0.0366340002106241,0.001,-0.035381843306437));
#13060=CARTESIAN_POINT('',(0.0373571407064918,0.001,-0.0381760581824701));
#13061=CARTESIAN_POINT('',(0.0373571407064918,0.001,-0.0381760581824701));
#13062=CARTESIAN_POINT('',(0.0366753225246737,0.001,-0.0381760581824701));
#13063=CARTESIAN_POINT('',(0.0366753225246737,0.001,-0.0381760581824701));
#13064=CARTESIAN_POINT('',(0.0359935043428555,0.001,-0.0381760581824701));
#13065=CARTESIAN_POINT('',(0.0359935043428555,0.001,-0.0381760581824701));
#13066=CARTESIAN_POINT('',(0.0355331737643431,0.001,-0.0360405209923874));
#13067=CARTESIAN_POINT('',(0.0355331737643431,0.001,-0.0360405209923874));
#13068=CARTESIAN_POINT('',(0.0350728431858307,0.001,-0.0339049838023048));
#13069=CARTESIAN_POINT('',(0.0350728431858307,0.001,-0.0339049838023048));
#13070=CARTESIAN_POINT('',(0.0350373059957481,0.001,-0.0340958928932139));
#13071=CARTESIAN_POINT('',(0.0350373059957481,0.001,-0.0340958928932139));
#13072=CARTESIAN_POINT('',(0.0350017688056654,0.001,-0.0342868019841229));
#13073=CARTESIAN_POINT('',(0.0350017688056654,0.001,-0.0342868019841229));
#13074=CARTESIAN_POINT('',(0.034937305995748,0.001,-0.0345892813229659));
#13075=CARTESIAN_POINT('',(0.034937305995748,0.001,-0.0345892813229659));
#13076=CARTESIAN_POINT('',(0.0348728431858307,0.001,-0.0348917606618089));
#13077=CARTESIAN_POINT('',(0.0348728431858307,0.001,-0.0348917606618089));
#13078=CARTESIAN_POINT('',(0.0344331737643431,0.001,-0.0365339094221395));
#13079=CARTESIAN_POINT('',(0.0344331737643431,0.001,-0.0365339094221395));
#13080=CARTESIAN_POINT('',(0.0339935043428555,0.001,-0.0381760581824701));
#13081=CARTESIAN_POINT('',(0.0339935043428555,0.001,-0.0381760581824701));
#13082=CARTESIAN_POINT('',(0.0332166448387233,0.001,-0.0381760581824701));
#13083=CARTESIAN_POINT('',(0.0332166448387233,0.001,-0.0381760581824701));
#13084=CARTESIAN_POINT('',(0.0324397853345911,0.001,-0.0381760581824701));
#13085=CARTESIAN_POINT('',(0.0324397853345911,0.001,-0.0381760581824701));
#13086=CARTESIAN_POINT('',(0.0320108597147563,0.001,-0.0365339094221395));
#13087=CARTESIAN_POINT('',(0.0320108597147563,0.001,-0.0365339094221395));
#13088=CARTESIAN_POINT('',(0.0315819340949216,0.001,-0.0348917606618089));
#13089=CARTESIAN_POINT('',(0.0315819340949216,0.001,-0.0348917606618089));
#13090=CARTESIAN_POINT('',(0.0315819340949216,0.001,-0.0348917606618089));
#13091=CARTESIAN_POINT('',(0.0315819340949216,0.,-0.0348917606618089));
#13092=CARTESIAN_POINT('',(0.0315334492464368,0.001,-0.03471214633674));
#13093=CARTESIAN_POINT('',(0.0315334492464368,0.,-0.03471214633674));
#13094=CARTESIAN_POINT('',(0.0314629258304588,0.001,-0.0343832207169053));
#13095=CARTESIAN_POINT('',(0.0314629258304588,0.,-0.0343832207169053));
#13096=CARTESIAN_POINT('',(0.0313703638469877,0.001,-0.0339049838023048));
#13097=CARTESIAN_POINT('',(0.0313703638469877,0.,-0.0339049838023048));
#13098=CARTESIAN_POINT('',(0.0315819340949216,0.001,-0.0348917606618089));
#13099=CARTESIAN_POINT('',(0.0315092068221944,0.001,-0.0346223391742056));
#13100=CARTESIAN_POINT('',(0.0313703638469877,0.001,-0.0339049838023048));
#13101=CARTESIAN_POINT('',(0.0313703638469877,0.001,-0.0339049838023048));
#13102=CARTESIAN_POINT('',(0.0313703638469877,0.001,-0.0339049838023048));
#13103=CARTESIAN_POINT('',(0.0312976365742605,0.001,-0.0342454796700734));
#13104=CARTESIAN_POINT('',(0.0312976365742605,0.001,-0.0342454796700734));
#13105=CARTESIAN_POINT('',(0.0312249093015332,0.001,-0.0345859755378419));
#13106=CARTESIAN_POINT('',(0.0312249093015332,0.001,-0.0345859755378419));
#13107=CARTESIAN_POINT('',(0.0308224299626902,0.001,-0.036381016860156));
#13108=CARTESIAN_POINT('',(0.0308224299626902,0.001,-0.036381016860156));
#13109=CARTESIAN_POINT('',(0.0304199506238472,0.001,-0.0381760581824701));
#13110=CARTESIAN_POINT('',(0.0304199506238472,0.001,-0.0381760581824701));
#13111=CARTESIAN_POINT('',(0.0297480497974009,0.001,-0.0381760581824701));
#13112=CARTESIAN_POINT('',(0.0297480497974009,0.001,-0.0381760581824701));
#13113=CARTESIAN_POINT('',(0.000225735747814176,0.001,-0.0121241573560238));
#13114=CARTESIAN_POINT('',(0.0198884358286549,0.001,0.00581557586952189));
#13115=CARTESIAN_POINT('',(0.0212050809377899,0.001,0.00581557586952189));
#13116=CARTESIAN_POINT('',(0.0212050809377899,0.001,0.00581557586952189));
#13117=CARTESIAN_POINT('',(0.0198884358286549,0.001,0.00581557586952189));
#13118=CARTESIAN_POINT('',(0.01857179071952,0.001,0.00581557586952189));
#13119=CARTESIAN_POINT('',(0.01857179071952,0.001,0.00581557586952189));
#13120=CARTESIAN_POINT('',(0.01857179071952,0.001,0.00866030909506756));
#13121=CARTESIAN_POINT('',(0.01857179071952,0.001,0.00866030909506756));
#13122=CARTESIAN_POINT('',(0.01857179071952,0.001,0.0115050423206132));
#13123=CARTESIAN_POINT('',(0.01857179071952,0.001,0.0115050423206132));
#13124=CARTESIAN_POINT('',(0.01857179071952,0.001,0.0115050423206132));
#13125=CARTESIAN_POINT('',(0.01857179071952,0.,0.0115050423206132));
#13126=CARTESIAN_POINT('',(0.01857179071952,0.001,0.0132845626655337));
#13127=CARTESIAN_POINT('',(0.01857179071952,0.,0.0132845626655337));
#13128=CARTESIAN_POINT('',(0.0179719524010074,0.001,0.014174322837994));
#13129=CARTESIAN_POINT('',(0.0179719524010074,0.,0.014174322837994));
#13130=CARTESIAN_POINT('',(0.0167722757639823,0.001,0.014174322837994));
#13131=CARTESIAN_POINT('',(0.0167722757639823,0.,0.014174322837994));
#13132=CARTESIAN_POINT('',(0.01857179071952,0.001,0.0115050423206132));
#13133=CARTESIAN_POINT('',(0.01857179071952,0.001,0.014174322837994));
#13134=CARTESIAN_POINT('',(0.0167722757639823,0.001,0.014174322837994));
#13135=CARTESIAN_POINT('',(0.0167722757639823,0.001,0.014174322837994));
#13136=CARTESIAN_POINT('',(0.0167722757639823,0.001,0.014174322837994));
#13137=CARTESIAN_POINT('',(0.0167722757639823,0.001,0.014174322837994));
#13138=CARTESIAN_POINT('',(0.0167722757639823,0.,0.014174322837994));
#13139=CARTESIAN_POINT('',(0.0161344476852973,0.001,0.014174322837994));
#13140=CARTESIAN_POINT('',(0.0161344476852973,0.,0.014174322837994));
#13141=CARTESIAN_POINT('',(0.0156205861924383,0.001,0.0139008965378054));
#13142=CARTESIAN_POINT('',(0.0156205861924383,0.,0.0139008965378054));
#13143=CARTESIAN_POINT('',(0.0152306912854052,0.001,0.0133540439374281));
#13144=CARTESIAN_POINT('',(0.0152306912854052,0.,0.0133540439374281));
#13145=CARTESIAN_POINT('',(0.0167722757639823,0.001,0.014174322837994));
#13146=CARTESIAN_POINT('',(0.0158155336459549,0.001,0.014174322837994));
#13147=CARTESIAN_POINT('',(0.0152306912854052,0.001,0.0133540439374281));
#13148=CARTESIAN_POINT('',(0.0152306912854052,0.001,0.0133540439374281));
#13149=CARTESIAN_POINT('',(0.0152306912854052,0.001,0.0133540439374281));
#13150=CARTESIAN_POINT('',(0.0152306912854052,0.001,0.0133540439374281));
#13151=CARTESIAN_POINT('',(0.0152306912854052,0.,0.0133540439374281));
#13152=CARTESIAN_POINT('',(0.014840796378372,0.001,0.0128071913370508));
#13153=CARTESIAN_POINT('',(0.014840796378372,0.,0.0128071913370508));
#13154=CARTESIAN_POINT('',(0.0146458489248554,0.001,0.0121058803696566));
#13155=CARTESIAN_POINT('',(0.0146458489248554,0.,0.0121058803696566));
#13156=CARTESIAN_POINT('',(0.0146458489248554,0.001,0.0112501110352454));
#13157=CARTESIAN_POINT('',(0.0146458489248554,0.,0.0112501110352454));
#13158=CARTESIAN_POINT('',(0.0152306912854052,0.001,0.0133540439374281));
#13159=CARTESIAN_POINT('',(0.0146458489248554,0.001,0.0125337650368622));
#13160=CARTESIAN_POINT('',(0.0146458489248554,0.001,0.0112501110352454));
#13161=CARTESIAN_POINT('',(0.0146458489248554,0.001,0.0112501110352454));
#13162=CARTESIAN_POINT('',(0.0146458489248554,0.001,0.0112501110352454));
#13163=CARTESIAN_POINT('',(0.0146458489248554,0.001,0.00853284345238365));
#13164=CARTESIAN_POINT('',(0.0146458489248554,0.001,0.00853284345238365));
#13165=CARTESIAN_POINT('',(0.0146458489248554,0.001,0.00581557586952189));
#13166=CARTESIAN_POINT('',(0.0146458489248554,0.001,0.00581557586952189));
#13167=CARTESIAN_POINT('',(0.0133277042199241,0.001,0.00581557586952189));
#13168=CARTESIAN_POINT('',(0.0133277042199241,0.001,0.00581557586952189));
#13169=CARTESIAN_POINT('',(0.0120095595149928,0.001,0.00581557586952189));
#13170=CARTESIAN_POINT('',(0.0120095595149928,0.001,0.00581557586952189));
#13171=CARTESIAN_POINT('',(0.0120095595149928,0.001,0.00975201483476036));
#13172=CARTESIAN_POINT('',(0.0120095595149928,0.001,0.00975201483476036));
#13173=CARTESIAN_POINT('',(0.0120095595149928,0.001,0.0136884537999988));
#13174=CARTESIAN_POINT('',(0.0120095595149928,0.001,0.0136884537999988));
#13175=CARTESIAN_POINT('',(0.0120095595149928,0.001,0.0136884537999988));
#13176=CARTESIAN_POINT('',(0.0120095595149928,0.,0.0136884537999988));
#13177=CARTESIAN_POINT('',(0.0120095595149928,0.001,0.0145502215175952));
#13178=CARTESIAN_POINT('',(0.0120095595149928,0.,0.0145502215175952));
#13179=CARTESIAN_POINT('',(0.0119845662517215,0.001,0.015306017798921));
#13180=CARTESIAN_POINT('',(0.0119845662517215,0.,0.015306017798921));
#13181=CARTESIAN_POINT('',(0.0119345797251788,0.001,0.0159558426439762));
#13182=CARTESIAN_POINT('',(0.0119345797251788,0.,0.0159558426439762));
#13183=CARTESIAN_POINT('',(0.0120095595149928,0.001,0.0136884537999988));
#13184=CARTESIAN_POINT('',(0.0120095595149928,0.001,0.0149811053763933));
#13185=CARTESIAN_POINT('',(0.0119345797251788,0.001,0.0159558426439762));
#13186=CARTESIAN_POINT('',(0.0119345797251788,0.001,0.0159558426439762));
#13187=CARTESIAN_POINT('',(0.0119345797251788,0.001,0.0159558426439762));
#13188=CARTESIAN_POINT('',(0.0131912410024625,0.001,0.0159558426439762));
#13189=CARTESIAN_POINT('',(0.0131912410024625,0.001,0.0159558426439762));
#13190=CARTESIAN_POINT('',(0.0144479022797463,0.001,0.0159558426439762));
#13191=CARTESIAN_POINT('',(0.0144479022797463,0.001,0.0159558426439762));
#13192=CARTESIAN_POINT('',(0.0144479022797463,0.001,0.0159558426439762));
#13193=CARTESIAN_POINT('',(0.0144479022797463,0.,0.0159558426439762));
#13194=CARTESIAN_POINT('',(0.0145218823390295,0.001,0.0150560851662074));
#13195=CARTESIAN_POINT('',(0.0145218823390295,0.,0.0150560851662074));
#13196=CARTESIAN_POINT('',(0.0145588723686711,0.001,0.0143842662494734));
#13197=CARTESIAN_POINT('',(0.0145588723686711,0.,0.0143842662494734));
#13198=CARTESIAN_POINT('',(0.0145588723686711,0.001,0.0139403858937741));
#13199=CARTESIAN_POINT('',(0.0145588723686711,0.,0.0139403858937741));
#13200=CARTESIAN_POINT('',(0.0144479022797463,0.001,0.0159558426439762));
#13201=CARTESIAN_POINT('',(0.0145588723686711,0.001,0.014606206427323));
#13202=CARTESIAN_POINT('',(0.0145588723686711,0.001,0.0139403858937741));
#13203=CARTESIAN_POINT('',(0.0145588723686711,0.001,0.0139403858937741));
#13204=CARTESIAN_POINT('',(0.0145588723686711,0.001,0.0139403858937741));
#13205=CARTESIAN_POINT('',(0.0145828659014116,0.001,0.0139403858937741));
#13206=CARTESIAN_POINT('',(0.0145828659014116,0.001,0.0139403858937741));
#13207=CARTESIAN_POINT('',(0.0146068594341521,0.001,0.0139403858937741));
#13208=CARTESIAN_POINT('',(0.0146068594341521,0.001,0.0139403858937741));
#13209=CARTESIAN_POINT('',(0.0146068594341521,0.001,0.0139403858937741));
#13210=CARTESIAN_POINT('',(0.0146068594341521,0.,0.0139403858937741));
#13211=CARTESIAN_POINT('',(0.0149567651199511,0.001,0.0147081789414701));
#13212=CARTESIAN_POINT('',(0.0149567651199511,0.,0.0147081789414701));
#13213=CARTESIAN_POINT('',(0.0154021450714466,0.001,0.0152675281734831));
#13214=CARTESIAN_POINT('',(0.0154021450714466,0.,0.0152675281734831));
#13215=CARTESIAN_POINT('',(0.0159429992886388,0.001,0.0156184335898129));
#13216=CARTESIAN_POINT('',(0.0159429992886388,0.,0.0156184335898129));
#13217=CARTESIAN_POINT('',(0.0146068594341521,0.001,0.0139403858937741));
#13218=CARTESIAN_POINT('',(0.0151317179628506,0.001,0.0150920754653182));
#13219=CARTESIAN_POINT('',(0.0159429992886388,0.001,0.0156184335898129));
#13220=CARTESIAN_POINT('',(0.0159429992886388,0.001,0.0156184335898129));
#13221=CARTESIAN_POINT('',(0.0159429992886388,0.001,0.0156184335898129));
#13222=CARTESIAN_POINT('',(0.0159429992886388,0.001,0.0156184335898129));
#13223=CARTESIAN_POINT('',(0.0159429992886388,0.,0.0156184335898129));
#13224=CARTESIAN_POINT('',(0.0164838535058309,0.001,0.0159693390061427));
#13225=CARTESIAN_POINT('',(0.0164838535058309,0.,0.0159693390061427));
#13226=CARTESIAN_POINT('',(0.0171261803719047,0.001,0.0161447917143076));
#13227=CARTESIAN_POINT('',(0.0171261803719047,0.,0.0161447917143076));
#13228=CARTESIAN_POINT('',(0.0178699798868602,0.001,0.0161447917143076));
#13229=CARTESIAN_POINT('',(0.0178699798868602,0.,0.0161447917143076));
#13230=CARTESIAN_POINT('',(0.0159429992886388,0.001,0.0156184335898129));
#13231=CARTESIAN_POINT('',(0.0167542806144269,0.001,0.0161447917143076));
#13232=CARTESIAN_POINT('',(0.0178699798868602,0.001,0.0161447917143076));
#13233=CARTESIAN_POINT('',(0.0178699798868602,0.001,0.0161447917143076));
#13234=CARTESIAN_POINT('',(0.0178699798868602,0.001,0.0161447917143076));
#13235=CARTESIAN_POINT('',(0.0178699798868602,0.001,0.0161447917143076));
#13236=CARTESIAN_POINT('',(0.0178699798868602,0.,0.0161447917143076));
#13237=CARTESIAN_POINT('',(0.0189436904769977,0.001,0.0161447917143076));
#13238=CARTESIAN_POINT('',(0.0189436904769977,0.,0.0161447917143076));
#13239=CARTESIAN_POINT('',(0.019767968299687,0.001,0.0158148806391258));
#13240=CARTESIAN_POINT('',(0.019767968299687,0.,0.0158148806391258));
#13241=CARTESIAN_POINT('',(0.0203428133549282,0.001,0.015155058488762));
#13242=CARTESIAN_POINT('',(0.0203428133549282,0.,0.015155058488762));
#13243=CARTESIAN_POINT('',(0.0178699798868602,0.001,0.0161447917143076));
#13244=CARTESIAN_POINT('',(0.0194805457720664,0.001,0.0161447917143076));
#13245=CARTESIAN_POINT('',(0.0203428133549282,0.001,0.015155058488762));
#13246=CARTESIAN_POINT('',(0.0203428133549282,0.001,0.015155058488762));
#13247=CARTESIAN_POINT('',(0.0203428133549282,0.001,0.015155058488762));
#13248=CARTESIAN_POINT('',(0.0203428133549282,0.001,0.015155058488762));
#13249=CARTESIAN_POINT('',(0.0203428133549282,0.,0.015155058488762));
#13250=CARTESIAN_POINT('',(0.0209176584101693,0.001,0.0144952363383982));
#13251=CARTESIAN_POINT('',(0.0209176584101693,0.,0.0144952363383982));
#13252=CARTESIAN_POINT('',(0.0212050809377899,0.001,0.0135284969150622));
#13253=CARTESIAN_POINT('',(0.0212050809377899,0.,0.0135284969150622));
#13254=CARTESIAN_POINT('',(0.0212050809377899,0.001,0.0122548402187539));
#13255=CARTESIAN_POINT('',(0.0212050809377899,0.,0.0122548402187539));
#13256=CARTESIAN_POINT('',(0.0203428133549282,0.001,0.015155058488762));
#13257=CARTESIAN_POINT('',(0.0212050809377899,0.001,0.0141653252632163));
#13258=CARTESIAN_POINT('',(0.0212050809377899,0.001,0.0122548402187539));
#13259=CARTESIAN_POINT('',(0.0212050809377899,0.001,0.0122548402187539));
#13260=CARTESIAN_POINT('',(0.0212050809377899,0.001,0.0122548402187539));
#13261=CARTESIAN_POINT('',(0.0212050809377899,0.001,0.00903520804413789));
#13262=CARTESIAN_POINT('',(0.0212050809377899,0.001,0.00903520804413789));
#13263=CARTESIAN_POINT('',(0.000225735747814176,0.001,-0.0121241573560238));
#13264=CARTESIAN_POINT('',(0.00583572362170262,0.001,0.0159558426439762));
#13265=CARTESIAN_POINT('',(0.00176732022639139,0.001,0.0159558426439762));
#13266=CARTESIAN_POINT('',(0.00176732022639139,0.001,0.0159558426439762));
#13267=CARTESIAN_POINT('',(0.00583572362170262,0.001,0.0159558426439762));
#13268=CARTESIAN_POINT('',(0.00990412701701386,0.001,0.0159558426439762));
#13269=CARTESIAN_POINT('',(0.00990412701701386,0.001,0.0159558426439762));
#13270=CARTESIAN_POINT('',(0.00990412701701386,0.001,0.0150230940586893));
#13271=CARTESIAN_POINT('',(0.00990412701701386,0.001,0.0150230940586893));
#13272=CARTESIAN_POINT('',(0.00990412701701386,0.001,0.0140903454734022));
#13273=CARTESIAN_POINT('',(0.00990412701701386,0.001,0.0140903454734022));
#13274=CARTESIAN_POINT('',(0.00751827010513027,0.001,0.0109037044063044));
#13275=CARTESIAN_POINT('',(0.00751827010513027,0.001,0.0109037044063044));
#13276=CARTESIAN_POINT('',(0.00513241319324668,0.001,0.00771706333920661));
#13277=CARTESIAN_POINT('',(0.00513241319324668,0.001,0.00771706333920661));
#13278=CARTESIAN_POINT('',(0.00732632184320626,0.001,0.00771706333920661));
#13279=CARTESIAN_POINT('',(0.00732632184320626,0.001,0.00771706333920661));
#13280=CARTESIAN_POINT('',(0.00952023049316584,0.001,0.00771706333920661));
#13281=CARTESIAN_POINT('',(0.00952023049316584,0.001,0.00771706333920661));
#13282=CARTESIAN_POINT('',(0.00952023049316584,0.001,0.00676631960436425));
#13283=CARTESIAN_POINT('',(0.00952023049316584,0.001,0.00676631960436425));
#13284=CARTESIAN_POINT('',(0.00952023049316584,0.001,0.00581557586952189));
#13285=CARTESIAN_POINT('',(0.00952023049316584,0.001,0.00581557586952189));
#13286=CARTESIAN_POINT('',(0.00587321351660965,0.001,0.00581557586952189));
#13287=CARTESIAN_POINT('',(0.00587321351660965,0.001,0.00581557586952189));
#13288=CARTESIAN_POINT('',(0.00222619654005347,0.001,0.00581557586952189));
#13289=CARTESIAN_POINT('',(0.00222619654005347,0.001,0.00581557586952189));
#13290=CARTESIAN_POINT('',(0.00222619654005347,0.001,0.00675732202958656));
#13291=CARTESIAN_POINT('',(0.00222619654005347,0.001,0.00675732202958656));
#13292=CARTESIAN_POINT('',(0.00222619654005347,0.001,0.00769906818965123));
#13293=CARTESIAN_POINT('',(0.00222619654005347,0.001,0.00769906818965123));
#13294=CARTESIAN_POINT('',(0.00459855708977053,0.001,0.0108662145113974));
#13295=CARTESIAN_POINT('',(0.00459855708977053,0.001,0.0108662145113974));
#13296=CARTESIAN_POINT('',(0.00697091763948758,0.001,0.0140333608331435));
#13297=CARTESIAN_POINT('',(0.00697091763948758,0.001,0.0140333608331435));
#13298=CARTESIAN_POINT('',(0.00436911893293948,0.001,0.0140333608331435));
#13299=CARTESIAN_POINT('',(0.00436911893293948,0.001,0.0140333608331435));
#13300=CARTESIAN_POINT('',(0.00176732022639139,0.001,0.0140333608331435));
#13301=CARTESIAN_POINT('',(0.00176732022639139,0.001,0.0140333608331435));
#13302=CARTESIAN_POINT('',(0.00176732022639139,0.001,0.0149946017385599));
#13303=CARTESIAN_POINT('',(0.00176732022639139,0.001,0.0149946017385599));
#13304=CARTESIAN_POINT('',(0.000225735747814176,0.001,-0.0121241573560238));
#13305=CARTESIAN_POINT('',(-0.00376168947449787,0.001,0.0159558426439762));
#13306=CARTESIAN_POINT('',(-0.0078300928698091,0.001,0.0159558426439762));
#13307=CARTESIAN_POINT('',(-0.0078300928698091,0.001,0.0159558426439762));
#13308=CARTESIAN_POINT('',(-0.00376168947449787,0.001,0.0159558426439762));
#13309=CARTESIAN_POINT('',(0.00030671392081337,0.001,0.0159558426439762));
#13310=CARTESIAN_POINT('',(0.00030671392081337,0.001,0.0159558426439762));
#13311=CARTESIAN_POINT('',(0.00030671392081337,0.001,0.0150230940586893));
#13312=CARTESIAN_POINT('',(0.00030671392081337,0.001,0.0150230940586893));
#13313=CARTESIAN_POINT('',(0.000306713920813373,0.001,0.0140903454734022));
#13314=CARTESIAN_POINT('',(0.000306713920813373,0.001,0.0140903454734022));
#13315=CARTESIAN_POINT('',(-0.00207914299107022,0.001,0.0109037044063044));
#13316=CARTESIAN_POINT('',(-0.00207914299107022,0.001,0.0109037044063044));
#13317=CARTESIAN_POINT('',(-0.0044649999029538,0.001,0.00771706333920661));
#13318=CARTESIAN_POINT('',(-0.0044649999029538,0.001,0.00771706333920661));
#13319=CARTESIAN_POINT('',(-0.00227109125299423,0.001,0.00771706333920661));
#13320=CARTESIAN_POINT('',(-0.00227109125299423,0.001,0.00771706333920661));
#13321=CARTESIAN_POINT('',(-7.71826030346451E-5,0.001,0.00771706333920661));
#13322=CARTESIAN_POINT('',(-7.71826030346451E-5,0.001,0.00771706333920661));
#13323=CARTESIAN_POINT('',(-7.71826030346451E-5,0.001,0.00676631960436425));
#13324=CARTESIAN_POINT('',(-7.71826030346451E-5,0.001,0.00676631960436425));
#13325=CARTESIAN_POINT('',(-7.71826030346451E-5,0.001,0.00581557586952189));
#13326=CARTESIAN_POINT('',(-7.71826030346451E-5,0.001,0.00581557586952189));
#13327=CARTESIAN_POINT('',(-0.00372419957959083,0.001,0.00581557586952189));
#13328=CARTESIAN_POINT('',(-0.00372419957959083,0.001,0.00581557586952189));
#13329=CARTESIAN_POINT('',(-0.00737121655614702,0.001,0.00581557586952189));
#13330=CARTESIAN_POINT('',(-0.00737121655614702,0.001,0.00581557586952189));
#13331=CARTESIAN_POINT('',(-0.00737121655614702,0.001,0.00675732202958656));
#13332=CARTESIAN_POINT('',(-0.00737121655614702,0.001,0.00675732202958656));
#13333=CARTESIAN_POINT('',(-0.00737121655614702,0.001,0.00769906818965123));
#13334=CARTESIAN_POINT('',(-0.00737121655614702,0.001,0.00769906818965123));
#13335=CARTESIAN_POINT('',(-0.00499885600642996,0.001,0.0108662145113974));
#13336=CARTESIAN_POINT('',(-0.00499885600642996,0.001,0.0108662145113974));
#13337=CARTESIAN_POINT('',(-0.0026264954567129,0.001,0.0140333608331435));
#13338=CARTESIAN_POINT('',(-0.0026264954567129,0.001,0.0140333608331435));
#13339=CARTESIAN_POINT('',(-0.005228294163261,0.001,0.0140333608331435));
#13340=CARTESIAN_POINT('',(-0.005228294163261,0.001,0.0140333608331435));
#13341=CARTESIAN_POINT('',(-0.0078300928698091,0.001,0.0140333608331435));
#13342=CARTESIAN_POINT('',(-0.0078300928698091,0.001,0.0140333608331435));
#13343=CARTESIAN_POINT('',(-0.0078300928698091,0.001,0.0149946017385599));
#13344=CARTESIAN_POINT('',(-0.0078300928698091,0.001,0.0149946017385599));
#13345=CARTESIAN_POINT('',(0.000225735747814176,0.001,-0.0121241573560238));
#13346=CARTESIAN_POINT('',(-0.0231154728213046,0.001,0.00784003019450168));
#13347=CARTESIAN_POINT('',(-0.0230961254860104,0.001,0.00784003019450168));
#13348=CARTESIAN_POINT('',(-0.0230961254860104,0.001,0.00784003019450168));
#13349=CARTESIAN_POINT('',(-0.0231154728213046,0.001,0.00784003019450168));
#13350=CARTESIAN_POINT('',(-0.0231349675666563,0.001,0.00784003019450168));
#13351=CARTESIAN_POINT('',(-0.0231349675666563,0.001,0.00784003019450168));
#13352=CARTESIAN_POINT('',(-0.0231349675666563,0.001,0.00784003019450168));
#13353=CARTESIAN_POINT('',(-0.0231349675666563,0.,0.00784003019450168));
#13354=CARTESIAN_POINT('',(-0.0234908716356404,0.001,0.00706423930255881));
#13355=CARTESIAN_POINT('',(-0.0234908716356404,0.,0.00706423930255881));
#13356=CARTESIAN_POINT('',(-0.0239372513176668,0.001,0.00650139101368788));
#13357=CARTESIAN_POINT('',(-0.0239372513176668,0.,0.00650139101368788));
#13358=CARTESIAN_POINT('',(-0.0244741066127355,0.001,0.0061514853278889));
#13359=CARTESIAN_POINT('',(-0.0244741066127355,0.,0.0061514853278889));
#13360=CARTESIAN_POINT('',(-0.0231349675666563,0.001,0.00784003019450168));
#13361=CARTESIAN_POINT('',(-0.0236688236701324,0.001,0.00667634385658737));
#13362=CARTESIAN_POINT('',(-0.0244741066127355,0.001,0.0061514853278889));
#13363=CARTESIAN_POINT('',(-0.0244741066127355,0.001,0.0061514853278889));
#13364=CARTESIAN_POINT('',(-0.0244741066127355,0.001,0.0061514853278889));
#13365=CARTESIAN_POINT('',(-0.0244741066127355,0.001,0.0061514853278889));
#13366=CARTESIAN_POINT('',(-0.0244741066127355,0.,0.0061514853278889));
#13367=CARTESIAN_POINT('',(-0.0250109619078042,0.001,0.00580157964208993));
#13368=CARTESIAN_POINT('',(-0.0250109619078042,0.,0.00580157964208993));
#13369=CARTESIAN_POINT('',(-0.0256512893128164,0.001,0.00562662679919044));
#13370=CARTESIAN_POINT('',(-0.0256512893128164,0.,0.00562662679919044));
#13371=CARTESIAN_POINT('',(-0.0263950888277719,0.001,0.00562662679919044));
#13372=CARTESIAN_POINT('',(-0.0263950888277719,0.,0.00562662679919044));
#13373=CARTESIAN_POINT('',(-0.0244741066127355,0.001,0.0061514853278889));
#13374=CARTESIAN_POINT('',(-0.0252793895553386,0.001,0.00562662679919044));
#13375=CARTESIAN_POINT('',(-0.0263950888277719,0.001,0.00562662679919044));
#13376=CARTESIAN_POINT('',(-0.0263950888277719,0.001,0.00562662679919044));
#13377=CARTESIAN_POINT('',(-0.0263950888277719,0.001,0.00562662679919044));
#13378=CARTESIAN_POINT('',(-0.0263950888277719,0.001,0.00562662679919044));
#13379=CARTESIAN_POINT('',(-0.0263950888277719,0.,0.00562662679919044));
#13380=CARTESIAN_POINT('',(-0.027470798878971,0.001,0.00562662679919044));
#13381=CARTESIAN_POINT('',(-0.027470798878971,0.,0.00562662679919044));
#13382=CARTESIAN_POINT('',(-0.0282960764321912,0.001,0.00595803747016861));
#13383=CARTESIAN_POINT('',(-0.0282960764321912,0.,0.00595803747016861));
#13384=CARTESIAN_POINT('',(-0.0288709214874324,0.001,0.00662085881212496));
#13385=CARTESIAN_POINT('',(-0.0288709214874324,0.,0.00662085881212496));
#13386=CARTESIAN_POINT('',(-0.0263950888277719,0.001,0.00562662679919044));
#13387=CARTESIAN_POINT('',(-0.0280086539045706,0.001,0.00562662679919044));
#13388=CARTESIAN_POINT('',(-0.0288709214874324,0.001,0.00662085881212496));
#13389=CARTESIAN_POINT('',(-0.0288709214874324,0.001,0.00662085881212496));
#13390=CARTESIAN_POINT('',(-0.0288709214874324,0.001,0.00662085881212496));
#13391=CARTESIAN_POINT('',(-0.0288709214874324,0.001,0.00662085881212496));
#13392=CARTESIAN_POINT('',(-0.0288709214874324,0.,0.00662085881212496));
#13393=CARTESIAN_POINT('',(-0.0294457665426736,0.001,0.00728368015408131));
#13394=CARTESIAN_POINT('',(-0.0294457665426736,0.,0.00728368015408131));
#13395=CARTESIAN_POINT('',(-0.0297331890702941,0.001,0.00825191917321361));
#13396=CARTESIAN_POINT('',(-0.0297331890702941,0.,0.00825191917321361));
#13397=CARTESIAN_POINT('',(-0.0297331890702941,0.001,0.00952557586952188));
#13398=CARTESIAN_POINT('',(-0.0297331890702941,0.,0.00952557586952188));
#13399=CARTESIAN_POINT('',(-0.0288709214874324,0.001,0.00662085881212496));
#13400=CARTESIAN_POINT('',(-0.0297331890702941,0.001,0.00761509082505948));
#13401=CARTESIAN_POINT('',(-0.0297331890702941,0.001,0.00952557586952188));
#13402=CARTESIAN_POINT('',(-0.0297331890702941,0.001,0.00952557586952189));
#13403=CARTESIAN_POINT('',(-0.0297331890702941,0.001,0.00952557586952189));
#13404=CARTESIAN_POINT('',(-0.0297331890702941,0.001,0.012740709256749));
#13405=CARTESIAN_POINT('',(-0.0297331890702941,0.001,0.012740709256749));
#13406=CARTESIAN_POINT('',(-0.0297331890702941,0.001,0.0159558426439762));
#13407=CARTESIAN_POINT('',(-0.0297331890702941,0.001,0.0159558426439762));
#13408=CARTESIAN_POINT('',(-0.028421042748548,0.001,0.0159558426439762));
#13409=CARTESIAN_POINT('',(-0.028421042748548,0.001,0.0159558426439762));
#13410=CARTESIAN_POINT('',(-0.0271088964268018,0.001,0.0159558426439762));
#13411=CARTESIAN_POINT('',(-0.0271088964268018,0.001,0.0159558426439762));
#13412=CARTESIAN_POINT('',(-0.0271088964268018,0.001,0.0131156082058194));
#13413=CARTESIAN_POINT('',(-0.0271088964268018,0.001,0.0131156082058194));
#13414=CARTESIAN_POINT('',(-0.0271088964268018,0.001,0.0102753737676625));
#13415=CARTESIAN_POINT('',(-0.0271088964268018,0.001,0.0102753737676625));
#13416=CARTESIAN_POINT('',(-0.0271088964268018,0.001,0.0102753737676625));
#13417=CARTESIAN_POINT('',(-0.0271088964268018,0.,0.0102753737676625));
#13418=CARTESIAN_POINT('',(-0.0271088964268018,0.001,0.00849585342274204));
#13419=CARTESIAN_POINT('',(-0.0271088964268018,0.,0.00849585342274204));
#13420=CARTESIAN_POINT('',(-0.0265050591861659,0.001,0.00760609325028179));
#13421=CARTESIAN_POINT('',(-0.0265050591861659,0.,0.00760609325028179));
#13422=CARTESIAN_POINT('',(-0.025297384704894,0.001,0.00760609325028179));
#13423=CARTESIAN_POINT('',(-0.025297384704894,0.,0.00760609325028179));
#13424=CARTESIAN_POINT('',(-0.0271088964268018,0.001,0.0102753737676625));
#13425=CARTESIAN_POINT('',(-0.0271088964268018,0.001,0.00760609325028179));
#13426=CARTESIAN_POINT('',(-0.025297384704894,0.001,0.00760609325028179));
#13427=CARTESIAN_POINT('',(-0.025297384704894,0.001,0.00760609325028179));
#13428=CARTESIAN_POINT('',(-0.025297384704894,0.001,0.00760609325028179));
#13429=CARTESIAN_POINT('',(-0.025297384704894,0.001,0.00760609325028179));
#13430=CARTESIAN_POINT('',(-0.025297384704894,0.,0.00760609325028179));
#13431=CARTESIAN_POINT('',(-0.0246615560872707,0.001,0.00760609325028179));
#13432=CARTESIAN_POINT('',(-0.0246615560872707,0.,0.00760609325028179));
#13433=CARTESIAN_POINT('',(-0.024148194459677,0.001,0.00787901968520499));
#13434=CARTESIAN_POINT('',(-0.024148194459677,0.,0.00787901968520499));
#13435=CARTESIAN_POINT('',(-0.0237572998221131,0.001,0.00842487255505139));
#13436=CARTESIAN_POINT('',(-0.0237572998221131,0.,0.00842487255505139));
#13437=CARTESIAN_POINT('',(-0.025297384704894,0.001,0.00760609325028179));
#13438=CARTESIAN_POINT('',(-0.024343641778459,0.001,0.00760609325028179));
#13439=CARTESIAN_POINT('',(-0.0237572998221131,0.001,0.00842487255505139));
#13440=CARTESIAN_POINT('',(-0.0237572998221131,0.001,0.00842487255505139));
#13441=CARTESIAN_POINT('',(-0.0237572998221131,0.001,0.00842487255505139));
#13442=CARTESIAN_POINT('',(-0.0237572998221131,0.001,0.00842487255505139));
#13443=CARTESIAN_POINT('',(-0.0237572998221131,0.,0.00842487255505139));
#13444=CARTESIAN_POINT('',(-0.023366405184549,0.001,0.0089707254248978));
#13445=CARTESIAN_POINT('',(-0.023366405184549,0.,0.0089707254248978));
#13446=CARTESIAN_POINT('',(-0.0231709578657671,0.001,0.00967253625755745));
#13447=CARTESIAN_POINT('',(-0.0231709578657671,0.,0.00967253625755745));
#13448=CARTESIAN_POINT('',(-0.0231709578657671,0.001,0.0105303050530304));
#13449=CARTESIAN_POINT('',(-0.0231709578657671,0.,0.0105303050530304));
#13450=CARTESIAN_POINT('',(-0.0237572998221131,0.001,0.00842487255505139));
#13451=CARTESIAN_POINT('',(-0.0231709578657671,0.001,0.009243651859821));
#13452=CARTESIAN_POINT('',(-0.0231709578657671,0.001,0.0105303050530304));
#13453=CARTESIAN_POINT('',(-0.0231709578657671,0.001,0.0105303050530304));
#13454=CARTESIAN_POINT('',(-0.0231709578657671,0.001,0.0105303050530304));
#13455=CARTESIAN_POINT('',(-0.0231709578657671,0.001,0.0132430738485033));
#13456=CARTESIAN_POINT('',(-0.0231709578657671,0.001,0.0132430738485033));
#13457=CARTESIAN_POINT('',(-0.0231709578657671,0.001,0.0159558426439762));
#13458=CARTESIAN_POINT('',(-0.0231709578657671,0.001,0.0159558426439762));
#13459=CARTESIAN_POINT('',(-0.021854312756632,0.001,0.0159558426439762));
#13460=CARTESIAN_POINT('',(-0.021854312756632,0.001,0.0159558426439762));
#13461=CARTESIAN_POINT('',(-0.0205376676474971,0.001,0.0159558426439762));
#13462=CARTESIAN_POINT('',(-0.0205376676474971,0.001,0.0159558426439762));
#13463=CARTESIAN_POINT('',(-0.0205376676474971,0.001,0.00900071734082342));
#13464=CARTESIAN_POINT('',(-0.0205376676474971,0.001,0.00900071734082342));
#13465=CARTESIAN_POINT('',(-0.0205376676474971,0.001,0.00204559203767063));
#13466=CARTESIAN_POINT('',(-0.0205376676474971,0.001,0.00204559203767063));
#13467=CARTESIAN_POINT('',(-0.021854312756632,0.001,0.00204559203767063));
#13468=CARTESIAN_POINT('',(-0.021854312756632,0.001,0.00204559203767063));
#13469=CARTESIAN_POINT('',(-0.0231709578657671,0.001,0.00204559203767063));
#13470=CARTESIAN_POINT('',(-0.0231709578657671,0.001,0.00204559203767063));
#13471=CARTESIAN_POINT('',(-0.0231709578657671,0.001,0.00394408031576279));
#13472=CARTESIAN_POINT('',(-0.0231709578657671,0.001,0.00394408031576279));
#13473=CARTESIAN_POINT('',(-0.0231708845402283,0.000999999750000002,0.00584256866752467));
#13474=CARTESIAN_POINT('',(-0.0231709578657671,0.001,0.00584256859385495));
#13475=CARTESIAN_POINT('',(0.00287754275792865,0.001,0.00586873936406367));
#13476=CARTESIAN_POINT('',(0.00287754275792865,0.001,0.00586873936406367));
#13477=CARTESIAN_POINT('',(0.000225735747814176,0.001,-0.0121241573560238));
#13478=CARTESIAN_POINT('',(-0.0353356789652012,0.001,0.00735716034809909));
#13479=CARTESIAN_POINT('',(-0.0354856385448293,0.001,0.00275040206192285));
#13480=CARTESIAN_POINT('',(-0.0354856385448293,0.001,0.00275040206192285));
#13481=CARTESIAN_POINT('',(-0.0353356789652012,0.001,0.00735716034809909));
#13482=CARTESIAN_POINT('',(-0.035185719385573,0.001,0.0119639186342753));
#13483=CARTESIAN_POINT('',(-0.035185719385573,0.001,0.0119639186342753));
#13484=CARTESIAN_POINT('',(-0.0341075100080468,0.001,0.0119639186342753));
#13485=CARTESIAN_POINT('',(-0.0341075100080468,0.001,0.0119639186342753));
#13486=CARTESIAN_POINT('',(-0.0330293006305205,0.001,0.0119639186342753));
#13487=CARTESIAN_POINT('',(-0.0330293006305205,0.001,0.0119639186342753));
#13488=CARTESIAN_POINT('',(-0.0328793410508924,0.001,0.00735716034809909));
#13489=CARTESIAN_POINT('',(-0.0328793410508924,0.001,0.00735716034809909));
#13490=CARTESIAN_POINT('',(-0.0327293814712643,0.001,0.00275040206192286));
#13491=CARTESIAN_POINT('',(-0.0327293814712643,0.001,0.00275040206192286));
#13492=CARTESIAN_POINT('',(-0.0341075100080468,0.001,0.00275040206192286));
#13493=CARTESIAN_POINT('',(-0.0341075100080468,0.001,0.00275040206192286));
#13494=CARTESIAN_POINT('',(0.000225735747814176,0.001,-0.0121241573560238));
#13495=CARTESIAN_POINT('',(-0.0340790176879174,0.001,0.0159558426439762));
#13496=CARTESIAN_POINT('',(-0.0354286539045706,0.001,0.0159558426439762));
#13497=CARTESIAN_POINT('',(-0.0354286539045706,0.001,0.0159558426439762));
#13498=CARTESIAN_POINT('',(-0.0340790176879174,0.001,0.0159558426439762));
#13499=CARTESIAN_POINT('',(-0.0327293814712643,0.001,0.0159558426439762));
#13500=CARTESIAN_POINT('',(-0.0327293814712643,0.001,0.0159558426439762));
#13501=CARTESIAN_POINT('',(-0.0327293814712643,0.001,0.0146901837919148));
#13502=CARTESIAN_POINT('',(-0.0327293814712643,0.001,0.0146901837919148));
#13503=CARTESIAN_POINT('',(-0.0327293814712643,0.001,0.0134245249398533));
#13504=CARTESIAN_POINT('',(-0.0327293814712643,0.001,0.0134245249398533));
#13505=CARTESIAN_POINT('',(-0.0340790176879174,0.001,0.0134245249398533));
#13506=CARTESIAN_POINT('',(-0.0340790176879174,0.001,0.0134245249398533));
#13507=CARTESIAN_POINT('',(-0.0354286539045706,0.001,0.0134245249398533));
#13508=CARTESIAN_POINT('',(-0.0354286539045706,0.001,0.0134245249398533));
#13509=CARTESIAN_POINT('',(-0.0354286539045706,0.001,0.0146901837919148));
#13510=CARTESIAN_POINT('',(-0.0354286539045706,0.001,0.0146901837919148));
#13511=CARTESIAN_POINT('',(0.000225735747814176,0.001,-0.0121241573560238));
#13512=CARTESIAN_POINT('',(-0.0155440136458802,0.001,0.0141473301136609));
#13513=CARTESIAN_POINT('',(-0.0155440136458802,0.,0.0141473301136609));
#13514=CARTESIAN_POINT('',(-0.0148062125141098,0.001,0.0154789711807587));
#13515=CARTESIAN_POINT('',(-0.0148062125141098,0.,0.0154789711807587));
#13516=CARTESIAN_POINT('',(-0.0136935124332691,0.001,0.0161447917143076));
#13517=CARTESIAN_POINT('',(-0.0136935124332691,0.,0.0161447917143076));
#13518=CARTESIAN_POINT('',(-0.012205913403358,0.001,0.0161447917143076));
#13519=CARTESIAN_POINT('',(-0.012205913403358,0.,0.0161447917143076));
#13520=CARTESIAN_POINT('',(-0.0155440136458802,0.001,0.0141473301136609));
#13521=CARTESIAN_POINT('',(-0.0155440136458802,0.001,0.0141473301136609));
#13522=CARTESIAN_POINT('',(-0.0155440136458802,0.001,0.0141473301136609));
#13523=CARTESIAN_POINT('',(-0.0144373119482246,0.001,0.0161447917143076));
#13524=CARTESIAN_POINT('',(-0.012205913403358,0.001,0.0161447917143076));
#13525=CARTESIAN_POINT('',(-0.012205913403358,0.001,0.0161447917143076));
#13526=CARTESIAN_POINT('',(-0.012205913403358,0.001,0.0161447917143076));
#13527=CARTESIAN_POINT('',(-0.012205913403358,0.001,0.0161447917143076));
#13528=CARTESIAN_POINT('',(-0.012205913403358,0.,0.0161447917143076));
#13529=CARTESIAN_POINT('',(-0.0112261774831209,0.001,0.0161447917143076));
#13530=CARTESIAN_POINT('',(-0.0112261774831209,0.,0.0161447917143076));
#13531=CARTESIAN_POINT('',(-0.0104613836270174,0.001,0.0158773637973041));
#13532=CARTESIAN_POINT('',(-0.0104613836270174,0.,0.0158773637973041));
#13533=CARTESIAN_POINT('',(-0.00991153183504758,0.001,0.0153425079632972));
#13534=CARTESIAN_POINT('',(-0.00991153183504758,0.,0.0153425079632972));
#13535=CARTESIAN_POINT('',(-0.012205913403358,0.001,0.0161447917143076));
#13536=CARTESIAN_POINT('',(-0.0107363095230023,0.001,0.0161447917143076));
#13537=CARTESIAN_POINT('',(-0.00991153183504758,0.001,0.0153425079632972));
#13538=CARTESIAN_POINT('',(-0.00991153183504758,0.001,0.0153425079632972));
#13539=CARTESIAN_POINT('',(-0.00991153183504758,0.001,0.0153425079632972));
#13540=CARTESIAN_POINT('',(-0.00991153183504758,0.001,0.0153425079632972));
#13541=CARTESIAN_POINT('',(-0.00991153183504758,0.,0.0153425079632972));
#13542=CARTESIAN_POINT('',(-0.00936168004307776,0.001,0.0148076521292901));
#13543=CARTESIAN_POINT('',(-0.00936168004307776,0.,0.0148076521292901));
#13544=CARTESIAN_POINT('',(-0.00908675414709285,0.001,0.0140563546353532));
#13545=CARTESIAN_POINT('',(-0.00908675414709285,0.,0.0140563546353532));
#13546=CARTESIAN_POINT('',(-0.00908675414709285,0.001,0.0130886154814863));
#13547=CARTESIAN_POINT('',(-0.00908675414709285,0.,0.0130886154814863));
#13548=CARTESIAN_POINT('',(-0.00991153183504758,0.001,0.0153425079632972));
#13549=CARTESIAN_POINT('',(-0.00908675414709285,0.001,0.0145402242122866));
#13550=CARTESIAN_POINT('',(-0.00908675414709285,0.001,0.0130886154814863));
#13551=CARTESIAN_POINT('',(-0.00908675414709285,0.001,0.0130886154814863));
#13552=CARTESIAN_POINT('',(-0.00908675414709285,0.001,0.0130886154814863));
#13553=CARTESIAN_POINT('',(-0.00908675414709285,0.001,0.0130886154814863));
#13554=CARTESIAN_POINT('',(-0.00908675414709285,0.,0.0130886154814863));
#13555=CARTESIAN_POINT('',(-0.00908675414709285,0.001,0.0120388984240894));
#13556=CARTESIAN_POINT('',(-0.00908675414709285,0.,0.0120388984240894));
#13557=CARTESIAN_POINT('',(-0.00942866198864499,0.001,0.011239113999406));
#13558=CARTESIAN_POINT('',(-0.00942866198864499,0.,0.011239113999406));
#13559=CARTESIAN_POINT('',(-0.0101124776717493,0.001,0.0106892622074362));
#13560=CARTESIAN_POINT('',(-0.0101124776717493,0.,0.0106892622074362));
#13561=CARTESIAN_POINT('',(-0.00908675414709285,0.001,0.0130886154814863));
#13562=CARTESIAN_POINT('',(-0.00908675414709285,0.001,0.0115140398953909));
#13563=CARTESIAN_POINT('',(-0.0101124776717493,0.001,0.0106892622074362));
#13564=CARTESIAN_POINT('',(-0.0101124776717493,0.001,0.0106892622074362));
#13565=CARTESIAN_POINT('',(-0.0101124776717493,0.001,0.0106892622074362));
#13566=CARTESIAN_POINT('',(-0.0101124776717493,0.001,0.0106892622074362));
#13567=CARTESIAN_POINT('',(-0.0101124776717493,0.,0.0106892622074362));
#13568=CARTESIAN_POINT('',(-0.0107962933548536,0.001,0.0101394104154664));
#13569=CARTESIAN_POINT('',(-0.0107962933548536,0.,0.0101394104154664));
#13570=CARTESIAN_POINT('',(-0.0117880260414609,0.001,0.00985748640576548));
#13571=CARTESIAN_POINT('',(-0.0117880260414609,0.,0.00985748640576548));
#13572=CARTESIAN_POINT('',(-0.0130876757315714,0.001,0.00984349017833352));
#13573=CARTESIAN_POINT('',(-0.0130876757315714,0.,0.00984349017833352));
#13574=CARTESIAN_POINT('',(-0.0101124776717493,0.001,0.0106892622074362));
#13575=CARTESIAN_POINT('',(-0.0111382011964057,0.001,0.00986448451948146));
#13576=CARTESIAN_POINT('',(-0.0130876757315714,0.001,0.00984349017833352));
#13577=CARTESIAN_POINT('',(-0.0130876757315714,0.001,0.00984349017833352));
#13578=CARTESIAN_POINT('',(-0.0130876757315714,0.001,0.00984349017833352));
#13579=CARTESIAN_POINT('',(-0.0141793814712642,0.001,0.00982549502877815));
#13580=CARTESIAN_POINT('',(-0.0141793814712642,0.001,0.00982549502877815));
#13581=CARTESIAN_POINT('',(-0.015271087210957,0.001,0.00980749987922278));
#13582=CARTESIAN_POINT('',(-0.015271087210957,0.001,0.00980749987922278));
#13583=CARTESIAN_POINT('',(-0.015271087210957,0.001,0.00954956940226239));
#13584=CARTESIAN_POINT('',(-0.015271087210957,0.001,0.00954956940226239));
#13585=CARTESIAN_POINT('',(-0.015271087210957,0.001,0.009291638925302));
#13586=CARTESIAN_POINT('',(-0.015271087210957,0.001,0.009291638925302));
#13587=CARTESIAN_POINT('',(-0.015271087210957,0.001,0.009291638925302));
#13588=CARTESIAN_POINT('',(-0.015271087210957,0.,0.009291638925302));
#13589=CARTESIAN_POINT('',(-0.0152710872109571,0.001,0.00862981731387651));
#13590=CARTESIAN_POINT('',(-0.0152710872109571,0.,0.00862981731387651));
#13591=CARTESIAN_POINT('',(-0.0151556183346434,0.001,0.00813794989269623));
#13592=CARTESIAN_POINT('',(-0.0151556183346434,0.,0.00813794989269623));
#13593=CARTESIAN_POINT('',(-0.0149246805820161,0.001,0.00781603666176117));
#13594=CARTESIAN_POINT('',(-0.0149246805820161,0.,0.00781603666176117));
#13595=CARTESIAN_POINT('',(-0.015271087210957,0.001,0.009291638925302));
#13596=CARTESIAN_POINT('',(-0.015271087210957,0.001,0.00829890650816376));
#13597=CARTESIAN_POINT('',(-0.0149246805820161,0.001,0.00781603666176117));
#13598=CARTESIAN_POINT('',(-0.0149246805820161,0.001,0.00781603666176117));
#13599=CARTESIAN_POINT('',(-0.0149246805820161,0.001,0.00781603666176117));
#13600=CARTESIAN_POINT('',(-0.0149246805820161,0.001,0.00781603666176117));
#13601=CARTESIAN_POINT('',(-0.0149246805820161,0.,0.00781603666176117));
#13602=CARTESIAN_POINT('',(-0.0146937428293887,0.001,0.00749412343082612));
#13603=CARTESIAN_POINT('',(-0.0146937428293887,0.,0.00749412343082612));
#13604=CARTESIAN_POINT('',(-0.0143153448234604,0.001,0.00733316681535859));
#13605=CARTESIAN_POINT('',(-0.0143153448234604,0.,0.00733316681535859));
#13606=CARTESIAN_POINT('',(-0.0137894865642311,0.001,0.00733316681535859));
#13607=CARTESIAN_POINT('',(-0.0137894865642311,0.,0.00733316681535859));
#13608=CARTESIAN_POINT('',(-0.0149246805820161,0.001,0.00781603666176117));
#13609=CARTESIAN_POINT('',(-0.0145782739530751,0.001,0.00733316681535859));
#13610=CARTESIAN_POINT('',(-0.0137894865642311,0.001,0.00733316681535859));
#13611=CARTESIAN_POINT('',(-0.0137894865642311,0.001,0.00733316681535859));
#13612=CARTESIAN_POINT('',(-0.0137894865642311,0.001,0.00733316681535859));
#13613=CARTESIAN_POINT('',(-0.0137894865642311,0.001,0.00733316681535859));
#13614=CARTESIAN_POINT('',(-0.0137894865642311,0.,0.00733316681535859));
#13615=CARTESIAN_POINT('',(-0.0133036175262359,0.001,0.00733316681535859));
#13616=CARTESIAN_POINT('',(-0.0133036175262359,0.,0.00733316681535859));
#13617=CARTESIAN_POINT('',(-0.0129462138614556,0.001,0.00744413690428341));
#13618=CARTESIAN_POINT('',(-0.0129462138614556,0.,0.00744413690428341));
#13619=CARTESIAN_POINT('',(-0.0127172755698899,0.001,0.00766607708213304));
#13620=CARTESIAN_POINT('',(-0.0127172755698899,0.,0.00766607708213304));
#13621=CARTESIAN_POINT('',(-0.0137894865642311,0.001,0.00733316681535859));
#13622=CARTESIAN_POINT('',(-0.0130606830072384,0.001,0.00733316681535859));
#13623=CARTESIAN_POINT('',(-0.0127172755698899,0.001,0.00766607708213304));
#13624=CARTESIAN_POINT('',(-0.0127172755698899,0.001,0.00766607708213304));
#13625=CARTESIAN_POINT('',(-0.0127172755698899,0.001,0.00766607708213304));
#13626=CARTESIAN_POINT('',(-0.0127172755698899,0.001,0.00766607708213304));
#13627=CARTESIAN_POINT('',(-0.0127172755698899,0.,0.00766607708213304));
#13628=CARTESIAN_POINT('',(-0.0124883372783243,0.001,0.00788801725998268));
#13629=CARTESIAN_POINT('',(-0.0124883372783243,0.,0.00788801725998268));
#13630=CARTESIAN_POINT('',(-0.0123458756776776,0.001,0.00825491836480618));
#13631=CARTESIAN_POINT('',(-0.0123458756776776,0.,0.00825491836480618));
#13632=CARTESIAN_POINT('',(-0.0122898907679498,0.001,0.00876678039660353));
#13633=CARTESIAN_POINT('',(-0.0122898907679498,0.,0.00876678039660353));
#13634=CARTESIAN_POINT('',(-0.0127172755698899,0.001,0.00766607708213304));
#13635=CARTESIAN_POINT('',(-0.0123738681325415,0.001,0.0079989873489075));
#13636=CARTESIAN_POINT('',(-0.0122898907679498,0.001,0.00876678039660353));
#13637=CARTESIAN_POINT('',(-0.0122898907679498,0.001,0.00876678039660354));
#13638=CARTESIAN_POINT('',(-0.0122898907679498,0.001,0.00876678039660354));
#13639=CARTESIAN_POINT('',(-0.0109177606143523,0.001,0.00870079818156716));
#13640=CARTESIAN_POINT('',(-0.0109177606143523,0.001,0.00870079818156716));
#13641=CARTESIAN_POINT('',(-0.00954563046075494,0.001,0.00863481596653078));
#13642=CARTESIAN_POINT('',(-0.00954563046075494,0.001,0.00863481596653078));
#13643=CARTESIAN_POINT('',(-0.00954563046075494,0.001,0.00863481596653078));
#13644=CARTESIAN_POINT('',(-0.00954563046075494,0.,0.00863481596653078));
#13645=CARTESIAN_POINT('',(-0.00971358518993845,0.001,0.00764908166310852));
#13646=CARTESIAN_POINT('',(-0.00971358518993845,0.,0.00764908166310852));
#13647=CARTESIAN_POINT('',(-0.0101644636593537,0.001,0.00690128322602957));
#13648=CARTESIAN_POINT('',(-0.0101644636593537,0.,0.00690128322602957));
#13649=CARTESIAN_POINT('',(-0.0108982658690007,0.001,0.00639142065529392));
#13650=CARTESIAN_POINT('',(-0.0108982658690007,0.,0.00639142065529392));
#13651=CARTESIAN_POINT('',(-0.00954563046075494,0.001,0.00863481596653078));
#13652=CARTESIAN_POINT('',(-0.0097975625545302,0.001,0.00715621451139739));
#13653=CARTESIAN_POINT('',(-0.0108982658690007,0.001,0.00639142065529392));
#13654=CARTESIAN_POINT('',(-0.0108982658690007,0.001,0.00639142065529392));
#13655=CARTESIAN_POINT('',(-0.0108982658690007,0.001,0.00639142065529392));
#13656=CARTESIAN_POINT('',(-0.0108982658690007,0.001,0.00639142065529392));
#13657=CARTESIAN_POINT('',(-0.0108982658690007,0.,0.00639142065529392));
#13658=CARTESIAN_POINT('',(-0.0116320680786477,0.001,0.00588155808455827));
#13659=CARTESIAN_POINT('',(-0.0116320680786477,0.,0.00588155808455827));
#13660=CARTESIAN_POINT('',(-0.0126337980705636,0.001,0.00562662679919044));
#13661=CARTESIAN_POINT('',(-0.0126337980705636,0.,0.00562662679919044));
#13662=CARTESIAN_POINT('',(-0.0139034558447485,0.001,0.00562662679919044));
#13663=CARTESIAN_POINT('',(-0.0139034558447485,0.,0.00562662679919044));
#13664=CARTESIAN_POINT('',(-0.0108982658690007,0.001,0.00639142065529392));
#13665=CARTESIAN_POINT('',(-0.0119989691834712,0.001,0.00562662679919044));
#13666=CARTESIAN_POINT('',(-0.0139034558447485,0.001,0.00562662679919044));
#13667=CARTESIAN_POINT('',(-0.0139034558447485,0.001,0.00562662679919044));
#13668=CARTESIAN_POINT('',(-0.0139034558447485,0.001,0.00562662679919044));
#13669=CARTESIAN_POINT('',(-0.0139034558447485,0.001,0.00562662679919044));
#13670=CARTESIAN_POINT('',(-0.0139034558447485,0.,0.00562662679919044));
#13671=CARTESIAN_POINT('',(-0.0151831109242419,0.001,0.00562662679919044));
#13672=CARTESIAN_POINT('',(-0.0151831109242419,0.,0.00562662679919044));
#13673=CARTESIAN_POINT('',(-0.016169844958195,0.001,0.00594204178167494));
#13674=CARTESIAN_POINT('',(-0.016169844958195,0.,0.00594204178167494));
#13675=CARTESIAN_POINT('',(-0.0168636579466078,0.001,0.00657287174664395));
#13676=CARTESIAN_POINT('',(-0.0168636579466078,0.,0.00657287174664395));
#13677=CARTESIAN_POINT('',(-0.0139034558447485,0.001,0.00562662679919044));
#13678=CARTESIAN_POINT('',(-0.0158229384639886,0.001,0.00562662679919044));
#13679=CARTESIAN_POINT('',(-0.0168636579466078,0.001,0.00657287174664395));
#13680=CARTESIAN_POINT('',(-0.0168636579466078,0.001,0.00657287174664395));
#13681=CARTESIAN_POINT('',(-0.0168636579466078,0.001,0.00657287174664395));
#13682=CARTESIAN_POINT('',(-0.0168636579466078,0.001,0.00657287174664395));
#13683=CARTESIAN_POINT('',(-0.0168636579466078,0.,0.00657287174664395));
#13684=CARTESIAN_POINT('',(-0.0175574709350206,0.001,0.00720370171161296));
#13685=CARTESIAN_POINT('',(-0.0175574709350206,0.,0.00720370171161296));
#13686=CARTESIAN_POINT('',(-0.017904377429227,0.001,0.00810095986305462));
#13687=CARTESIAN_POINT('',(-0.017904377429227,0.,0.00810095986305462));
#13688=CARTESIAN_POINT('',(-0.017904377429227,0.001,0.00926464620096893));
#13689=CARTESIAN_POINT('',(-0.017904377429227,0.,0.00926464620096893));
#13690=CARTESIAN_POINT('',(-0.0168636579466078,0.001,0.00657287174664395));
#13691=CARTESIAN_POINT('',(-0.017904377429227,0.001,0.00751911669409747));
#13692=CARTESIAN_POINT('',(-0.017904377429227,0.001,0.00926464620096893));
#13693=CARTESIAN_POINT('',(-0.017904377429227,0.001,0.00926464620096893));
#13694=CARTESIAN_POINT('',(-0.017904377429227,0.001,0.00926464620096893));
#13695=CARTESIAN_POINT('',(-0.017904377429227,0.001,0.0111106486261912));
#13696=CARTESIAN_POINT('',(-0.017904377429227,0.001,0.0111106486261912));
#13697=CARTESIAN_POINT('',(-0.017904377429227,0.001,0.0129566510514136));
#13698=CARTESIAN_POINT('',(-0.017904377429227,0.001,0.0129566510514136));
#13699=CARTESIAN_POINT('',(-0.017904377429227,0.001,0.0129566510514136));
#13700=CARTESIAN_POINT('',(-0.017904377429227,0.,0.0129566510514136));
#13701=CARTESIAN_POINT('',(-0.017904377429227,0.001,0.0135244979929387));
#13702=CARTESIAN_POINT('',(-0.017904377429227,0.,0.0135244979929387));
#13703=CARTESIAN_POINT('',(-0.0179683601832017,0.001,0.0139163923610336));
#13704=CARTESIAN_POINT('',(-0.0179683601832017,0.,0.0139163923610336));
#13705=CARTESIAN_POINT('',(-0.0180963256911511,0.001,0.0141323341556981));
#13706=CARTESIAN_POINT('',(-0.0180963256911511,0.,0.0141323341556981));
#13707=CARTESIAN_POINT('',(-0.017904377429227,0.001,0.0129566510514136));
#13708=CARTESIAN_POINT('',(-0.017904377429227,0.001,0.0138084214637013));
#13709=CARTESIAN_POINT('',(-0.0180963256911511,0.001,0.0141323341556981));
#13710=CARTESIAN_POINT('',(-0.0180963256911511,0.001,0.0141323341556981));
#13711=CARTESIAN_POINT('',(-0.0180963256911511,0.001,0.0141323341556981));
#13712=CARTESIAN_POINT('',(-0.0180963256911511,0.001,0.0141323341556981));
#13713=CARTESIAN_POINT('',(-0.0180963256911511,0.,0.0141323341556981));
#13714=CARTESIAN_POINT('',(-0.0182242911991004,0.001,0.0143482759503626));
#13715=CARTESIAN_POINT('',(-0.0182242911991004,0.,0.0143482759503626));
#13716=CARTESIAN_POINT('',(-0.0184382335327032,0.001,0.0144562468476949));
#13717=CARTESIAN_POINT('',(-0.0184382335327032,0.,0.0144562468476949));
#13718=CARTESIAN_POINT('',(-0.0187381526919594,0.001,0.0144562468476949));
#13719=CARTESIAN_POINT('',(-0.0187381526919594,0.,0.0144562468476949));
#13720=CARTESIAN_POINT('',(-0.0180963256911511,0.001,0.0141323341556981));
#13721=CARTESIAN_POINT('',(-0.0182882739530751,0.001,0.0144562468476949));
#13722=CARTESIAN_POINT('',(-0.0187381526919594,0.001,0.0144562468476949));
#13723=CARTESIAN_POINT('',(-0.0187381526919594,0.001,0.0144562468476949));
#13724=CARTESIAN_POINT('',(-0.0187381526919594,0.001,0.0144562468476949));
#13725=CARTESIAN_POINT('',(-0.0187459481815578,0.001,0.0115261431313112));
#13726=CARTESIAN_POINT('',(-0.0187459481815578,0.001,0.0115261431313112));
#13727=CARTESIAN_POINT('',(-0.0193199958609166,0.001,0.0143993635907458));
#13728=CARTESIAN_POINT('',(-0.0193199958609166,0.001,0.0143993635907458));
#13729=CARTESIAN_POINT('',(-0.0193199958609166,0.001,0.0151115702106698));
#13730=CARTESIAN_POINT('',(-0.0193199958609166,0.001,0.0151115702106698));
#13731=CARTESIAN_POINT('',(-0.0193199958609166,0.001,0.0158237370927978));
#13732=CARTESIAN_POINT('',(-0.0193199958609166,0.00100000000339605,0.0158237370927978));
#13733=CARTESIAN_POINT('',(-0.0191019625247468,0.00100000000339605,0.0158772717168605));
#13734=CARTESIAN_POINT('',(-0.0191019625247468,0.001,0.0158772717168605));
#13735=CARTESIAN_POINT('',(-0.018898592249454,0.001,0.015927280302184));
#13736=CARTESIAN_POINT('',(-0.0188986094421615,0.001,0.0159273503238468));
#13737=CARTESIAN_POINT('',(-0.017899031682621,0.001,0.011905724160115));
#13738=CARTESIAN_POINT('',(-0.017899031682621,0.001,0.011905724160115));
#13739=CARTESIAN_POINT('',(-0.0185237147371207,0.0009999999,0.0160023582928015));
#13740=CARTESIAN_POINT('',(-0.0185237104930913,0.001,0.016002330113661));
#13741=CARTESIAN_POINT('',(-0.0175088776471699,0.001,0.00923227298463725));
#13742=CARTESIAN_POINT('',(-0.0175088776471699,0.001,0.00923227298463725));
#13743=CARTESIAN_POINT('',(-0.0181248265436775,0.00099999975,0.0160504231333417));
#13744=CARTESIAN_POINT('',(-0.0181248180112804,0.001,0.016050317179142));
#13745=CARTESIAN_POINT('',(-0.017668812585553,0.001,0.0106145483377761));
#13746=CARTESIAN_POINT('',(-0.017668812585553,0.001,0.0106145483377761));
#13747=CARTESIAN_POINT('',(-0.0176344501858964,0.001,0.0160698119244936));
#13748=CARTESIAN_POINT('',(-0.0176344501858964,0.001,0.0160698119244936));
#13749=CARTESIAN_POINT('',(-0.0176344501858964,0.001,0.0160698119244936));
#13750=CARTESIAN_POINT('',(-0.0176344501858964,0.,0.0160698119244936));
#13751=CARTESIAN_POINT('',(-0.0169706291134092,0.001,0.0160698119244936));
#13752=CARTESIAN_POINT('',(-0.0169706291134092,0.,0.0160698119244936));
#13753=CARTESIAN_POINT('',(-0.0164812610185561,0.001,0.0159068558479644));
#13754=CARTESIAN_POINT('',(-0.0164812610185561,0.,0.0159068558479644));
#13755=CARTESIAN_POINT('',(-0.016166345901337,0.001,0.0155809436949059));
#13756=CARTESIAN_POINT('',(-0.016166345901337,0.,0.0155809436949059));
#13757=CARTESIAN_POINT('',(-0.0176344501858964,0.001,0.0160698119244936));
#13758=CARTESIAN_POINT('',(-0.0166387185771656,0.001,0.0160698119244936));
#13759=CARTESIAN_POINT('',(-0.016166345901337,0.001,0.0155809436949059));
#13760=CARTESIAN_POINT('',(-0.016166345901337,0.001,0.0155809436949059));
#13761=CARTESIAN_POINT('',(-0.016166345901337,0.001,0.0155809436949059));
#13762=CARTESIAN_POINT('',(-0.016166345901337,0.001,0.0155809436949059));
#13763=CARTESIAN_POINT('',(-0.016166345901337,0.,0.0155809436949059));
#13764=CARTESIAN_POINT('',(-0.0158514307841179,0.001,0.0152550315418474));
#13765=CARTESIAN_POINT('',(-0.0158514307841179,0.,0.0152550315418474));
#13766=CARTESIAN_POINT('',(-0.0156619818485211,0.001,0.0147771603480991));
#13767=CARTESIAN_POINT('',(-0.0156619818485211,0.,0.0147771603480991));
#13768=CARTESIAN_POINT('',(-0.0155979990945463,0.001,0.0141473301136609));
#13769=CARTESIAN_POINT('',(-0.0155979990945463,0.,0.0141473301136609));
#13770=CARTESIAN_POINT('',(-0.016166345901337,0.001,0.0155809436949059));
#13771=CARTESIAN_POINT('',(-0.0156939732255084,0.001,0.0150920754653182));
#13772=CARTESIAN_POINT('',(-0.0155979990945463,0.001,0.0141473301136609));
#13773=CARTESIAN_POINT('',(-0.0155979990945463,0.001,0.0141473301136609));
#13774=CARTESIAN_POINT('',(-0.0155979990945463,0.001,0.0141473301136609));
#13775=CARTESIAN_POINT('',(-0.015271087210957,0.001,0.0115170390869835));
#13776=CARTESIAN_POINT('',(-0.015271087210957,0.,0.0115170390869835));
#13777=CARTESIAN_POINT('',(-0.0152709751343452,0.,0.0117749699902587));
#13778=CARTESIAN_POINT('',(-0.015271087210957,0.,0.0112591086100231));
#13779=CARTESIAN_POINT('',(-0.015271087210957,0.001,0.0117749695639439));
#13780=CARTESIAN_POINT('',(-0.0152709751343452,0.001,0.0117749699902587));
#13781=CARTESIAN_POINT('',(-0.015271087210957,0.001,0.0115170390869835));
#13782=CARTESIAN_POINT('',(-0.015271087210957,0.001,0.0112591086100231));
#13783=CARTESIAN_POINT('',(-0.015271087210957,0.001,0.0112591086100231));
#13784=CARTESIAN_POINT('',(-0.0145962691026304,0.001,0.0112696057805971));
#13785=CARTESIAN_POINT('',(-0.0145962691026304,0.,0.0112696057805971));
#13786=CARTESIAN_POINT('',(-0.0139214509943038,0.,0.011280102951171));
#13787=CARTESIAN_POINT('',(-0.0145962691026304,0.001,0.0112696057805971));
#13788=CARTESIAN_POINT('',(-0.0139214509943038,0.001,0.011280102951171));
#13789=CARTESIAN_POINT('',(-0.0139214509943038,0.001,0.011280102951171));
#13790=CARTESIAN_POINT('',(-0.0139214509943038,0.001,0.011280102951171));
#13791=CARTESIAN_POINT('',(-0.0139214509943038,0.,0.011280102951171));
#13792=CARTESIAN_POINT('',(-0.0133096159094211,0.001,0.0113040964839115));
#13793=CARTESIAN_POINT('',(-0.0133096159094211,0.,0.0113040964839115));
#13794=CARTESIAN_POINT('',(-0.0128757328590303,0.001,0.0113705785642133));
#13795=CARTESIAN_POINT('',(-0.0128757328590303,0.,0.0113705785642133));
#13796=CARTESIAN_POINT('',(-0.0126198018431317,0.001,0.0114795491920764));
#13797=CARTESIAN_POINT('',(-0.0126198018431317,0.,0.0114795491920764));
#13798=CARTESIAN_POINT('',(-0.0139214509943038,0.,0.011280102951171));
#13799=CARTESIAN_POINT('',(-0.0130036983669797,0.,0.0113160932502818));
#13800=CARTESIAN_POINT('',(-0.0126198018431317,0.,0.0114795491920764));
#13801=CARTESIAN_POINT('',(-0.0126198018431317,0.,0.0114795491920764));
#13802=CARTESIAN_POINT('',(-0.0139214509943038,0.001,0.011280102951171));
#13803=CARTESIAN_POINT('',(-0.0130036983669797,0.001,0.0113160932502818));
#13804=CARTESIAN_POINT('',(-0.0126198018431317,0.001,0.0114795491920764));
#13805=CARTESIAN_POINT('',(-0.0126198018431317,0.001,0.0114795491920764));
#13806=CARTESIAN_POINT('',(-0.0126198018431317,0.001,0.0114795491920764));
#13807=CARTESIAN_POINT('',(-0.0130757651185315,0.001,0.0126102238710942));
#13808=CARTESIAN_POINT('',(-0.0130757651185315,0.,0.0126102238710942));
#13809=CARTESIAN_POINT('',(-0.0120334598867857,0.,0.0119804141880344));
#13810=CARTESIAN_POINT('',(-0.0130757651185315,0.001,0.0126102238710942));
#13811=CARTESIAN_POINT('',(-0.0120334598867857,0.001,0.0119804141880344));
#13812=CARTESIAN_POINT('',(-0.0120334598867857,0.001,0.0119804141880344));
#13813=CARTESIAN_POINT('',(-0.0120334598867857,0.001,0.0119804141880344));
#13814=CARTESIAN_POINT('',(-0.0120334598867857,0.,0.0119804141880344));
#13815=CARTESIAN_POINT('',(-0.0118984962651203,0.001,0.0122053535574766));
#13816=CARTESIAN_POINT('',(-0.0118984962651203,0.,0.0122053535574766));
#13817=CARTESIAN_POINT('',(-0.0118310144542877,0.001,0.0125057725819983));
#13818=CARTESIAN_POINT('',(-0.0118310144542877,0.,0.0125057725819983));
#13819=CARTESIAN_POINT('',(-0.0118310144542877,0.001,0.0128816712615995));
#13820=CARTESIAN_POINT('',(-0.0118310144542877,0.,0.0128816712615995));
#13821=CARTESIAN_POINT('',(-0.0120334598867857,0.,0.0119804141880344));
#13822=CARTESIAN_POINT('',(-0.0118310144542877,0.,0.0123178232421977));
#13823=CARTESIAN_POINT('',(-0.0118310144542877,0.,0.0128816712615995));
#13824=CARTESIAN_POINT('',(-0.0118310144542877,0.,0.0128816712615995));
#13825=CARTESIAN_POINT('',(-0.0120334598867857,0.001,0.0119804141880344));
#13826=CARTESIAN_POINT('',(-0.0118310144542877,0.001,0.0123178232421977));
#13827=CARTESIAN_POINT('',(-0.0118310144542877,0.001,0.0128816712615995));
#13828=CARTESIAN_POINT('',(-0.0118310144542877,0.001,0.0128816712615995));
#13829=CARTESIAN_POINT('',(-0.0118310144542877,0.001,0.0128816712615995));
#13830=CARTESIAN_POINT('',(-0.0118310144542877,0.001,0.0128816712615995));
#13831=CARTESIAN_POINT('',(-0.0118310144542877,0.,0.0128816712615995));
#13832=CARTESIAN_POINT('',(-0.0118310144542877,0.001,0.0133635413774712));
#13833=CARTESIAN_POINT('',(-0.0118310144542877,0.,0.0133635413774712));
#13834=CARTESIAN_POINT('',(-0.0119419845432125,0.001,0.013721444907517));
#13835=CARTESIAN_POINT('',(-0.0119419845432125,0.,0.013721444907517));
#13836=CARTESIAN_POINT('',(-0.0121639247210621,0.001,0.0139553818517369));
#13837=CARTESIAN_POINT('',(-0.0121639247210621,0.,0.0139553818517369));
#13838=CARTESIAN_POINT('',(-0.0118310144542877,0.,0.0128816712615995));
#13839=CARTESIAN_POINT('',(-0.0118310144542877,0.,0.0136044764354071));
#13840=CARTESIAN_POINT('',(-0.0121639247210621,0.,0.0139553818517369));
#13841=CARTESIAN_POINT('',(-0.0121639247210621,0.,0.0139553818517369));
#13842=CARTESIAN_POINT('',(-0.0118310144542877,0.001,0.0128816712615995));
#13843=CARTESIAN_POINT('',(-0.0118310144542877,0.001,0.0136044764354071));
#13844=CARTESIAN_POINT('',(-0.0121639247210621,0.001,0.0139553818517369));
#13845=CARTESIAN_POINT('',(-0.0121639247210621,0.001,0.0139553818517369));
#13846=CARTESIAN_POINT('',(-0.0121639247210621,0.001,0.0139553818517369));
#13847=CARTESIAN_POINT('',(-0.0121639247210621,0.001,0.0139553818517369));
#13848=CARTESIAN_POINT('',(-0.0121639247210621,0.,0.0139553818517369));
#13849=CARTESIAN_POINT('',(-0.0123858648989118,0.001,0.0141893187959568));
#13850=CARTESIAN_POINT('',(-0.0123858648989118,0.,0.0141893187959568));
#13851=CARTESIAN_POINT('',(-0.0126807854055138,0.001,0.0143062872680667));
#13852=CARTESIAN_POINT('',(-0.0126807854055138,0.,0.0143062872680667));
#13853=CARTESIAN_POINT('',(-0.0130486862408681,0.001,0.0143062872680667));
#13854=CARTESIAN_POINT('',(-0.0130486862408681,0.,0.0143062872680667));
#13855=CARTESIAN_POINT('',(-0.0121639247210621,0.,0.0139553818517369));
#13856=CARTESIAN_POINT('',(-0.0124968349878366,0.,0.0143062872680667));
#13857=CARTESIAN_POINT('',(-0.0130486862408681,0.,0.0143062872680667));
#13858=CARTESIAN_POINT('',(-0.0130486862408681,0.,0.0143062872680667));
#13859=CARTESIAN_POINT('',(-0.0121639247210621,0.001,0.0139553818517369));
#13860=CARTESIAN_POINT('',(-0.0124968349878366,0.001,0.0143062872680667));
#13861=CARTESIAN_POINT('',(-0.0130486862408681,0.001,0.0143062872680667));
#13862=CARTESIAN_POINT('',(-0.0130486862408681,0.001,0.0143062872680667));
#13863=CARTESIAN_POINT('',(-0.0130486862408681,0.001,0.0143062872680667));
#13864=CARTESIAN_POINT('',(-0.0130676014521428,0.001,0.0123035050880322));
#13865=CARTESIAN_POINT('',(-0.0130676014521428,0.,0.0123035050880322));
#13866=CARTESIAN_POINT('',(-0.0141793814712642,0.,0.0139688782139035));
#13867=CARTESIAN_POINT('',(-0.0130676014521428,0.001,0.0123035050880322));
#13868=CARTESIAN_POINT('',(-0.0141793814712642,0.001,0.0139688782139035));
#13869=CARTESIAN_POINT('',(-0.0141793814712642,0.001,0.0139688782139035));
#13870=CARTESIAN_POINT('',(-0.0141793814712642,0.001,0.0139688782139035));
#13871=CARTESIAN_POINT('',(-0.0141793814712642,0.,0.0139688782139035));
#13872=CARTESIAN_POINT('',(-0.0145192898517547,0.001,0.0137439388444613));
#13873=CARTESIAN_POINT('',(-0.0145192898517547,0.,0.0137439388444613));
#13874=CARTESIAN_POINT('',(-0.0147862179034928,0.001,0.0134330226493656));
#13875=CARTESIAN_POINT('',(-0.0147862179034928,0.,0.0134330226493656));
#13876=CARTESIAN_POINT('',(-0.0149801656264785,0.001,0.0130361296286165));
#13877=CARTESIAN_POINT('',(-0.0149801656264785,0.,0.0130361296286165));
#13878=CARTESIAN_POINT('',(-0.0141793814712642,0.,0.0139688782139035));
#13879=CARTESIAN_POINT('',(-0.0146892440419999,0.,0.0136314691597402));
#13880=CARTESIAN_POINT('',(-0.0149801656264785,0.,0.0130361296286165));
#13881=CARTESIAN_POINT('',(-0.0149801656264785,0.,0.0130361296286165));
#13882=CARTESIAN_POINT('',(-0.0141793814712642,0.001,0.0139688782139035));
#13883=CARTESIAN_POINT('',(-0.0146892440419999,0.001,0.0136314691597402));
#13884=CARTESIAN_POINT('',(-0.0149801656264785,0.001,0.0130361296286165));
#13885=CARTESIAN_POINT('',(-0.0149801656264785,0.001,0.0130361296286165));
#13886=CARTESIAN_POINT('',(-0.0149801656264785,0.001,0.0130361296286165));
#13887=CARTESIAN_POINT('',(-0.0124375147915877,0.001,0.0117857478506988));
#13888=CARTESIAN_POINT('',(-0.0124375147915877,0.,0.0117857478506988));
#13889=CARTESIAN_POINT('',(-0.0124375147915877,0.001,0.0117857478506988));
#13890=CARTESIAN_POINT('',(-0.0155710063702133,0.001,0.0141473301136609));
#13891=CARTESIAN_POINT('',(-0.0155710063702133,0.001,0.0141473301136609));
#13892=CARTESIAN_POINT('',(0.000225735747814176,0.001,-0.0121241573560238));
#13893=CARTESIAN_POINT('',(0.000225735747814176,0.,-0.0121241573560238));
#13894=CARTESIAN_POINT('',(0.0236884115764318,0.001,0.010885709256749));
#13895=CARTESIAN_POINT('',(0.022356770509334,0.001,0.00581557586952188));
#13896=CARTESIAN_POINT('',(0.022356770509334,0.001,0.00581557586952188));
#13897=CARTESIAN_POINT('',(0.0236884115764318,0.001,0.010885709256749));
#13898=CARTESIAN_POINT('',(0.0250200526435296,0.001,0.0159558426439762));
#13899=CARTESIAN_POINT('',(0.0250200526435296,0.001,0.0159558426439762));
#13900=CARTESIAN_POINT('',(0.0264116775424787,0.001,0.0159558426439762));
#13901=CARTESIAN_POINT('',(0.0264116775424787,0.001,0.0159558426439762));
#13902=CARTESIAN_POINT('',(0.0278033024414278,0.001,0.0159558426439762));
#13903=CARTESIAN_POINT('',(0.0278033024414278,0.001,0.0159558426439762));
#13904=CARTESIAN_POINT('',(0.0286085853840309,0.001,0.0128621765162478));
#13905=CARTESIAN_POINT('',(0.0286085853840309,0.001,0.0128621765162478));
#13906=CARTESIAN_POINT('',(0.0294138683266339,0.001,0.00976851038851946));
#13907=CARTESIAN_POINT('',(0.0294138683266339,0.001,0.00976851038851946));
#13908=CARTESIAN_POINT('',(0.0294138683266339,0.001,0.00976851038851946));
#13909=CARTESIAN_POINT('',(0.0294138683266339,0.,0.00976851038851946));
#13910=CARTESIAN_POINT('',(0.0294898478469788,0.001,0.00948858583988028));
#13911=CARTESIAN_POINT('',(0.0294898478469788,0.,0.00948858583988028));
#13912=CARTESIAN_POINT('',(0.0296368082350144,0.001,0.00879577258199831));
#13913=CARTESIAN_POINT('',(0.0296368082350144,0.,0.00879577258199831));
#13914=CARTESIAN_POINT('',(0.0298547494907406,0.001,0.00769007061487354));
#13915=CARTESIAN_POINT('',(0.0298547494907406,0.,0.00769007061487354));
#13916=CARTESIAN_POINT('',(0.0294138683266339,0.001,0.00976851038851946));
#13917=CARTESIAN_POINT('',(0.0295278376071513,0.001,0.00934862356556069));
#13918=CARTESIAN_POINT('',(0.0298547494907406,0.001,0.00769007061487354));
#13919=CARTESIAN_POINT('',(0.0298547494907406,0.001,0.00769007061487354));
#13920=CARTESIAN_POINT('',(0.0298547494907406,0.001,0.00769007061487354));
#13921=CARTESIAN_POINT('',(0.0300991836055345,0.001,0.00873978767227047));
#13922=CARTESIAN_POINT('',(0.0300991836055345,0.001,0.00873978767227047));
#13923=CARTESIAN_POINT('',(0.0303436177203283,0.001,0.0097895047296674));
#13924=CARTESIAN_POINT('',(0.0303436177203283,0.001,0.0097895047296674));
#13925=CARTESIAN_POINT('',(0.0311593978335054,0.001,0.0128726736868218));
#13926=CARTESIAN_POINT('',(0.0311593978335054,0.001,0.0128726736868218));
#13927=CARTESIAN_POINT('',(0.0319751779466824,0.001,0.0159558426439762));
#13928=CARTESIAN_POINT('',(0.0319751779466824,0.001,0.0159558426439762));
#13929=CARTESIAN_POINT('',(0.0333668028456315,0.001,0.0159558426439762));
#13930=CARTESIAN_POINT('',(0.0333668028456315,0.001,0.0159558426439762));
#13931=CARTESIAN_POINT('',(0.0347584277445805,0.001,0.0159558426439762));
#13932=CARTESIAN_POINT('',(0.0347584277445805,0.001,0.0159558426439762));
#13933=CARTESIAN_POINT('',(0.0360705740663267,0.001,0.010885709256749));
#13934=CARTESIAN_POINT('',(0.0360705740663267,0.001,0.010885709256749));
#13935=CARTESIAN_POINT('',(0.0373827203880729,0.001,0.00581557586952189));
#13936=CARTESIAN_POINT('',(0.0373827203880729,0.001,0.00581557586952189));
#13937=CARTESIAN_POINT('',(0.0361455538561408,0.001,0.00581557586952189));
#13938=CARTESIAN_POINT('',(0.0361455538561408,0.001,0.00581557586952189));
#13939=CARTESIAN_POINT('',(0.0349083873242087,0.001,0.00581557586952189));
#13940=CARTESIAN_POINT('',(0.0349083873242087,0.001,0.00581557586952189));
#13941=CARTESIAN_POINT('',(0.03407311246568,0.001,0.00969053140711283));
#13942=CARTESIAN_POINT('',(0.03407311246568,0.001,0.00969053140711283));
#13943=CARTESIAN_POINT('',(0.0332378376071513,0.001,0.0135654869447038));
#13944=CARTESIAN_POINT('',(0.0332378376071513,0.001,0.0135654869447038));
#13945=CARTESIAN_POINT('',(0.0331733549879112,0.001,0.0132190803157628));
#13946=CARTESIAN_POINT('',(0.0331733549879112,0.001,0.0132190803157628));
#13947=CARTESIAN_POINT('',(0.0331088723686711,0.001,0.0128726736868218));
#13948=CARTESIAN_POINT('',(0.0331088723686711,0.001,0.0128726736868218));
#13949=CARTESIAN_POINT('',(0.0329919038965611,0.001,0.0123238216253828));
#13950=CARTESIAN_POINT('',(0.0329919038965611,0.001,0.0123238216253828));
#13951=CARTESIAN_POINT('',(0.0328749354244512,0.001,0.0117749695639439));
#13952=CARTESIAN_POINT('',(0.0328749354244512,0.001,0.0117749695639439));
#13953=CARTESIAN_POINT('',(0.0320771504608295,0.001,0.00879527271673288));
#13954=CARTESIAN_POINT('',(0.0320771504608295,0.001,0.00879527271673288));
#13955=CARTESIAN_POINT('',(0.0312793654972079,0.001,0.00581557586952189));
#13956=CARTESIAN_POINT('',(0.0312793654972079,0.001,0.00581557586952189));
#13957=CARTESIAN_POINT('',(0.0298697454487035,0.001,0.00581557586952189));
#13958=CARTESIAN_POINT('',(0.0298697454487035,0.001,0.00581557586952189));
#13959=CARTESIAN_POINT('',(0.028460125400199,0.001,0.00581557586952189));
#13960=CARTESIAN_POINT('',(0.028460125400199,0.001,0.00581557586952189));
#13961=CARTESIAN_POINT('',(0.027681835181929,0.001,0.00879527271673288));
#13962=CARTESIAN_POINT('',(0.027681835181929,0.001,0.00879527271673288));
#13963=CARTESIAN_POINT('',(0.0269035449636589,0.001,0.0117749695639439));
#13964=CARTESIAN_POINT('',(0.0269035449636589,0.001,0.0117749695639439));
#13965=CARTESIAN_POINT('',(0.0269035449636589,0.001,0.0117749695639439));
#13966=CARTESIAN_POINT('',(0.0269035449636589,0.,0.0117749695639439));
#13967=CARTESIAN_POINT('',(0.0268155686769438,0.001,0.0121008817170024));
#13968=CARTESIAN_POINT('',(0.0268155686769438,0.,0.0121008817170024));
#13969=CARTESIAN_POINT('',(0.0266876031689945,0.001,0.0126977208439223));
#13970=CARTESIAN_POINT('',(0.0266876031689945,0.,0.0126977208439223));
#13971=CARTESIAN_POINT('',(0.026519648439811,0.001,0.0135654869447038));
#13972=CARTESIAN_POINT('',(0.026519648439811,0.,0.0135654869447038));
#13973=CARTESIAN_POINT('',(0.0269035449636589,0.001,0.0117749695639439));
#13974=CARTESIAN_POINT('',(0.0267715805335862,0.001,0.0122638377935316));
#13975=CARTESIAN_POINT('',(0.026519648439811,0.001,0.0135654869447038));
#13976=CARTESIAN_POINT('',(0.026519648439811,0.001,0.0135654869447038));
#13977=CARTESIAN_POINT('',(0.026519648439811,0.001,0.0135654869447038));
#13978=CARTESIAN_POINT('',(0.0263876840097382,0.001,0.0129476534766359));
#13979=CARTESIAN_POINT('',(0.0263876840097382,0.001,0.0129476534766359));
#13980=CARTESIAN_POINT('',(0.0262557195796655,0.001,0.012329820008568));
#13981=CARTESIAN_POINT('',(0.0262557195796655,0.001,0.012329820008568));
#13982=CARTESIAN_POINT('',(0.0255254164268764,0.001,0.00907269793904492));
#13983=CARTESIAN_POINT('',(0.0255254164268764,0.001,0.00907269793904492));
#13984=CARTESIAN_POINT('',(0.0247951132740875,0.001,0.00581557586952189));
#13985=CARTESIAN_POINT('',(0.0247951132740875,0.001,0.00581557586952189));
#13986=CARTESIAN_POINT('',(0.0235759418917107,0.001,0.00581557586952189));
#13987=CARTESIAN_POINT('',(0.0235759418917107,0.001,0.00581557586952189));
#13988=CARTESIAN_POINT('',(0.000225735747814176,0.001,-0.0121241573560238));
#13989=MECHANICAL_DESIGN_GEOMETRIC_PRESENTATION_REPRESENTATION('',(#7974),
#13990);
#13990=(
GEOMETRIC_REPRESENTATION_CONTEXT(3)
GLOBAL_UNCERTAINTY_ASSIGNED_CONTEXT((#13991))
GLOBAL_UNIT_ASSIGNED_CONTEXT((#13994,#13993,#13992))
REPRESENTATION_CONTEXT('Part 1','TOP_LEVEL_ASSEMBLY_PART')
);
#13991=UNCERTAINTY_MEASURE_WITH_UNIT(LENGTH_MEASURE(2.E-5),#13994,
'DISTANCE_ACCURACY_VALUE','Maximum Tolerance applied to model');
#13992=(
NAMED_UNIT(*)
SI_UNIT($,.STERADIAN.)
SOLID_ANGLE_UNIT()
);
#13993=(
NAMED_UNIT(*)
PLANE_ANGLE_UNIT()
SI_UNIT($,.RADIAN.)
);
#13994=(
LENGTH_UNIT()
NAMED_UNIT(*)
SI_UNIT($,.METRE.)
);
#13995=PRODUCT_DEFINITION_SHAPE('','',#13996);
#13996=PRODUCT_DEFINITION('','',#13998,#13997);
#13997=PRODUCT_DEFINITION_CONTEXT('',#14004,'design');
#13998=PRODUCT_DEFINITION_FORMATION_WITH_SPECIFIED_SOURCE('','',#14000,
 .NOT_KNOWN.);
#13999=PRODUCT_RELATED_PRODUCT_CATEGORY('','',(#14000));
#14000=PRODUCT('Part 1','Part 1','Part 1',(#14002));
#14001=PRODUCT_CATEGORY('','');
#14002=PRODUCT_CONTEXT('',#14004,'mechanical');
#14003=APPLICATION_PROTOCOL_DEFINITION('international standard',
'ap242_managed_model_based_3d_engineering',2020,#14004);
#14004=APPLICATION_CONTEXT('managed model based 3d engineering');
ENDSEC;
END-ISO-10303-21;
