ISO-10303-21;
HEADER;
/* Generated by software containing ST-Developer
 * from STEP Tools, Inc. (www.steptools.com) 
 */
/* OPTION: using custom renumber hook */

FILE_DESCRIPTION(
/* description */ ('STEP AP242 Edition 2',
'CAx-IF Rec.Pracs.---Representation and Presentation of Product Manufa
cturing Information (PMI)---4.0---2014-10-13',
'CAx-IF Rec.Pracs.---3D Tessellated Geometry---0.4---2014-09-14','2;1',
'CAx-IF Rec.Pracs.---User Defined Attributes---1.5---2016-08-15'),
/* implementation_level */ '2;1');

FILE_NAME(
/* name */ 'Top Plate',
/* time_stamp */ '2026-10-06T20:32:27Z',
/* author */ (''),
/* organization */ (''),
/* preprocessor_version */ 'ST-DEVELOPER v20',
/* originating_system */ 'ONSHAPE BY PTC INC, 1.221',
/* authorisation */ '  ');

FILE_SCHEMA (('AP242_MANAGED_MODEL_BASED_3D_ENGINEERING_MIM_LF { 1 0 10303 442 3 1 4 }'));
ENDSEC;

DATA;
#10=SHAPE_REPRESENTATION_RELATIONSHIP('','',#1755,#11);
#11=ADVANCED_BREP_SHAPE_REPRESENTATION('',(#1753),#2929);
#12=CIRCLE('',#1759,0.004);
#13=CIRCLE('',#1760,0.004);
#14=CIRCLE('',#1763,0.004);
#15=CIRCLE('',#1764,0.004);
#16=CIRCLE('',#1767,0.004);
#17=CIRCLE('',#1768,0.004);
#18=CIRCLE('',#1771,0.004);
#19=CIRCLE('',#1772,0.004);
#20=CIRCLE('',#1780,0.0005);
#21=CIRCLE('',#1781,0.0005);
#22=CIRCLE('',#1784,0.0005);
#23=CIRCLE('',#1785,0.0005);
#24=CIRCLE('',#1788,0.0005);
#25=CIRCLE('',#1789,0.0005);
#26=CIRCLE('',#1792,0.0005);
#27=CIRCLE('',#1793,0.0005);
#28=CIRCLE('',#1795,0.0005);
#29=CIRCLE('',#1796,0.0005);
#30=CIRCLE('',#1799,0.0005);
#31=CIRCLE('',#1800,0.0005);
#32=CIRCLE('',#1803,0.0005);
#33=CIRCLE('',#1804,0.0005);
#34=CIRCLE('',#1807,0.0005);
#35=CIRCLE('',#1808,0.0005);
#36=CIRCLE('',#1810,0.0005);
#37=CIRCLE('',#1811,0.0005);
#38=CIRCLE('',#1814,0.0005);
#39=CIRCLE('',#1815,0.0005);
#40=CIRCLE('',#1818,0.0005);
#41=CIRCLE('',#1819,0.0005);
#42=CIRCLE('',#1822,0.0005);
#43=CIRCLE('',#1823,0.0005);
#44=CIRCLE('',#1825,0.0005);
#45=CIRCLE('',#1826,0.0005);
#46=CIRCLE('',#1829,0.0005);
#47=CIRCLE('',#1830,0.0005);
#48=CIRCLE('',#1833,0.0005);
#49=CIRCLE('',#1834,0.0005);
#50=CIRCLE('',#1837,0.0005);
#51=CIRCLE('',#1838,0.0005);
#52=CIRCLE('',#1840,0.0005);
#53=CIRCLE('',#1841,0.0005);
#54=CIRCLE('',#1844,0.0005);
#55=CIRCLE('',#1845,0.0005);
#56=CIRCLE('',#1848,0.0005);
#57=CIRCLE('',#1849,0.0005);
#58=CIRCLE('',#1852,0.0005);
#59=CIRCLE('',#1853,0.0005);
#60=CIRCLE('',#1855,0.0005);
#61=CIRCLE('',#1856,0.0005);
#62=CIRCLE('',#1859,0.0005);
#63=CIRCLE('',#1860,0.0005);
#64=CIRCLE('',#1863,0.0005);
#65=CIRCLE('',#1864,0.0005);
#66=CIRCLE('',#1867,0.0005);
#67=CIRCLE('',#1868,0.0005);
#68=CIRCLE('',#1870,0.0005);
#69=CIRCLE('',#1871,0.0005);
#70=CIRCLE('',#1874,0.0005);
#71=CIRCLE('',#1875,0.0005);
#72=CIRCLE('',#1878,0.0005);
#73=CIRCLE('',#1879,0.0005);
#74=CIRCLE('',#1882,0.0005);
#75=CIRCLE('',#1883,0.0005);
#76=CIRCLE('',#1885,0.0005);
#77=CIRCLE('',#1886,0.0005);
#78=CIRCLE('',#1889,0.0005);
#79=CIRCLE('',#1890,0.0005);
#80=CIRCLE('',#1893,0.0005);
#81=CIRCLE('',#1894,0.0005);
#82=CIRCLE('',#1897,0.0005);
#83=CIRCLE('',#1898,0.0005);
#84=CIRCLE('',#1900,0.00075);
#85=CIRCLE('',#1901,0.00075);
#86=CIRCLE('',#1903,0.00075);
#87=CIRCLE('',#1904,0.00075);
#88=CIRCLE('',#1906,0.00075);
#89=CIRCLE('',#1907,0.00075);
#90=CIRCLE('',#1909,0.00075);
#91=CIRCLE('',#1910,0.00075);
#92=CYLINDRICAL_SURFACE('',#1758,0.004);
#93=CYLINDRICAL_SURFACE('',#1762,0.004);
#94=CYLINDRICAL_SURFACE('',#1766,0.004);
#95=CYLINDRICAL_SURFACE('',#1770,0.004);
#96=CYLINDRICAL_SURFACE('',#1779,0.0005);
#97=CYLINDRICAL_SURFACE('',#1783,0.0005);
#98=CYLINDRICAL_SURFACE('',#1787,0.0005);
#99=CYLINDRICAL_SURFACE('',#1791,0.0005);
#100=CYLINDRICAL_SURFACE('',#1794,0.0005);
#101=CYLINDRICAL_SURFACE('',#1798,0.0005);
#102=CYLINDRICAL_SURFACE('',#1802,0.0005);
#103=CYLINDRICAL_SURFACE('',#1806,0.0005);
#104=CYLINDRICAL_SURFACE('',#1809,0.0005);
#105=CYLINDRICAL_SURFACE('',#1813,0.0005);
#106=CYLINDRICAL_SURFACE('',#1817,0.0005);
#107=CYLINDRICAL_SURFACE('',#1821,0.0005);
#108=CYLINDRICAL_SURFACE('',#1824,0.0005);
#109=CYLINDRICAL_SURFACE('',#1828,0.0005);
#110=CYLINDRICAL_SURFACE('',#1832,0.0005);
#111=CYLINDRICAL_SURFACE('',#1836,0.0005);
#112=CYLINDRICAL_SURFACE('',#1839,0.0005);
#113=CYLINDRICAL_SURFACE('',#1843,0.0005);
#114=CYLINDRICAL_SURFACE('',#1847,0.0005);
#115=CYLINDRICAL_SURFACE('',#1851,0.0005);
#116=CYLINDRICAL_SURFACE('',#1854,0.0005);
#117=CYLINDRICAL_SURFACE('',#1858,0.0005);
#118=CYLINDRICAL_SURFACE('',#1862,0.0005);
#119=CYLINDRICAL_SURFACE('',#1866,0.0005);
#120=CYLINDRICAL_SURFACE('',#1869,0.0005);
#121=CYLINDRICAL_SURFACE('',#1873,0.0005);
#122=CYLINDRICAL_SURFACE('',#1877,0.0005);
#123=CYLINDRICAL_SURFACE('',#1881,0.0005);
#124=CYLINDRICAL_SURFACE('',#1884,0.0005);
#125=CYLINDRICAL_SURFACE('',#1888,0.0005);
#126=CYLINDRICAL_SURFACE('',#1892,0.0005);
#127=CYLINDRICAL_SURFACE('',#1896,0.0005);
#128=CYLINDRICAL_SURFACE('',#1899,0.00075);
#129=CYLINDRICAL_SURFACE('',#1902,0.00075);
#130=CYLINDRICAL_SURFACE('',#1905,0.00075);
#131=CYLINDRICAL_SURFACE('',#1908,0.00075);
#132=ORIENTED_EDGE('',*,*,#628,.T.);
#133=ORIENTED_EDGE('',*,*,#629,.F.);
#134=ORIENTED_EDGE('',*,*,#630,.F.);
#135=ORIENTED_EDGE('',*,*,#631,.T.);
#136=ORIENTED_EDGE('',*,*,#632,.T.);
#137=ORIENTED_EDGE('',*,*,#633,.F.);
#138=ORIENTED_EDGE('',*,*,#634,.F.);
#139=ORIENTED_EDGE('',*,*,#629,.T.);
#140=ORIENTED_EDGE('',*,*,#635,.T.);
#141=ORIENTED_EDGE('',*,*,#636,.F.);
#142=ORIENTED_EDGE('',*,*,#637,.F.);
#143=ORIENTED_EDGE('',*,*,#633,.T.);
#144=ORIENTED_EDGE('',*,*,#638,.T.);
#145=ORIENTED_EDGE('',*,*,#639,.F.);
#146=ORIENTED_EDGE('',*,*,#640,.F.);
#147=ORIENTED_EDGE('',*,*,#636,.T.);
#148=ORIENTED_EDGE('',*,*,#641,.F.);
#149=ORIENTED_EDGE('',*,*,#642,.F.);
#150=ORIENTED_EDGE('',*,*,#643,.T.);
#151=ORIENTED_EDGE('',*,*,#639,.T.);
#152=ORIENTED_EDGE('',*,*,#644,.T.);
#153=ORIENTED_EDGE('',*,*,#645,.F.);
#154=ORIENTED_EDGE('',*,*,#646,.F.);
#155=ORIENTED_EDGE('',*,*,#642,.T.);
#156=ORIENTED_EDGE('',*,*,#647,.F.);
#157=ORIENTED_EDGE('',*,*,#648,.F.);
#158=ORIENTED_EDGE('',*,*,#649,.T.);
#159=ORIENTED_EDGE('',*,*,#645,.T.);
#160=ORIENTED_EDGE('',*,*,#650,.T.);
#161=ORIENTED_EDGE('',*,*,#651,.F.);
#162=ORIENTED_EDGE('',*,*,#652,.F.);
#163=ORIENTED_EDGE('',*,*,#648,.T.);
#164=ORIENTED_EDGE('',*,*,#653,.T.);
#165=ORIENTED_EDGE('',*,*,#654,.F.);
#166=ORIENTED_EDGE('',*,*,#655,.F.);
#167=ORIENTED_EDGE('',*,*,#651,.T.);
#168=ORIENTED_EDGE('',*,*,#656,.F.);
#169=ORIENTED_EDGE('',*,*,#657,.F.);
#170=ORIENTED_EDGE('',*,*,#658,.T.);
#171=ORIENTED_EDGE('',*,*,#654,.T.);
#172=ORIENTED_EDGE('',*,*,#659,.T.);
#173=ORIENTED_EDGE('',*,*,#660,.F.);
#174=ORIENTED_EDGE('',*,*,#661,.F.);
#175=ORIENTED_EDGE('',*,*,#657,.T.);
#176=ORIENTED_EDGE('',*,*,#662,.F.);
#177=ORIENTED_EDGE('',*,*,#663,.F.);
#178=ORIENTED_EDGE('',*,*,#664,.T.);
#179=ORIENTED_EDGE('',*,*,#665,.T.);
#180=ORIENTED_EDGE('',*,*,#666,.T.);
#181=ORIENTED_EDGE('',*,*,#667,.F.);
#182=ORIENTED_EDGE('',*,*,#668,.F.);
#183=ORIENTED_EDGE('',*,*,#663,.T.);
#184=ORIENTED_EDGE('',*,*,#669,.T.);
#185=ORIENTED_EDGE('',*,*,#670,.F.);
#186=ORIENTED_EDGE('',*,*,#671,.F.);
#187=ORIENTED_EDGE('',*,*,#667,.T.);
#188=ORIENTED_EDGE('',*,*,#672,.F.);
#189=ORIENTED_EDGE('',*,*,#673,.F.);
#190=ORIENTED_EDGE('',*,*,#674,.T.);
#191=ORIENTED_EDGE('',*,*,#675,.T.);
#192=ORIENTED_EDGE('',*,*,#676,.T.);
#193=ORIENTED_EDGE('',*,*,#677,.F.);
#194=ORIENTED_EDGE('',*,*,#678,.F.);
#195=ORIENTED_EDGE('',*,*,#673,.T.);
#196=ORIENTED_EDGE('',*,*,#679,.F.);
#197=ORIENTED_EDGE('',*,*,#680,.F.);
#198=ORIENTED_EDGE('',*,*,#681,.T.);
#199=ORIENTED_EDGE('',*,*,#677,.T.);
#200=ORIENTED_EDGE('',*,*,#682,.T.);
#201=ORIENTED_EDGE('',*,*,#683,.F.);
#202=ORIENTED_EDGE('',*,*,#684,.F.);
#203=ORIENTED_EDGE('',*,*,#680,.T.);
#204=ORIENTED_EDGE('',*,*,#685,.F.);
#205=ORIENTED_EDGE('',*,*,#686,.F.);
#206=ORIENTED_EDGE('',*,*,#687,.T.);
#207=ORIENTED_EDGE('',*,*,#683,.T.);
#208=ORIENTED_EDGE('',*,*,#688,.F.);
#209=ORIENTED_EDGE('',*,*,#689,.F.);
#210=ORIENTED_EDGE('',*,*,#690,.T.);
#211=ORIENTED_EDGE('',*,*,#686,.T.);
#212=ORIENTED_EDGE('',*,*,#691,.F.);
#213=ORIENTED_EDGE('',*,*,#692,.F.);
#214=ORIENTED_EDGE('',*,*,#693,.T.);
#215=ORIENTED_EDGE('',*,*,#689,.T.);
#216=ORIENTED_EDGE('',*,*,#694,.F.);
#217=ORIENTED_EDGE('',*,*,#695,.F.);
#218=ORIENTED_EDGE('',*,*,#696,.T.);
#219=ORIENTED_EDGE('',*,*,#697,.T.);
#220=ORIENTED_EDGE('',*,*,#698,.T.);
#221=ORIENTED_EDGE('',*,*,#699,.F.);
#222=ORIENTED_EDGE('',*,*,#700,.F.);
#223=ORIENTED_EDGE('',*,*,#695,.T.);
#224=ORIENTED_EDGE('',*,*,#701,.F.);
#225=ORIENTED_EDGE('',*,*,#702,.F.);
#226=ORIENTED_EDGE('',*,*,#703,.T.);
#227=ORIENTED_EDGE('',*,*,#699,.T.);
#228=ORIENTED_EDGE('',*,*,#704,.T.);
#229=ORIENTED_EDGE('',*,*,#705,.F.);
#230=ORIENTED_EDGE('',*,*,#706,.F.);
#231=ORIENTED_EDGE('',*,*,#702,.T.);
#232=ORIENTED_EDGE('',*,*,#707,.F.);
#233=ORIENTED_EDGE('',*,*,#708,.F.);
#234=ORIENTED_EDGE('',*,*,#709,.T.);
#235=ORIENTED_EDGE('',*,*,#705,.T.);
#236=ORIENTED_EDGE('',*,*,#710,.F.);
#237=ORIENTED_EDGE('',*,*,#711,.F.);
#238=ORIENTED_EDGE('',*,*,#712,.T.);
#239=ORIENTED_EDGE('',*,*,#708,.T.);
#240=ORIENTED_EDGE('',*,*,#713,.F.);
#241=ORIENTED_EDGE('',*,*,#714,.F.);
#242=ORIENTED_EDGE('',*,*,#715,.T.);
#243=ORIENTED_EDGE('',*,*,#711,.T.);
#244=ORIENTED_EDGE('',*,*,#716,.F.);
#245=ORIENTED_EDGE('',*,*,#717,.F.);
#246=ORIENTED_EDGE('',*,*,#718,.T.);
#247=ORIENTED_EDGE('',*,*,#719,.T.);
#248=ORIENTED_EDGE('',*,*,#720,.T.);
#249=ORIENTED_EDGE('',*,*,#721,.F.);
#250=ORIENTED_EDGE('',*,*,#722,.F.);
#251=ORIENTED_EDGE('',*,*,#717,.T.);
#252=ORIENTED_EDGE('',*,*,#723,.F.);
#253=ORIENTED_EDGE('',*,*,#724,.F.);
#254=ORIENTED_EDGE('',*,*,#725,.T.);
#255=ORIENTED_EDGE('',*,*,#721,.T.);
#256=ORIENTED_EDGE('',*,*,#726,.T.);
#257=ORIENTED_EDGE('',*,*,#727,.F.);
#258=ORIENTED_EDGE('',*,*,#728,.F.);
#259=ORIENTED_EDGE('',*,*,#724,.T.);
#260=ORIENTED_EDGE('',*,*,#729,.F.);
#261=ORIENTED_EDGE('',*,*,#730,.F.);
#262=ORIENTED_EDGE('',*,*,#731,.T.);
#263=ORIENTED_EDGE('',*,*,#727,.T.);
#264=ORIENTED_EDGE('',*,*,#732,.F.);
#265=ORIENTED_EDGE('',*,*,#733,.F.);
#266=ORIENTED_EDGE('',*,*,#734,.T.);
#267=ORIENTED_EDGE('',*,*,#730,.T.);
#268=ORIENTED_EDGE('',*,*,#735,.F.);
#269=ORIENTED_EDGE('',*,*,#736,.F.);
#270=ORIENTED_EDGE('',*,*,#737,.T.);
#271=ORIENTED_EDGE('',*,*,#733,.T.);
#272=ORIENTED_EDGE('',*,*,#738,.F.);
#273=ORIENTED_EDGE('',*,*,#739,.F.);
#274=ORIENTED_EDGE('',*,*,#740,.T.);
#275=ORIENTED_EDGE('',*,*,#741,.T.);
#276=ORIENTED_EDGE('',*,*,#742,.T.);
#277=ORIENTED_EDGE('',*,*,#743,.F.);
#278=ORIENTED_EDGE('',*,*,#744,.F.);
#279=ORIENTED_EDGE('',*,*,#739,.T.);
#280=ORIENTED_EDGE('',*,*,#745,.F.);
#281=ORIENTED_EDGE('',*,*,#746,.F.);
#282=ORIENTED_EDGE('',*,*,#747,.T.);
#283=ORIENTED_EDGE('',*,*,#743,.T.);
#284=ORIENTED_EDGE('',*,*,#748,.T.);
#285=ORIENTED_EDGE('',*,*,#749,.F.);
#286=ORIENTED_EDGE('',*,*,#750,.F.);
#287=ORIENTED_EDGE('',*,*,#746,.T.);
#288=ORIENTED_EDGE('',*,*,#751,.F.);
#289=ORIENTED_EDGE('',*,*,#752,.F.);
#290=ORIENTED_EDGE('',*,*,#753,.T.);
#291=ORIENTED_EDGE('',*,*,#749,.T.);
#292=ORIENTED_EDGE('',*,*,#754,.F.);
#293=ORIENTED_EDGE('',*,*,#755,.F.);
#294=ORIENTED_EDGE('',*,*,#756,.T.);
#295=ORIENTED_EDGE('',*,*,#752,.T.);
#296=ORIENTED_EDGE('',*,*,#757,.F.);
#297=ORIENTED_EDGE('',*,*,#758,.F.);
#298=ORIENTED_EDGE('',*,*,#759,.T.);
#299=ORIENTED_EDGE('',*,*,#755,.T.);
#300=ORIENTED_EDGE('',*,*,#760,.F.);
#301=ORIENTED_EDGE('',*,*,#761,.F.);
#302=ORIENTED_EDGE('',*,*,#762,.T.);
#303=ORIENTED_EDGE('',*,*,#763,.T.);
#304=ORIENTED_EDGE('',*,*,#764,.T.);
#305=ORIENTED_EDGE('',*,*,#765,.F.);
#306=ORIENTED_EDGE('',*,*,#766,.F.);
#307=ORIENTED_EDGE('',*,*,#761,.T.);
#308=ORIENTED_EDGE('',*,*,#767,.F.);
#309=ORIENTED_EDGE('',*,*,#768,.F.);
#310=ORIENTED_EDGE('',*,*,#769,.T.);
#311=ORIENTED_EDGE('',*,*,#765,.T.);
#312=ORIENTED_EDGE('',*,*,#770,.T.);
#313=ORIENTED_EDGE('',*,*,#771,.F.);
#314=ORIENTED_EDGE('',*,*,#772,.F.);
#315=ORIENTED_EDGE('',*,*,#768,.T.);
#316=ORIENTED_EDGE('',*,*,#773,.F.);
#317=ORIENTED_EDGE('',*,*,#774,.F.);
#318=ORIENTED_EDGE('',*,*,#775,.T.);
#319=ORIENTED_EDGE('',*,*,#771,.T.);
#320=ORIENTED_EDGE('',*,*,#776,.F.);
#321=ORIENTED_EDGE('',*,*,#777,.F.);
#322=ORIENTED_EDGE('',*,*,#778,.T.);
#323=ORIENTED_EDGE('',*,*,#774,.T.);
#324=ORIENTED_EDGE('',*,*,#779,.F.);
#325=ORIENTED_EDGE('',*,*,#780,.F.);
#326=ORIENTED_EDGE('',*,*,#781,.T.);
#327=ORIENTED_EDGE('',*,*,#777,.T.);
#328=ORIENTED_EDGE('',*,*,#782,.F.);
#329=ORIENTED_EDGE('',*,*,#783,.F.);
#330=ORIENTED_EDGE('',*,*,#784,.T.);
#331=ORIENTED_EDGE('',*,*,#785,.T.);
#332=ORIENTED_EDGE('',*,*,#786,.T.);
#333=ORIENTED_EDGE('',*,*,#787,.F.);
#334=ORIENTED_EDGE('',*,*,#788,.F.);
#335=ORIENTED_EDGE('',*,*,#783,.T.);
#336=ORIENTED_EDGE('',*,*,#789,.F.);
#337=ORIENTED_EDGE('',*,*,#790,.F.);
#338=ORIENTED_EDGE('',*,*,#791,.T.);
#339=ORIENTED_EDGE('',*,*,#787,.T.);
#340=ORIENTED_EDGE('',*,*,#792,.T.);
#341=ORIENTED_EDGE('',*,*,#793,.F.);
#342=ORIENTED_EDGE('',*,*,#794,.F.);
#343=ORIENTED_EDGE('',*,*,#790,.T.);
#344=ORIENTED_EDGE('',*,*,#795,.F.);
#345=ORIENTED_EDGE('',*,*,#796,.F.);
#346=ORIENTED_EDGE('',*,*,#797,.T.);
#347=ORIENTED_EDGE('',*,*,#793,.T.);
#348=ORIENTED_EDGE('',*,*,#798,.F.);
#349=ORIENTED_EDGE('',*,*,#799,.F.);
#350=ORIENTED_EDGE('',*,*,#800,.T.);
#351=ORIENTED_EDGE('',*,*,#796,.T.);
#352=ORIENTED_EDGE('',*,*,#801,.F.);
#353=ORIENTED_EDGE('',*,*,#802,.F.);
#354=ORIENTED_EDGE('',*,*,#803,.T.);
#355=ORIENTED_EDGE('',*,*,#799,.T.);
#356=ORIENTED_EDGE('',*,*,#804,.F.);
#357=ORIENTED_EDGE('',*,*,#805,.F.);
#358=ORIENTED_EDGE('',*,*,#806,.T.);
#359=ORIENTED_EDGE('',*,*,#807,.T.);
#360=ORIENTED_EDGE('',*,*,#808,.T.);
#361=ORIENTED_EDGE('',*,*,#809,.F.);
#362=ORIENTED_EDGE('',*,*,#810,.F.);
#363=ORIENTED_EDGE('',*,*,#805,.T.);
#364=ORIENTED_EDGE('',*,*,#811,.F.);
#365=ORIENTED_EDGE('',*,*,#812,.F.);
#366=ORIENTED_EDGE('',*,*,#813,.T.);
#367=ORIENTED_EDGE('',*,*,#809,.T.);
#368=ORIENTED_EDGE('',*,*,#814,.T.);
#369=ORIENTED_EDGE('',*,*,#815,.F.);
#370=ORIENTED_EDGE('',*,*,#816,.F.);
#371=ORIENTED_EDGE('',*,*,#812,.T.);
#372=ORIENTED_EDGE('',*,*,#817,.F.);
#373=ORIENTED_EDGE('',*,*,#818,.F.);
#374=ORIENTED_EDGE('',*,*,#819,.T.);
#375=ORIENTED_EDGE('',*,*,#815,.T.);
#376=ORIENTED_EDGE('',*,*,#820,.F.);
#377=ORIENTED_EDGE('',*,*,#821,.F.);
#378=ORIENTED_EDGE('',*,*,#822,.T.);
#379=ORIENTED_EDGE('',*,*,#818,.T.);
#380=ORIENTED_EDGE('',*,*,#823,.F.);
#381=ORIENTED_EDGE('',*,*,#824,.F.);
#382=ORIENTED_EDGE('',*,*,#825,.T.);
#383=ORIENTED_EDGE('',*,*,#821,.T.);
#384=ORIENTED_EDGE('',*,*,#826,.F.);
#385=ORIENTED_EDGE('',*,*,#827,.F.);
#386=ORIENTED_EDGE('',*,*,#828,.T.);
#387=ORIENTED_EDGE('',*,*,#829,.T.);
#388=ORIENTED_EDGE('',*,*,#830,.T.);
#389=ORIENTED_EDGE('',*,*,#831,.F.);
#390=ORIENTED_EDGE('',*,*,#832,.F.);
#391=ORIENTED_EDGE('',*,*,#827,.T.);
#392=ORIENTED_EDGE('',*,*,#833,.F.);
#393=ORIENTED_EDGE('',*,*,#834,.F.);
#394=ORIENTED_EDGE('',*,*,#835,.T.);
#395=ORIENTED_EDGE('',*,*,#831,.T.);
#396=ORIENTED_EDGE('',*,*,#836,.T.);
#397=ORIENTED_EDGE('',*,*,#837,.F.);
#398=ORIENTED_EDGE('',*,*,#838,.F.);
#399=ORIENTED_EDGE('',*,*,#834,.T.);
#400=ORIENTED_EDGE('',*,*,#839,.F.);
#401=ORIENTED_EDGE('',*,*,#840,.F.);
#402=ORIENTED_EDGE('',*,*,#841,.T.);
#403=ORIENTED_EDGE('',*,*,#837,.T.);
#404=ORIENTED_EDGE('',*,*,#842,.F.);
#405=ORIENTED_EDGE('',*,*,#843,.F.);
#406=ORIENTED_EDGE('',*,*,#844,.T.);
#407=ORIENTED_EDGE('',*,*,#840,.T.);
#408=ORIENTED_EDGE('',*,*,#845,.F.);
#409=ORIENTED_EDGE('',*,*,#846,.F.);
#410=ORIENTED_EDGE('',*,*,#847,.T.);
#411=ORIENTED_EDGE('',*,*,#843,.T.);
#412=ORIENTED_EDGE('',*,*,#848,.T.);
#413=ORIENTED_EDGE('',*,*,#849,.F.);
#414=ORIENTED_EDGE('',*,*,#850,.T.);
#415=ORIENTED_EDGE('',*,*,#851,.F.);
#416=ORIENTED_EDGE('',*,*,#852,.T.);
#417=ORIENTED_EDGE('',*,*,#853,.F.);
#418=ORIENTED_EDGE('',*,*,#854,.T.);
#419=ORIENTED_EDGE('',*,*,#855,.F.);
#420=ORIENTED_EDGE('',*,*,#856,.F.);
#421=ORIENTED_EDGE('',*,*,#665,.F.);
#422=ORIENTED_EDGE('',*,*,#857,.T.);
#423=ORIENTED_EDGE('',*,*,#670,.T.);
#424=ORIENTED_EDGE('',*,*,#858,.F.);
#425=ORIENTED_EDGE('',*,*,#675,.F.);
#426=ORIENTED_EDGE('',*,*,#859,.T.);
#427=ORIENTED_EDGE('',*,*,#692,.T.);
#428=ORIENTED_EDGE('',*,*,#860,.F.);
#429=ORIENTED_EDGE('',*,*,#697,.F.);
#430=ORIENTED_EDGE('',*,*,#861,.T.);
#431=ORIENTED_EDGE('',*,*,#714,.T.);
#432=ORIENTED_EDGE('',*,*,#862,.F.);
#433=ORIENTED_EDGE('',*,*,#719,.F.);
#434=ORIENTED_EDGE('',*,*,#863,.T.);
#435=ORIENTED_EDGE('',*,*,#736,.T.);
#436=ORIENTED_EDGE('',*,*,#864,.F.);
#437=ORIENTED_EDGE('',*,*,#741,.F.);
#438=ORIENTED_EDGE('',*,*,#865,.T.);
#439=ORIENTED_EDGE('',*,*,#758,.T.);
#440=ORIENTED_EDGE('',*,*,#866,.F.);
#441=ORIENTED_EDGE('',*,*,#763,.F.);
#442=ORIENTED_EDGE('',*,*,#867,.T.);
#443=ORIENTED_EDGE('',*,*,#780,.T.);
#444=ORIENTED_EDGE('',*,*,#868,.F.);
#445=ORIENTED_EDGE('',*,*,#785,.F.);
#446=ORIENTED_EDGE('',*,*,#869,.T.);
#447=ORIENTED_EDGE('',*,*,#802,.T.);
#448=ORIENTED_EDGE('',*,*,#870,.F.);
#449=ORIENTED_EDGE('',*,*,#807,.F.);
#450=ORIENTED_EDGE('',*,*,#871,.T.);
#451=ORIENTED_EDGE('',*,*,#824,.T.);
#452=ORIENTED_EDGE('',*,*,#872,.F.);
#453=ORIENTED_EDGE('',*,*,#829,.F.);
#454=ORIENTED_EDGE('',*,*,#873,.T.);
#455=ORIENTED_EDGE('',*,*,#846,.T.);
#456=ORIENTED_EDGE('',*,*,#874,.T.);
#457=ORIENTED_EDGE('',*,*,#631,.F.);
#458=ORIENTED_EDGE('',*,*,#875,.F.);
#459=ORIENTED_EDGE('',*,*,#660,.T.);
#460=ORIENTED_EDGE('',*,*,#828,.F.);
#461=ORIENTED_EDGE('',*,*,#832,.T.);
#462=ORIENTED_EDGE('',*,*,#835,.F.);
#463=ORIENTED_EDGE('',*,*,#838,.T.);
#464=ORIENTED_EDGE('',*,*,#841,.F.);
#465=ORIENTED_EDGE('',*,*,#844,.F.);
#466=ORIENTED_EDGE('',*,*,#847,.F.);
#467=ORIENTED_EDGE('',*,*,#873,.F.);
#468=ORIENTED_EDGE('',*,*,#806,.F.);
#469=ORIENTED_EDGE('',*,*,#810,.T.);
#470=ORIENTED_EDGE('',*,*,#813,.F.);
#471=ORIENTED_EDGE('',*,*,#816,.T.);
#472=ORIENTED_EDGE('',*,*,#819,.F.);
#473=ORIENTED_EDGE('',*,*,#822,.F.);
#474=ORIENTED_EDGE('',*,*,#825,.F.);
#475=ORIENTED_EDGE('',*,*,#871,.F.);
#476=ORIENTED_EDGE('',*,*,#784,.F.);
#477=ORIENTED_EDGE('',*,*,#788,.T.);
#478=ORIENTED_EDGE('',*,*,#791,.F.);
#479=ORIENTED_EDGE('',*,*,#794,.T.);
#480=ORIENTED_EDGE('',*,*,#797,.F.);
#481=ORIENTED_EDGE('',*,*,#800,.F.);
#482=ORIENTED_EDGE('',*,*,#803,.F.);
#483=ORIENTED_EDGE('',*,*,#869,.F.);
#484=ORIENTED_EDGE('',*,*,#762,.F.);
#485=ORIENTED_EDGE('',*,*,#766,.T.);
#486=ORIENTED_EDGE('',*,*,#769,.F.);
#487=ORIENTED_EDGE('',*,*,#772,.T.);
#488=ORIENTED_EDGE('',*,*,#775,.F.);
#489=ORIENTED_EDGE('',*,*,#778,.F.);
#490=ORIENTED_EDGE('',*,*,#781,.F.);
#491=ORIENTED_EDGE('',*,*,#867,.F.);
#492=ORIENTED_EDGE('',*,*,#740,.F.);
#493=ORIENTED_EDGE('',*,*,#744,.T.);
#494=ORIENTED_EDGE('',*,*,#747,.F.);
#495=ORIENTED_EDGE('',*,*,#750,.T.);
#496=ORIENTED_EDGE('',*,*,#753,.F.);
#497=ORIENTED_EDGE('',*,*,#756,.F.);
#498=ORIENTED_EDGE('',*,*,#759,.F.);
#499=ORIENTED_EDGE('',*,*,#865,.F.);
#500=ORIENTED_EDGE('',*,*,#718,.F.);
#501=ORIENTED_EDGE('',*,*,#722,.T.);
#502=ORIENTED_EDGE('',*,*,#725,.F.);
#503=ORIENTED_EDGE('',*,*,#728,.T.);
#504=ORIENTED_EDGE('',*,*,#731,.F.);
#505=ORIENTED_EDGE('',*,*,#734,.F.);
#506=ORIENTED_EDGE('',*,*,#737,.F.);
#507=ORIENTED_EDGE('',*,*,#863,.F.);
#508=ORIENTED_EDGE('',*,*,#696,.F.);
#509=ORIENTED_EDGE('',*,*,#700,.T.);
#510=ORIENTED_EDGE('',*,*,#703,.F.);
#511=ORIENTED_EDGE('',*,*,#706,.T.);
#512=ORIENTED_EDGE('',*,*,#709,.F.);
#513=ORIENTED_EDGE('',*,*,#712,.F.);
#514=ORIENTED_EDGE('',*,*,#715,.F.);
#515=ORIENTED_EDGE('',*,*,#861,.F.);
#516=ORIENTED_EDGE('',*,*,#674,.F.);
#517=ORIENTED_EDGE('',*,*,#678,.T.);
#518=ORIENTED_EDGE('',*,*,#681,.F.);
#519=ORIENTED_EDGE('',*,*,#684,.T.);
#520=ORIENTED_EDGE('',*,*,#687,.F.);
#521=ORIENTED_EDGE('',*,*,#690,.F.);
#522=ORIENTED_EDGE('',*,*,#693,.F.);
#523=ORIENTED_EDGE('',*,*,#859,.F.);
#524=ORIENTED_EDGE('',*,*,#664,.F.);
#525=ORIENTED_EDGE('',*,*,#668,.T.);
#526=ORIENTED_EDGE('',*,*,#671,.T.);
#527=ORIENTED_EDGE('',*,*,#857,.F.);
#528=ORIENTED_EDGE('',*,*,#854,.F.);
#529=ORIENTED_EDGE('',*,*,#852,.F.);
#530=ORIENTED_EDGE('',*,*,#850,.F.);
#531=ORIENTED_EDGE('',*,*,#848,.F.);
#532=ORIENTED_EDGE('',*,*,#630,.T.);
#533=ORIENTED_EDGE('',*,*,#634,.T.);
#534=ORIENTED_EDGE('',*,*,#637,.T.);
#535=ORIENTED_EDGE('',*,*,#640,.T.);
#536=ORIENTED_EDGE('',*,*,#643,.F.);
#537=ORIENTED_EDGE('',*,*,#646,.T.);
#538=ORIENTED_EDGE('',*,*,#649,.F.);
#539=ORIENTED_EDGE('',*,*,#652,.T.);
#540=ORIENTED_EDGE('',*,*,#655,.T.);
#541=ORIENTED_EDGE('',*,*,#658,.F.);
#542=ORIENTED_EDGE('',*,*,#661,.T.);
#543=ORIENTED_EDGE('',*,*,#875,.T.);
#544=ORIENTED_EDGE('',*,*,#826,.T.);
#545=ORIENTED_EDGE('',*,*,#872,.T.);
#546=ORIENTED_EDGE('',*,*,#845,.T.);
#547=ORIENTED_EDGE('',*,*,#842,.T.);
#548=ORIENTED_EDGE('',*,*,#839,.T.);
#549=ORIENTED_EDGE('',*,*,#836,.F.);
#550=ORIENTED_EDGE('',*,*,#833,.T.);
#551=ORIENTED_EDGE('',*,*,#830,.F.);
#552=ORIENTED_EDGE('',*,*,#804,.T.);
#553=ORIENTED_EDGE('',*,*,#870,.T.);
#554=ORIENTED_EDGE('',*,*,#823,.T.);
#555=ORIENTED_EDGE('',*,*,#820,.T.);
#556=ORIENTED_EDGE('',*,*,#817,.T.);
#557=ORIENTED_EDGE('',*,*,#814,.F.);
#558=ORIENTED_EDGE('',*,*,#811,.T.);
#559=ORIENTED_EDGE('',*,*,#808,.F.);
#560=ORIENTED_EDGE('',*,*,#782,.T.);
#561=ORIENTED_EDGE('',*,*,#868,.T.);
#562=ORIENTED_EDGE('',*,*,#801,.T.);
#563=ORIENTED_EDGE('',*,*,#798,.T.);
#564=ORIENTED_EDGE('',*,*,#795,.T.);
#565=ORIENTED_EDGE('',*,*,#792,.F.);
#566=ORIENTED_EDGE('',*,*,#789,.T.);
#567=ORIENTED_EDGE('',*,*,#786,.F.);
#568=ORIENTED_EDGE('',*,*,#760,.T.);
#569=ORIENTED_EDGE('',*,*,#866,.T.);
#570=ORIENTED_EDGE('',*,*,#779,.T.);
#571=ORIENTED_EDGE('',*,*,#776,.T.);
#572=ORIENTED_EDGE('',*,*,#773,.T.);
#573=ORIENTED_EDGE('',*,*,#770,.F.);
#574=ORIENTED_EDGE('',*,*,#767,.T.);
#575=ORIENTED_EDGE('',*,*,#764,.F.);
#576=ORIENTED_EDGE('',*,*,#738,.T.);
#577=ORIENTED_EDGE('',*,*,#864,.T.);
#578=ORIENTED_EDGE('',*,*,#757,.T.);
#579=ORIENTED_EDGE('',*,*,#754,.T.);
#580=ORIENTED_EDGE('',*,*,#751,.T.);
#581=ORIENTED_EDGE('',*,*,#748,.F.);
#582=ORIENTED_EDGE('',*,*,#745,.T.);
#583=ORIENTED_EDGE('',*,*,#742,.F.);
#584=ORIENTED_EDGE('',*,*,#716,.T.);
#585=ORIENTED_EDGE('',*,*,#862,.T.);
#586=ORIENTED_EDGE('',*,*,#735,.T.);
#587=ORIENTED_EDGE('',*,*,#732,.T.);
#588=ORIENTED_EDGE('',*,*,#729,.T.);
#589=ORIENTED_EDGE('',*,*,#726,.F.);
#590=ORIENTED_EDGE('',*,*,#723,.T.);
#591=ORIENTED_EDGE('',*,*,#720,.F.);
#592=ORIENTED_EDGE('',*,*,#694,.T.);
#593=ORIENTED_EDGE('',*,*,#860,.T.);
#594=ORIENTED_EDGE('',*,*,#713,.T.);
#595=ORIENTED_EDGE('',*,*,#710,.T.);
#596=ORIENTED_EDGE('',*,*,#707,.T.);
#597=ORIENTED_EDGE('',*,*,#704,.F.);
#598=ORIENTED_EDGE('',*,*,#701,.T.);
#599=ORIENTED_EDGE('',*,*,#698,.F.);
#600=ORIENTED_EDGE('',*,*,#672,.T.);
#601=ORIENTED_EDGE('',*,*,#858,.T.);
#602=ORIENTED_EDGE('',*,*,#691,.T.);
#603=ORIENTED_EDGE('',*,*,#688,.T.);
#604=ORIENTED_EDGE('',*,*,#685,.T.);
#605=ORIENTED_EDGE('',*,*,#682,.F.);
#606=ORIENTED_EDGE('',*,*,#679,.T.);
#607=ORIENTED_EDGE('',*,*,#676,.F.);
#608=ORIENTED_EDGE('',*,*,#662,.T.);
#609=ORIENTED_EDGE('',*,*,#856,.T.);
#610=ORIENTED_EDGE('',*,*,#669,.F.);
#611=ORIENTED_EDGE('',*,*,#666,.F.);
#612=ORIENTED_EDGE('',*,*,#855,.T.);
#613=ORIENTED_EDGE('',*,*,#853,.T.);
#614=ORIENTED_EDGE('',*,*,#851,.T.);
#615=ORIENTED_EDGE('',*,*,#849,.T.);
#616=ORIENTED_EDGE('',*,*,#628,.F.);
#617=ORIENTED_EDGE('',*,*,#874,.F.);
#618=ORIENTED_EDGE('',*,*,#659,.F.);
#619=ORIENTED_EDGE('',*,*,#656,.T.);
#620=ORIENTED_EDGE('',*,*,#653,.F.);
#621=ORIENTED_EDGE('',*,*,#650,.F.);
#622=ORIENTED_EDGE('',*,*,#647,.T.);
#623=ORIENTED_EDGE('',*,*,#644,.F.);
#624=ORIENTED_EDGE('',*,*,#641,.T.);
#625=ORIENTED_EDGE('',*,*,#638,.F.);
#626=ORIENTED_EDGE('',*,*,#635,.F.);
#627=ORIENTED_EDGE('',*,*,#632,.F.);
#628=EDGE_CURVE('',#876,#877,#1044,.T.);
#629=EDGE_CURVE('',#878,#877,#1045,.T.);
#630=EDGE_CURVE('',#879,#878,#1046,.T.);
#631=EDGE_CURVE('',#879,#876,#1047,.T.);
#632=EDGE_CURVE('',#877,#880,#12,.T.);
#633=EDGE_CURVE('',#881,#880,#1048,.T.);
#634=EDGE_CURVE('',#878,#881,#13,.T.);
#635=EDGE_CURVE('',#880,#882,#1049,.T.);
#636=EDGE_CURVE('',#883,#882,#1050,.T.);
#637=EDGE_CURVE('',#881,#883,#1051,.T.);
#638=EDGE_CURVE('',#882,#884,#14,.T.);
#639=EDGE_CURVE('',#885,#884,#1052,.T.);
#640=EDGE_CURVE('',#883,#885,#15,.T.);
#641=EDGE_CURVE('',#886,#884,#1053,.T.);
#642=EDGE_CURVE('',#887,#886,#1054,.T.);
#643=EDGE_CURVE('',#887,#885,#1055,.T.);
#644=EDGE_CURVE('',#886,#888,#16,.T.);
#645=EDGE_CURVE('',#889,#888,#1056,.T.);
#646=EDGE_CURVE('',#887,#889,#17,.T.);
#647=EDGE_CURVE('',#890,#888,#1057,.T.);
#648=EDGE_CURVE('',#891,#890,#1058,.T.);
#649=EDGE_CURVE('',#891,#889,#1059,.T.);
#650=EDGE_CURVE('',#890,#892,#18,.T.);
#651=EDGE_CURVE('',#893,#892,#1060,.T.);
#652=EDGE_CURVE('',#891,#893,#19,.T.);
#653=EDGE_CURVE('',#892,#894,#1061,.T.);
#654=EDGE_CURVE('',#895,#894,#1062,.T.);
#655=EDGE_CURVE('',#893,#895,#1063,.T.);
#656=EDGE_CURVE('',#896,#894,#1064,.T.);
#657=EDGE_CURVE('',#897,#896,#1065,.T.);
#658=EDGE_CURVE('',#897,#895,#1066,.T.);
#659=EDGE_CURVE('',#896,#898,#1067,.T.);
#660=EDGE_CURVE('',#899,#898,#1068,.T.);
#661=EDGE_CURVE('',#897,#899,#1069,.T.);
#662=EDGE_CURVE('',#900,#901,#1070,.T.);
#663=EDGE_CURVE('',#902,#900,#1071,.T.);
#664=EDGE_CURVE('',#902,#903,#1072,.T.);
#665=EDGE_CURVE('',#903,#901,#1073,.T.);
#666=EDGE_CURVE('',#900,#904,#1074,.T.);
#667=EDGE_CURVE('',#905,#904,#1075,.T.);
#668=EDGE_CURVE('',#902,#905,#1076,.T.);
#669=EDGE_CURVE('',#904,#906,#1077,.T.);
#670=EDGE_CURVE('',#907,#906,#1078,.T.);
#671=EDGE_CURVE('',#905,#907,#1079,.T.);
#672=EDGE_CURVE('',#908,#909,#20,.T.);
#673=EDGE_CURVE('',#910,#908,#1080,.T.);
#674=EDGE_CURVE('',#910,#911,#21,.T.);
#675=EDGE_CURVE('',#911,#909,#1081,.T.);
#676=EDGE_CURVE('',#908,#912,#1082,.T.);
#677=EDGE_CURVE('',#913,#912,#1083,.T.);
#678=EDGE_CURVE('',#910,#913,#1084,.T.);
#679=EDGE_CURVE('',#914,#912,#22,.T.);
#680=EDGE_CURVE('',#915,#914,#1085,.T.);
#681=EDGE_CURVE('',#915,#913,#23,.T.);
#682=EDGE_CURVE('',#914,#916,#1086,.T.);
#683=EDGE_CURVE('',#917,#916,#1087,.T.);
#684=EDGE_CURVE('',#915,#917,#1088,.T.);
#685=EDGE_CURVE('',#918,#916,#24,.T.);
#686=EDGE_CURVE('',#919,#918,#1089,.T.);
#687=EDGE_CURVE('',#919,#917,#25,.T.);
#688=EDGE_CURVE('',#920,#918,#1090,.T.);
#689=EDGE_CURVE('',#921,#920,#1091,.T.);
#690=EDGE_CURVE('',#921,#919,#1092,.T.);
#691=EDGE_CURVE('',#922,#920,#26,.T.);
#692=EDGE_CURVE('',#923,#922,#1093,.T.);
#693=EDGE_CURVE('',#923,#921,#27,.T.);
#694=EDGE_CURVE('',#924,#925,#28,.T.);
#695=EDGE_CURVE('',#926,#924,#1094,.T.);
#696=EDGE_CURVE('',#926,#927,#29,.T.);
#697=EDGE_CURVE('',#927,#925,#1095,.T.);
#698=EDGE_CURVE('',#924,#928,#1096,.T.);
#699=EDGE_CURVE('',#929,#928,#1097,.T.);
#700=EDGE_CURVE('',#926,#929,#1098,.T.);
#701=EDGE_CURVE('',#930,#928,#30,.T.);
#702=EDGE_CURVE('',#931,#930,#1099,.T.);
#703=EDGE_CURVE('',#931,#929,#31,.T.);
#704=EDGE_CURVE('',#930,#932,#1100,.T.);
#705=EDGE_CURVE('',#933,#932,#1101,.T.);
#706=EDGE_CURVE('',#931,#933,#1102,.T.);
#707=EDGE_CURVE('',#934,#932,#32,.T.);
#708=EDGE_CURVE('',#935,#934,#1103,.T.);
#709=EDGE_CURVE('',#935,#933,#33,.T.);
#710=EDGE_CURVE('',#936,#934,#1104,.T.);
#711=EDGE_CURVE('',#937,#936,#1105,.T.);
#712=EDGE_CURVE('',#937,#935,#1106,.T.);
#713=EDGE_CURVE('',#938,#936,#34,.T.);
#714=EDGE_CURVE('',#939,#938,#1107,.T.);
#715=EDGE_CURVE('',#939,#937,#35,.T.);
#716=EDGE_CURVE('',#940,#941,#36,.T.);
#717=EDGE_CURVE('',#942,#940,#1108,.T.);
#718=EDGE_CURVE('',#942,#943,#37,.T.);
#719=EDGE_CURVE('',#943,#941,#1109,.T.);
#720=EDGE_CURVE('',#940,#944,#1110,.T.);
#721=EDGE_CURVE('',#945,#944,#1111,.T.);
#722=EDGE_CURVE('',#942,#945,#1112,.T.);
#723=EDGE_CURVE('',#946,#944,#38,.T.);
#724=EDGE_CURVE('',#947,#946,#1113,.T.);
#725=EDGE_CURVE('',#947,#945,#39,.T.);
#726=EDGE_CURVE('',#946,#948,#1114,.T.);
#727=EDGE_CURVE('',#949,#948,#1115,.T.);
#728=EDGE_CURVE('',#947,#949,#1116,.T.);
#729=EDGE_CURVE('',#950,#948,#40,.T.);
#730=EDGE_CURVE('',#951,#950,#1117,.T.);
#731=EDGE_CURVE('',#951,#949,#41,.T.);
#732=EDGE_CURVE('',#952,#950,#1118,.T.);
#733=EDGE_CURVE('',#953,#952,#1119,.T.);
#734=EDGE_CURVE('',#953,#951,#1120,.T.);
#735=EDGE_CURVE('',#954,#952,#42,.T.);
#736=EDGE_CURVE('',#955,#954,#1121,.T.);
#737=EDGE_CURVE('',#955,#953,#43,.T.);
#738=EDGE_CURVE('',#956,#957,#44,.T.);
#739=EDGE_CURVE('',#958,#956,#1122,.T.);
#740=EDGE_CURVE('',#958,#959,#45,.T.);
#741=EDGE_CURVE('',#959,#957,#1123,.T.);
#742=EDGE_CURVE('',#956,#960,#1124,.T.);
#743=EDGE_CURVE('',#961,#960,#1125,.T.);
#744=EDGE_CURVE('',#958,#961,#1126,.T.);
#745=EDGE_CURVE('',#962,#960,#46,.T.);
#746=EDGE_CURVE('',#963,#962,#1127,.T.);
#747=EDGE_CURVE('',#963,#961,#47,.T.);
#748=EDGE_CURVE('',#962,#964,#1128,.T.);
#749=EDGE_CURVE('',#965,#964,#1129,.T.);
#750=EDGE_CURVE('',#963,#965,#1130,.T.);
#751=EDGE_CURVE('',#966,#964,#48,.T.);
#752=EDGE_CURVE('',#967,#966,#1131,.T.);
#753=EDGE_CURVE('',#967,#965,#49,.T.);
#754=EDGE_CURVE('',#968,#966,#1132,.T.);
#755=EDGE_CURVE('',#969,#968,#1133,.T.);
#756=EDGE_CURVE('',#969,#967,#1134,.T.);
#757=EDGE_CURVE('',#970,#968,#50,.T.);
#758=EDGE_CURVE('',#971,#970,#1135,.T.);
#759=EDGE_CURVE('',#971,#969,#51,.T.);
#760=EDGE_CURVE('',#972,#973,#52,.T.);
#761=EDGE_CURVE('',#974,#972,#1136,.T.);
#762=EDGE_CURVE('',#974,#975,#53,.T.);
#763=EDGE_CURVE('',#975,#973,#1137,.T.);
#764=EDGE_CURVE('',#972,#976,#1138,.T.);
#765=EDGE_CURVE('',#977,#976,#1139,.T.);
#766=EDGE_CURVE('',#974,#977,#1140,.T.);
#767=EDGE_CURVE('',#978,#976,#54,.T.);
#768=EDGE_CURVE('',#979,#978,#1141,.T.);
#769=EDGE_CURVE('',#979,#977,#55,.T.);
#770=EDGE_CURVE('',#978,#980,#1142,.T.);
#771=EDGE_CURVE('',#981,#980,#1143,.T.);
#772=EDGE_CURVE('',#979,#981,#1144,.T.);
#773=EDGE_CURVE('',#982,#980,#56,.T.);
#774=EDGE_CURVE('',#983,#982,#1145,.T.);
#775=EDGE_CURVE('',#983,#981,#57,.T.);
#776=EDGE_CURVE('',#984,#982,#1146,.T.);
#777=EDGE_CURVE('',#985,#984,#1147,.T.);
#778=EDGE_CURVE('',#985,#983,#1148,.T.);
#779=EDGE_CURVE('',#986,#984,#58,.T.);
#780=EDGE_CURVE('',#987,#986,#1149,.T.);
#781=EDGE_CURVE('',#987,#985,#59,.T.);
#782=EDGE_CURVE('',#988,#989,#60,.T.);
#783=EDGE_CURVE('',#990,#988,#1150,.T.);
#784=EDGE_CURVE('',#990,#991,#61,.T.);
#785=EDGE_CURVE('',#991,#989,#1151,.T.);
#786=EDGE_CURVE('',#988,#992,#1152,.T.);
#787=EDGE_CURVE('',#993,#992,#1153,.T.);
#788=EDGE_CURVE('',#990,#993,#1154,.T.);
#789=EDGE_CURVE('',#994,#992,#62,.T.);
#790=EDGE_CURVE('',#995,#994,#1155,.T.);
#791=EDGE_CURVE('',#995,#993,#63,.T.);
#792=EDGE_CURVE('',#994,#996,#1156,.T.);
#793=EDGE_CURVE('',#997,#996,#1157,.T.);
#794=EDGE_CURVE('',#995,#997,#1158,.T.);
#795=EDGE_CURVE('',#998,#996,#64,.T.);
#796=EDGE_CURVE('',#999,#998,#1159,.T.);
#797=EDGE_CURVE('',#999,#997,#65,.T.);
#798=EDGE_CURVE('',#1000,#998,#1160,.T.);
#799=EDGE_CURVE('',#1001,#1000,#1161,.T.);
#800=EDGE_CURVE('',#1001,#999,#1162,.T.);
#801=EDGE_CURVE('',#1002,#1000,#66,.T.);
#802=EDGE_CURVE('',#1003,#1002,#1163,.T.);
#803=EDGE_CURVE('',#1003,#1001,#67,.T.);
#804=EDGE_CURVE('',#1004,#1005,#68,.T.);
#805=EDGE_CURVE('',#1006,#1004,#1164,.T.);
#806=EDGE_CURVE('',#1006,#1007,#69,.T.);
#807=EDGE_CURVE('',#1007,#1005,#1165,.T.);
#808=EDGE_CURVE('',#1004,#1008,#1166,.T.);
#809=EDGE_CURVE('',#1009,#1008,#1167,.T.);
#810=EDGE_CURVE('',#1006,#1009,#1168,.T.);
#811=EDGE_CURVE('',#1010,#1008,#70,.T.);
#812=EDGE_CURVE('',#1011,#1010,#1169,.T.);
#813=EDGE_CURVE('',#1011,#1009,#71,.T.);
#814=EDGE_CURVE('',#1010,#1012,#1170,.T.);
#815=EDGE_CURVE('',#1013,#1012,#1171,.T.);
#816=EDGE_CURVE('',#1011,#1013,#1172,.T.);
#817=EDGE_CURVE('',#1014,#1012,#72,.T.);
#818=EDGE_CURVE('',#1015,#1014,#1173,.T.);
#819=EDGE_CURVE('',#1015,#1013,#73,.T.);
#820=EDGE_CURVE('',#1016,#1014,#1174,.T.);
#821=EDGE_CURVE('',#1017,#1016,#1175,.T.);
#822=EDGE_CURVE('',#1017,#1015,#1176,.T.);
#823=EDGE_CURVE('',#1018,#1016,#74,.T.);
#824=EDGE_CURVE('',#1019,#1018,#1177,.T.);
#825=EDGE_CURVE('',#1019,#1017,#75,.T.);
#826=EDGE_CURVE('',#1020,#1021,#76,.T.);
#827=EDGE_CURVE('',#1022,#1020,#1178,.T.);
#828=EDGE_CURVE('',#1022,#1023,#77,.T.);
#829=EDGE_CURVE('',#1023,#1021,#1179,.T.);
#830=EDGE_CURVE('',#1020,#1024,#1180,.T.);
#831=EDGE_CURVE('',#1025,#1024,#1181,.T.);
#832=EDGE_CURVE('',#1022,#1025,#1182,.T.);
#833=EDGE_CURVE('',#1026,#1024,#78,.T.);
#834=EDGE_CURVE('',#1027,#1026,#1183,.T.);
#835=EDGE_CURVE('',#1027,#1025,#79,.T.);
#836=EDGE_CURVE('',#1026,#1028,#1184,.T.);
#837=EDGE_CURVE('',#1029,#1028,#1185,.T.);
#838=EDGE_CURVE('',#1027,#1029,#1186,.T.);
#839=EDGE_CURVE('',#1030,#1028,#80,.T.);
#840=EDGE_CURVE('',#1031,#1030,#1187,.T.);
#841=EDGE_CURVE('',#1031,#1029,#81,.T.);
#842=EDGE_CURVE('',#1032,#1030,#1188,.T.);
#843=EDGE_CURVE('',#1033,#1032,#1189,.T.);
#844=EDGE_CURVE('',#1033,#1031,#1190,.T.);
#845=EDGE_CURVE('',#1034,#1032,#82,.T.);
#846=EDGE_CURVE('',#1035,#1034,#1191,.T.);
#847=EDGE_CURVE('',#1035,#1033,#83,.T.);
#848=EDGE_CURVE('',#1036,#1036,#84,.T.);
#849=EDGE_CURVE('',#1037,#1037,#85,.T.);
#850=EDGE_CURVE('',#1038,#1038,#86,.T.);
#851=EDGE_CURVE('',#1039,#1039,#87,.T.);
#852=EDGE_CURVE('',#1040,#1040,#88,.T.);
#853=EDGE_CURVE('',#1041,#1041,#89,.T.);
#854=EDGE_CURVE('',#1042,#1042,#90,.T.);
#855=EDGE_CURVE('',#1043,#1043,#91,.T.);
#856=EDGE_CURVE('',#901,#906,#1192,.T.);
#857=EDGE_CURVE('',#903,#907,#1193,.T.);
#858=EDGE_CURVE('',#909,#922,#1194,.T.);
#859=EDGE_CURVE('',#911,#923,#1195,.T.);
#860=EDGE_CURVE('',#925,#938,#1196,.T.);
#861=EDGE_CURVE('',#927,#939,#1197,.T.);
#862=EDGE_CURVE('',#941,#954,#1198,.T.);
#863=EDGE_CURVE('',#943,#955,#1199,.T.);
#864=EDGE_CURVE('',#957,#970,#1200,.T.);
#865=EDGE_CURVE('',#959,#971,#1201,.T.);
#866=EDGE_CURVE('',#973,#986,#1202,.T.);
#867=EDGE_CURVE('',#975,#987,#1203,.T.);
#868=EDGE_CURVE('',#989,#1002,#1204,.T.);
#869=EDGE_CURVE('',#991,#1003,#1205,.T.);
#870=EDGE_CURVE('',#1005,#1018,#1206,.T.);
#871=EDGE_CURVE('',#1007,#1019,#1207,.T.);
#872=EDGE_CURVE('',#1021,#1034,#1208,.T.);
#873=EDGE_CURVE('',#1023,#1035,#1209,.T.);
#874=EDGE_CURVE('',#898,#876,#1210,.T.);
#875=EDGE_CURVE('',#899,#879,#1211,.T.);
#876=VERTEX_POINT('',#2428);
#877=VERTEX_POINT('',#2429);
#878=VERTEX_POINT('',#2431);
#879=VERTEX_POINT('',#2433);
#880=VERTEX_POINT('',#2437);
#881=VERTEX_POINT('',#2439);
#882=VERTEX_POINT('',#2443);
#883=VERTEX_POINT('',#2445);
#884=VERTEX_POINT('',#2449);
#885=VERTEX_POINT('',#2451);
#886=VERTEX_POINT('',#2455);
#887=VERTEX_POINT('',#2457);
#888=VERTEX_POINT('',#2461);
#889=VERTEX_POINT('',#2463);
#890=VERTEX_POINT('',#2467);
#891=VERTEX_POINT('',#2469);
#892=VERTEX_POINT('',#2473);
#893=VERTEX_POINT('',#2475);
#894=VERTEX_POINT('',#2479);
#895=VERTEX_POINT('',#2481);
#896=VERTEX_POINT('',#2485);
#897=VERTEX_POINT('',#2487);
#898=VERTEX_POINT('',#2491);
#899=VERTEX_POINT('',#2493);
#900=VERTEX_POINT('',#2497);
#901=VERTEX_POINT('',#2498);
#902=VERTEX_POINT('',#2500);
#903=VERTEX_POINT('',#2502);
#904=VERTEX_POINT('',#2506);
#905=VERTEX_POINT('',#2508);
#906=VERTEX_POINT('',#2512);
#907=VERTEX_POINT('',#2514);
#908=VERTEX_POINT('',#2518);
#909=VERTEX_POINT('',#2519);
#910=VERTEX_POINT('',#2521);
#911=VERTEX_POINT('',#2523);
#912=VERTEX_POINT('',#2527);
#913=VERTEX_POINT('',#2529);
#914=VERTEX_POINT('',#2533);
#915=VERTEX_POINT('',#2535);
#916=VERTEX_POINT('',#2539);
#917=VERTEX_POINT('',#2541);
#918=VERTEX_POINT('',#2545);
#919=VERTEX_POINT('',#2547);
#920=VERTEX_POINT('',#2551);
#921=VERTEX_POINT('',#2553);
#922=VERTEX_POINT('',#2557);
#923=VERTEX_POINT('',#2559);
#924=VERTEX_POINT('',#2563);
#925=VERTEX_POINT('',#2564);
#926=VERTEX_POINT('',#2566);
#927=VERTEX_POINT('',#2568);
#928=VERTEX_POINT('',#2572);
#929=VERTEX_POINT('',#2574);
#930=VERTEX_POINT('',#2578);
#931=VERTEX_POINT('',#2580);
#932=VERTEX_POINT('',#2584);
#933=VERTEX_POINT('',#2586);
#934=VERTEX_POINT('',#2590);
#935=VERTEX_POINT('',#2592);
#936=VERTEX_POINT('',#2596);
#937=VERTEX_POINT('',#2598);
#938=VERTEX_POINT('',#2602);
#939=VERTEX_POINT('',#2604);
#940=VERTEX_POINT('',#2608);
#941=VERTEX_POINT('',#2609);
#942=VERTEX_POINT('',#2611);
#943=VERTEX_POINT('',#2613);
#944=VERTEX_POINT('',#2617);
#945=VERTEX_POINT('',#2619);
#946=VERTEX_POINT('',#2623);
#947=VERTEX_POINT('',#2625);
#948=VERTEX_POINT('',#2629);
#949=VERTEX_POINT('',#2631);
#950=VERTEX_POINT('',#2635);
#951=VERTEX_POINT('',#2637);
#952=VERTEX_POINT('',#2641);
#953=VERTEX_POINT('',#2643);
#954=VERTEX_POINT('',#2647);
#955=VERTEX_POINT('',#2649);
#956=VERTEX_POINT('',#2653);
#957=VERTEX_POINT('',#2654);
#958=VERTEX_POINT('',#2656);
#959=VERTEX_POINT('',#2658);
#960=VERTEX_POINT('',#2662);
#961=VERTEX_POINT('',#2664);
#962=VERTEX_POINT('',#2668);
#963=VERTEX_POINT('',#2670);
#964=VERTEX_POINT('',#2674);
#965=VERTEX_POINT('',#2676);
#966=VERTEX_POINT('',#2680);
#967=VERTEX_POINT('',#2682);
#968=VERTEX_POINT('',#2686);
#969=VERTEX_POINT('',#2688);
#970=VERTEX_POINT('',#2692);
#971=VERTEX_POINT('',#2694);
#972=VERTEX_POINT('',#2698);
#973=VERTEX_POINT('',#2699);
#974=VERTEX_POINT('',#2701);
#975=VERTEX_POINT('',#2703);
#976=VERTEX_POINT('',#2707);
#977=VERTEX_POINT('',#2709);
#978=VERTEX_POINT('',#2713);
#979=VERTEX_POINT('',#2715);
#980=VERTEX_POINT('',#2719);
#981=VERTEX_POINT('',#2721);
#982=VERTEX_POINT('',#2725);
#983=VERTEX_POINT('',#2727);
#984=VERTEX_POINT('',#2731);
#985=VERTEX_POINT('',#2733);
#986=VERTEX_POINT('',#2737);
#987=VERTEX_POINT('',#2739);
#988=VERTEX_POINT('',#2743);
#989=VERTEX_POINT('',#2744);
#990=VERTEX_POINT('',#2746);
#991=VERTEX_POINT('',#2748);
#992=VERTEX_POINT('',#2752);
#993=VERTEX_POINT('',#2754);
#994=VERTEX_POINT('',#2758);
#995=VERTEX_POINT('',#2760);
#996=VERTEX_POINT('',#2764);
#997=VERTEX_POINT('',#2766);
#998=VERTEX_POINT('',#2770);
#999=VERTEX_POINT('',#2772);
#1000=VERTEX_POINT('',#2776);
#1001=VERTEX_POINT('',#2778);
#1002=VERTEX_POINT('',#2782);
#1003=VERTEX_POINT('',#2784);
#1004=VERTEX_POINT('',#2788);
#1005=VERTEX_POINT('',#2789);
#1006=VERTEX_POINT('',#2791);
#1007=VERTEX_POINT('',#2793);
#1008=VERTEX_POINT('',#2797);
#1009=VERTEX_POINT('',#2799);
#1010=VERTEX_POINT('',#2803);
#1011=VERTEX_POINT('',#2805);
#1012=VERTEX_POINT('',#2809);
#1013=VERTEX_POINT('',#2811);
#1014=VERTEX_POINT('',#2815);
#1015=VERTEX_POINT('',#2817);
#1016=VERTEX_POINT('',#2821);
#1017=VERTEX_POINT('',#2823);
#1018=VERTEX_POINT('',#2827);
#1019=VERTEX_POINT('',#2829);
#1020=VERTEX_POINT('',#2833);
#1021=VERTEX_POINT('',#2834);
#1022=VERTEX_POINT('',#2836);
#1023=VERTEX_POINT('',#2838);
#1024=VERTEX_POINT('',#2842);
#1025=VERTEX_POINT('',#2844);
#1026=VERTEX_POINT('',#2848);
#1027=VERTEX_POINT('',#2850);
#1028=VERTEX_POINT('',#2854);
#1029=VERTEX_POINT('',#2856);
#1030=VERTEX_POINT('',#2860);
#1031=VERTEX_POINT('',#2862);
#1032=VERTEX_POINT('',#2866);
#1033=VERTEX_POINT('',#2868);
#1034=VERTEX_POINT('',#2872);
#1035=VERTEX_POINT('',#2874);
#1036=VERTEX_POINT('',#2878);
#1037=VERTEX_POINT('',#2880);
#1038=VERTEX_POINT('',#2883);
#1039=VERTEX_POINT('',#2885);
#1040=VERTEX_POINT('',#2888);
#1041=VERTEX_POINT('',#2890);
#1042=VERTEX_POINT('',#2893);
#1043=VERTEX_POINT('',#2895);
#1044=LINE('',#2427,#1212);
#1045=LINE('',#2430,#1213);
#1046=LINE('',#2432,#1214);
#1047=LINE('',#2434,#1215);
#1048=LINE('',#2438,#1216);
#1049=LINE('',#2442,#1217);
#1050=LINE('',#2444,#1218);
#1051=LINE('',#2446,#1219);
#1052=LINE('',#2450,#1220);
#1053=LINE('',#2454,#1221);
#1054=LINE('',#2456,#1222);
#1055=LINE('',#2458,#1223);
#1056=LINE('',#2462,#1224);
#1057=LINE('',#2466,#1225);
#1058=LINE('',#2468,#1226);
#1059=LINE('',#2470,#1227);
#1060=LINE('',#2474,#1228);
#1061=LINE('',#2478,#1229);
#1062=LINE('',#2480,#1230);
#1063=LINE('',#2482,#1231);
#1064=LINE('',#2484,#1232);
#1065=LINE('',#2486,#1233);
#1066=LINE('',#2488,#1234);
#1067=LINE('',#2490,#1235);
#1068=LINE('',#2492,#1236);
#1069=LINE('',#2494,#1237);
#1070=LINE('',#2496,#1238);
#1071=LINE('',#2499,#1239);
#1072=LINE('',#2501,#1240);
#1073=LINE('',#2503,#1241);
#1074=LINE('',#2505,#1242);
#1075=LINE('',#2507,#1243);
#1076=LINE('',#2509,#1244);
#1077=LINE('',#2511,#1245);
#1078=LINE('',#2513,#1246);
#1079=LINE('',#2515,#1247);
#1080=LINE('',#2520,#1248);
#1081=LINE('',#2524,#1249);
#1082=LINE('',#2526,#1250);
#1083=LINE('',#2528,#1251);
#1084=LINE('',#2530,#1252);
#1085=LINE('',#2534,#1253);
#1086=LINE('',#2538,#1254);
#1087=LINE('',#2540,#1255);
#1088=LINE('',#2542,#1256);
#1089=LINE('',#2546,#1257);
#1090=LINE('',#2550,#1258);
#1091=LINE('',#2552,#1259);
#1092=LINE('',#2554,#1260);
#1093=LINE('',#2558,#1261);
#1094=LINE('',#2565,#1262);
#1095=LINE('',#2569,#1263);
#1096=LINE('',#2571,#1264);
#1097=LINE('',#2573,#1265);
#1098=LINE('',#2575,#1266);
#1099=LINE('',#2579,#1267);
#1100=LINE('',#2583,#1268);
#1101=LINE('',#2585,#1269);
#1102=LINE('',#2587,#1270);
#1103=LINE('',#2591,#1271);
#1104=LINE('',#2595,#1272);
#1105=LINE('',#2597,#1273);
#1106=LINE('',#2599,#1274);
#1107=LINE('',#2603,#1275);
#1108=LINE('',#2610,#1276);
#1109=LINE('',#2614,#1277);
#1110=LINE('',#2616,#1278);
#1111=LINE('',#2618,#1279);
#1112=LINE('',#2620,#1280);
#1113=LINE('',#2624,#1281);
#1114=LINE('',#2628,#1282);
#1115=LINE('',#2630,#1283);
#1116=LINE('',#2632,#1284);
#1117=LINE('',#2636,#1285);
#1118=LINE('',#2640,#1286);
#1119=LINE('',#2642,#1287);
#1120=LINE('',#2644,#1288);
#1121=LINE('',#2648,#1289);
#1122=LINE('',#2655,#1290);
#1123=LINE('',#2659,#1291);
#1124=LINE('',#2661,#1292);
#1125=LINE('',#2663,#1293);
#1126=LINE('',#2665,#1294);
#1127=LINE('',#2669,#1295);
#1128=LINE('',#2673,#1296);
#1129=LINE('',#2675,#1297);
#1130=LINE('',#2677,#1298);
#1131=LINE('',#2681,#1299);
#1132=LINE('',#2685,#1300);
#1133=LINE('',#2687,#1301);
#1134=LINE('',#2689,#1302);
#1135=LINE('',#2693,#1303);
#1136=LINE('',#2700,#1304);
#1137=LINE('',#2704,#1305);
#1138=LINE('',#2706,#1306);
#1139=LINE('',#2708,#1307);
#1140=LINE('',#2710,#1308);
#1141=LINE('',#2714,#1309);
#1142=LINE('',#2718,#1310);
#1143=LINE('',#2720,#1311);
#1144=LINE('',#2722,#1312);
#1145=LINE('',#2726,#1313);
#1146=LINE('',#2730,#1314);
#1147=LINE('',#2732,#1315);
#1148=LINE('',#2734,#1316);
#1149=LINE('',#2738,#1317);
#1150=LINE('',#2745,#1318);
#1151=LINE('',#2749,#1319);
#1152=LINE('',#2751,#1320);
#1153=LINE('',#2753,#1321);
#1154=LINE('',#2755,#1322);
#1155=LINE('',#2759,#1323);
#1156=LINE('',#2763,#1324);
#1157=LINE('',#2765,#1325);
#1158=LINE('',#2767,#1326);
#1159=LINE('',#2771,#1327);
#1160=LINE('',#2775,#1328);
#1161=LINE('',#2777,#1329);
#1162=LINE('',#2779,#1330);
#1163=LINE('',#2783,#1331);
#1164=LINE('',#2790,#1332);
#1165=LINE('',#2794,#1333);
#1166=LINE('',#2796,#1334);
#1167=LINE('',#2798,#1335);
#1168=LINE('',#2800,#1336);
#1169=LINE('',#2804,#1337);
#1170=LINE('',#2808,#1338);
#1171=LINE('',#2810,#1339);
#1172=LINE('',#2812,#1340);
#1173=LINE('',#2816,#1341);
#1174=LINE('',#2820,#1342);
#1175=LINE('',#2822,#1343);
#1176=LINE('',#2824,#1344);
#1177=LINE('',#2828,#1345);
#1178=LINE('',#2835,#1346);
#1179=LINE('',#2839,#1347);
#1180=LINE('',#2841,#1348);
#1181=LINE('',#2843,#1349);
#1182=LINE('',#2845,#1350);
#1183=LINE('',#2849,#1351);
#1184=LINE('',#2853,#1352);
#1185=LINE('',#2855,#1353);
#1186=LINE('',#2857,#1354);
#1187=LINE('',#2861,#1355);
#1188=LINE('',#2865,#1356);
#1189=LINE('',#2867,#1357);
#1190=LINE('',#2869,#1358);
#1191=LINE('',#2873,#1359);
#1192=LINE('',#2897,#1360);
#1193=LINE('',#2898,#1361);
#1194=LINE('',#2900,#1362);
#1195=LINE('',#2901,#1363);
#1196=LINE('',#2903,#1364);
#1197=LINE('',#2904,#1365);
#1198=LINE('',#2906,#1366);
#1199=LINE('',#2907,#1367);
#1200=LINE('',#2909,#1368);
#1201=LINE('',#2910,#1369);
#1202=LINE('',#2912,#1370);
#1203=LINE('',#2913,#1371);
#1204=LINE('',#2915,#1372);
#1205=LINE('',#2916,#1373);
#1206=LINE('',#2918,#1374);
#1207=LINE('',#2919,#1375);
#1208=LINE('',#2921,#1376);
#1209=LINE('',#2922,#1377);
#1210=LINE('',#2924,#1378);
#1211=LINE('',#2925,#1379);
#1212=VECTOR('',#1927,1.);
#1213=VECTOR('',#1928,1.);
#1214=VECTOR('',#1929,1.);
#1215=VECTOR('',#1930,1.);
#1216=VECTOR('',#1935,1.);
#1217=VECTOR('',#1940,1.);
#1218=VECTOR('',#1941,1.);
#1219=VECTOR('',#1942,1.);
#1220=VECTOR('',#1947,1.);
#1221=VECTOR('',#1952,1.);
#1222=VECTOR('',#1953,1.);
#1223=VECTOR('',#1954,1.);
#1224=VECTOR('',#1959,1.);
#1225=VECTOR('',#1964,1.);
#1226=VECTOR('',#1965,1.);
#1227=VECTOR('',#1966,1.);
#1228=VECTOR('',#1971,1.);
#1229=VECTOR('',#1976,1.);
#1230=VECTOR('',#1977,1.);
#1231=VECTOR('',#1978,1.);
#1232=VECTOR('',#1981,1.);
#1233=VECTOR('',#1982,1.);
#1234=VECTOR('',#1983,1.);
#1235=VECTOR('',#1986,1.);
#1236=VECTOR('',#1987,1.);
#1237=VECTOR('',#1988,1.);
#1238=VECTOR('',#1991,1.);
#1239=VECTOR('',#1992,1.);
#1240=VECTOR('',#1993,1.);
#1241=VECTOR('',#1994,1.);
#1242=VECTOR('',#1997,1.);
#1243=VECTOR('',#1998,1.);
#1244=VECTOR('',#1999,1.);
#1245=VECTOR('',#2002,1.);
#1246=VECTOR('',#2003,1.);
#1247=VECTOR('',#2004,1.);
#1248=VECTOR('',#2009,1.);
#1249=VECTOR('',#2012,1.);
#1250=VECTOR('',#2015,1.);
#1251=VECTOR('',#2016,1.);
#1252=VECTOR('',#2017,1.);
#1253=VECTOR('',#2022,1.);
#1254=VECTOR('',#2027,1.);
#1255=VECTOR('',#2028,1.);
#1256=VECTOR('',#2029,1.);
#1257=VECTOR('',#2034,1.);
#1258=VECTOR('',#2039,1.);
#1259=VECTOR('',#2040,1.);
#1260=VECTOR('',#2041,1.);
#1261=VECTOR('',#2046,1.);
#1262=VECTOR('',#2053,1.);
#1263=VECTOR('',#2056,1.);
#1264=VECTOR('',#2059,1.);
#1265=VECTOR('',#2060,1.);
#1266=VECTOR('',#2061,1.);
#1267=VECTOR('',#2066,1.);
#1268=VECTOR('',#2071,1.);
#1269=VECTOR('',#2072,1.);
#1270=VECTOR('',#2073,1.);
#1271=VECTOR('',#2078,1.);
#1272=VECTOR('',#2083,1.);
#1273=VECTOR('',#2084,1.);
#1274=VECTOR('',#2085,1.);
#1275=VECTOR('',#2090,1.);
#1276=VECTOR('',#2097,1.);
#1277=VECTOR('',#2100,1.);
#1278=VECTOR('',#2103,1.);
#1279=VECTOR('',#2104,1.);
#1280=VECTOR('',#2105,1.);
#1281=VECTOR('',#2110,1.);
#1282=VECTOR('',#2115,1.);
#1283=VECTOR('',#2116,1.);
#1284=VECTOR('',#2117,1.);
#1285=VECTOR('',#2122,1.);
#1286=VECTOR('',#2127,1.);
#1287=VECTOR('',#2128,1.);
#1288=VECTOR('',#2129,1.);
#1289=VECTOR('',#2134,1.);
#1290=VECTOR('',#2141,1.);
#1291=VECTOR('',#2144,1.);
#1292=VECTOR('',#2147,1.);
#1293=VECTOR('',#2148,1.);
#1294=VECTOR('',#2149,1.);
#1295=VECTOR('',#2154,1.);
#1296=VECTOR('',#2159,1.);
#1297=VECTOR('',#2160,1.);
#1298=VECTOR('',#2161,1.);
#1299=VECTOR('',#2166,1.);
#1300=VECTOR('',#2171,1.);
#1301=VECTOR('',#2172,1.);
#1302=VECTOR('',#2173,1.);
#1303=VECTOR('',#2178,1.);
#1304=VECTOR('',#2185,1.);
#1305=VECTOR('',#2188,1.);
#1306=VECTOR('',#2191,1.);
#1307=VECTOR('',#2192,1.);
#1308=VECTOR('',#2193,1.);
#1309=VECTOR('',#2198,1.);
#1310=VECTOR('',#2203,1.);
#1311=VECTOR('',#2204,1.);
#1312=VECTOR('',#2205,1.);
#1313=VECTOR('',#2210,1.);
#1314=VECTOR('',#2215,1.);
#1315=VECTOR('',#2216,1.);
#1316=VECTOR('',#2217,1.);
#1317=VECTOR('',#2222,1.);
#1318=VECTOR('',#2229,1.);
#1319=VECTOR('',#2232,1.);
#1320=VECTOR('',#2235,1.);
#1321=VECTOR('',#2236,1.);
#1322=VECTOR('',#2237,1.);
#1323=VECTOR('',#2242,1.);
#1324=VECTOR('',#2247,1.);
#1325=VECTOR('',#2248,1.);
#1326=VECTOR('',#2249,1.);
#1327=VECTOR('',#2254,1.);
#1328=VECTOR('',#2259,1.);
#1329=VECTOR('',#2260,1.);
#1330=VECTOR('',#2261,1.);
#1331=VECTOR('',#2266,1.);
#1332=VECTOR('',#2273,1.);
#1333=VECTOR('',#2276,1.);
#1334=VECTOR('',#2279,1.);
#1335=VECTOR('',#2280,1.);
#1336=VECTOR('',#2281,1.);
#1337=VECTOR('',#2286,1.);
#1338=VECTOR('',#2291,1.);
#1339=VECTOR('',#2292,1.);
#1340=VECTOR('',#2293,1.);
#1341=VECTOR('',#2298,1.);
#1342=VECTOR('',#2303,1.);
#1343=VECTOR('',#2304,1.);
#1344=VECTOR('',#2305,1.);
#1345=VECTOR('',#2310,1.);
#1346=VECTOR('',#2317,1.);
#1347=VECTOR('',#2320,1.);
#1348=VECTOR('',#2323,1.);
#1349=VECTOR('',#2324,1.);
#1350=VECTOR('',#2325,1.);
#1351=VECTOR('',#2330,1.);
#1352=VECTOR('',#2335,1.);
#1353=VECTOR('',#2336,1.);
#1354=VECTOR('',#2337,1.);
#1355=VECTOR('',#2342,1.);
#1356=VECTOR('',#2347,1.);
#1357=VECTOR('',#2348,1.);
#1358=VECTOR('',#2349,1.);
#1359=VECTOR('',#2354,1.);
#1360=VECTOR('',#2383,1.);
#1361=VECTOR('',#2384,1.);
#1362=VECTOR('',#2387,1.);
#1363=VECTOR('',#2388,1.);
#1364=VECTOR('',#2391,1.);
#1365=VECTOR('',#2392,1.);
#1366=VECTOR('',#2395,1.);
#1367=VECTOR('',#2396,1.);
#1368=VECTOR('',#2399,1.);
#1369=VECTOR('',#2400,1.);
#1370=VECTOR('',#2403,1.);
#1371=VECTOR('',#2404,1.);
#1372=VECTOR('',#2407,1.);
#1373=VECTOR('',#2408,1.);
#1374=VECTOR('',#2411,1.);
#1375=VECTOR('',#2412,1.);
#1376=VECTOR('',#2415,1.);
#1377=VECTOR('',#2416,1.);
#1378=VECTOR('',#2419,1.);
#1379=VECTOR('',#2420,1.);
#1380=EDGE_LOOP('',(#132,#133,#134,#135));
#1381=EDGE_LOOP('',(#136,#137,#138,#139));
#1382=EDGE_LOOP('',(#140,#141,#142,#143));
#1383=EDGE_LOOP('',(#144,#145,#146,#147));
#1384=EDGE_LOOP('',(#148,#149,#150,#151));
#1385=EDGE_LOOP('',(#152,#153,#154,#155));
#1386=EDGE_LOOP('',(#156,#157,#158,#159));
#1387=EDGE_LOOP('',(#160,#161,#162,#163));
#1388=EDGE_LOOP('',(#164,#165,#166,#167));
#1389=EDGE_LOOP('',(#168,#169,#170,#171));
#1390=EDGE_LOOP('',(#172,#173,#174,#175));
#1391=EDGE_LOOP('',(#176,#177,#178,#179));
#1392=EDGE_LOOP('',(#180,#181,#182,#183));
#1393=EDGE_LOOP('',(#184,#185,#186,#187));
#1394=EDGE_LOOP('',(#188,#189,#190,#191));
#1395=EDGE_LOOP('',(#192,#193,#194,#195));
#1396=EDGE_LOOP('',(#196,#197,#198,#199));
#1397=EDGE_LOOP('',(#200,#201,#202,#203));
#1398=EDGE_LOOP('',(#204,#205,#206,#207));
#1399=EDGE_LOOP('',(#208,#209,#210,#211));
#1400=EDGE_LOOP('',(#212,#213,#214,#215));
#1401=EDGE_LOOP('',(#216,#217,#218,#219));
#1402=EDGE_LOOP('',(#220,#221,#222,#223));
#1403=EDGE_LOOP('',(#224,#225,#226,#227));
#1404=EDGE_LOOP('',(#228,#229,#230,#231));
#1405=EDGE_LOOP('',(#232,#233,#234,#235));
#1406=EDGE_LOOP('',(#236,#237,#238,#239));
#1407=EDGE_LOOP('',(#240,#241,#242,#243));
#1408=EDGE_LOOP('',(#244,#245,#246,#247));
#1409=EDGE_LOOP('',(#248,#249,#250,#251));
#1410=EDGE_LOOP('',(#252,#253,#254,#255));
#1411=EDGE_LOOP('',(#256,#257,#258,#259));
#1412=EDGE_LOOP('',(#260,#261,#262,#263));
#1413=EDGE_LOOP('',(#264,#265,#266,#267));
#1414=EDGE_LOOP('',(#268,#269,#270,#271));
#1415=EDGE_LOOP('',(#272,#273,#274,#275));
#1416=EDGE_LOOP('',(#276,#277,#278,#279));
#1417=EDGE_LOOP('',(#280,#281,#282,#283));
#1418=EDGE_LOOP('',(#284,#285,#286,#287));
#1419=EDGE_LOOP('',(#288,#289,#290,#291));
#1420=EDGE_LOOP('',(#292,#293,#294,#295));
#1421=EDGE_LOOP('',(#296,#297,#298,#299));
#1422=EDGE_LOOP('',(#300,#301,#302,#303));
#1423=EDGE_LOOP('',(#304,#305,#306,#307));
#1424=EDGE_LOOP('',(#308,#309,#310,#311));
#1425=EDGE_LOOP('',(#312,#313,#314,#315));
#1426=EDGE_LOOP('',(#316,#317,#318,#319));
#1427=EDGE_LOOP('',(#320,#321,#322,#323));
#1428=EDGE_LOOP('',(#324,#325,#326,#327));
#1429=EDGE_LOOP('',(#328,#329,#330,#331));
#1430=EDGE_LOOP('',(#332,#333,#334,#335));
#1431=EDGE_LOOP('',(#336,#337,#338,#339));
#1432=EDGE_LOOP('',(#340,#341,#342,#343));
#1433=EDGE_LOOP('',(#344,#345,#346,#347));
#1434=EDGE_LOOP('',(#348,#349,#350,#351));
#1435=EDGE_LOOP('',(#352,#353,#354,#355));
#1436=EDGE_LOOP('',(#356,#357,#358,#359));
#1437=EDGE_LOOP('',(#360,#361,#362,#363));
#1438=EDGE_LOOP('',(#364,#365,#366,#367));
#1439=EDGE_LOOP('',(#368,#369,#370,#371));
#1440=EDGE_LOOP('',(#372,#373,#374,#375));
#1441=EDGE_LOOP('',(#376,#377,#378,#379));
#1442=EDGE_LOOP('',(#380,#381,#382,#383));
#1443=EDGE_LOOP('',(#384,#385,#386,#387));
#1444=EDGE_LOOP('',(#388,#389,#390,#391));
#1445=EDGE_LOOP('',(#392,#393,#394,#395));
#1446=EDGE_LOOP('',(#396,#397,#398,#399));
#1447=EDGE_LOOP('',(#400,#401,#402,#403));
#1448=EDGE_LOOP('',(#404,#405,#406,#407));
#1449=EDGE_LOOP('',(#408,#409,#410,#411));
#1450=EDGE_LOOP('',(#412));
#1451=EDGE_LOOP('',(#413));
#1452=EDGE_LOOP('',(#414));
#1453=EDGE_LOOP('',(#415));
#1454=EDGE_LOOP('',(#416));
#1455=EDGE_LOOP('',(#417));
#1456=EDGE_LOOP('',(#418));
#1457=EDGE_LOOP('',(#419));
#1458=EDGE_LOOP('',(#420,#421,#422,#423));
#1459=EDGE_LOOP('',(#424,#425,#426,#427));
#1460=EDGE_LOOP('',(#428,#429,#430,#431));
#1461=EDGE_LOOP('',(#432,#433,#434,#435));
#1462=EDGE_LOOP('',(#436,#437,#438,#439));
#1463=EDGE_LOOP('',(#440,#441,#442,#443));
#1464=EDGE_LOOP('',(#444,#445,#446,#447));
#1465=EDGE_LOOP('',(#448,#449,#450,#451));
#1466=EDGE_LOOP('',(#452,#453,#454,#455));
#1467=EDGE_LOOP('',(#456,#457,#458,#459));
#1468=EDGE_LOOP('',(#460,#461,#462,#463,#464,#465,#466,#467));
#1469=EDGE_LOOP('',(#468,#469,#470,#471,#472,#473,#474,#475));
#1470=EDGE_LOOP('',(#476,#477,#478,#479,#480,#481,#482,#483));
#1471=EDGE_LOOP('',(#484,#485,#486,#487,#488,#489,#490,#491));
#1472=EDGE_LOOP('',(#492,#493,#494,#495,#496,#497,#498,#499));
#1473=EDGE_LOOP('',(#500,#501,#502,#503,#504,#505,#506,#507));
#1474=EDGE_LOOP('',(#508,#509,#510,#511,#512,#513,#514,#515));
#1475=EDGE_LOOP('',(#516,#517,#518,#519,#520,#521,#522,#523));
#1476=EDGE_LOOP('',(#524,#525,#526,#527));
#1477=EDGE_LOOP('',(#528));
#1478=EDGE_LOOP('',(#529));
#1479=EDGE_LOOP('',(#530));
#1480=EDGE_LOOP('',(#531));
#1481=EDGE_LOOP('',(#532,#533,#534,#535,#536,#537,#538,#539,#540,#541,#542,
#543));
#1482=EDGE_LOOP('',(#544,#545,#546,#547,#548,#549,#550,#551));
#1483=EDGE_LOOP('',(#552,#553,#554,#555,#556,#557,#558,#559));
#1484=EDGE_LOOP('',(#560,#561,#562,#563,#564,#565,#566,#567));
#1485=EDGE_LOOP('',(#568,#569,#570,#571,#572,#573,#574,#575));
#1486=EDGE_LOOP('',(#576,#577,#578,#579,#580,#581,#582,#583));
#1487=EDGE_LOOP('',(#584,#585,#586,#587,#588,#589,#590,#591));
#1488=EDGE_LOOP('',(#592,#593,#594,#595,#596,#597,#598,#599));
#1489=EDGE_LOOP('',(#600,#601,#602,#603,#604,#605,#606,#607));
#1490=EDGE_LOOP('',(#608,#609,#610,#611));
#1491=EDGE_LOOP('',(#612));
#1492=EDGE_LOOP('',(#613));
#1493=EDGE_LOOP('',(#614));
#1494=EDGE_LOOP('',(#615));
#1495=EDGE_LOOP('',(#616,#617,#618,#619,#620,#621,#622,#623,#624,#625,#626,
#627));
#1496=FACE_BOUND('',#1380,.T.);
#1497=FACE_BOUND('',#1381,.T.);
#1498=FACE_BOUND('',#1382,.T.);
#1499=FACE_BOUND('',#1383,.T.);
#1500=FACE_BOUND('',#1384,.T.);
#1501=FACE_BOUND('',#1385,.T.);
#1502=FACE_BOUND('',#1386,.T.);
#1503=FACE_BOUND('',#1387,.T.);
#1504=FACE_BOUND('',#1388,.T.);
#1505=FACE_BOUND('',#1389,.T.);
#1506=FACE_BOUND('',#1390,.T.);
#1507=FACE_BOUND('',#1391,.T.);
#1508=FACE_BOUND('',#1392,.T.);
#1509=FACE_BOUND('',#1393,.T.);
#1510=FACE_BOUND('',#1394,.T.);
#1511=FACE_BOUND('',#1395,.T.);
#1512=FACE_BOUND('',#1396,.T.);
#1513=FACE_BOUND('',#1397,.T.);
#1514=FACE_BOUND('',#1398,.T.);
#1515=FACE_BOUND('',#1399,.T.);
#1516=FACE_BOUND('',#1400,.T.);
#1517=FACE_BOUND('',#1401,.T.);
#1518=FACE_BOUND('',#1402,.T.);
#1519=FACE_BOUND('',#1403,.T.);
#1520=FACE_BOUND('',#1404,.T.);
#1521=FACE_BOUND('',#1405,.T.);
#1522=FACE_BOUND('',#1406,.T.);
#1523=FACE_BOUND('',#1407,.T.);
#1524=FACE_BOUND('',#1408,.T.);
#1525=FACE_BOUND('',#1409,.T.);
#1526=FACE_BOUND('',#1410,.T.);
#1527=FACE_BOUND('',#1411,.T.);
#1528=FACE_BOUND('',#1412,.T.);
#1529=FACE_BOUND('',#1413,.T.);
#1530=FACE_BOUND('',#1414,.T.);
#1531=FACE_BOUND('',#1415,.T.);
#1532=FACE_BOUND('',#1416,.T.);
#1533=FACE_BOUND('',#1417,.T.);
#1534=FACE_BOUND('',#1418,.T.);
#1535=FACE_BOUND('',#1419,.T.);
#1536=FACE_BOUND('',#1420,.T.);
#1537=FACE_BOUND('',#1421,.T.);
#1538=FACE_BOUND('',#1422,.T.);
#1539=FACE_BOUND('',#1423,.T.);
#1540=FACE_BOUND('',#1424,.T.);
#1541=FACE_BOUND('',#1425,.T.);
#1542=FACE_BOUND('',#1426,.T.);
#1543=FACE_BOUND('',#1427,.T.);
#1544=FACE_BOUND('',#1428,.T.);
#1545=FACE_BOUND('',#1429,.T.);
#1546=FACE_BOUND('',#1430,.T.);
#1547=FACE_BOUND('',#1431,.T.);
#1548=FACE_BOUND('',#1432,.T.);
#1549=FACE_BOUND('',#1433,.T.);
#1550=FACE_BOUND('',#1434,.T.);
#1551=FACE_BOUND('',#1435,.T.);
#1552=FACE_BOUND('',#1436,.T.);
#1553=FACE_BOUND('',#1437,.T.);
#1554=FACE_BOUND('',#1438,.T.);
#1555=FACE_BOUND('',#1439,.T.);
#1556=FACE_BOUND('',#1440,.T.);
#1557=FACE_BOUND('',#1441,.T.);
#1558=FACE_BOUND('',#1442,.T.);
#1559=FACE_BOUND('',#1443,.T.);
#1560=FACE_BOUND('',#1444,.T.);
#1561=FACE_BOUND('',#1445,.T.);
#1562=FACE_BOUND('',#1446,.T.);
#1563=FACE_BOUND('',#1447,.T.);
#1564=FACE_BOUND('',#1448,.T.);
#1565=FACE_BOUND('',#1449,.T.);
#1566=FACE_BOUND('',#1450,.T.);
#1567=FACE_BOUND('',#1451,.T.);
#1568=FACE_BOUND('',#1452,.T.);
#1569=FACE_BOUND('',#1453,.T.);
#1570=FACE_BOUND('',#1454,.T.);
#1571=FACE_BOUND('',#1455,.T.);
#1572=FACE_BOUND('',#1456,.T.);
#1573=FACE_BOUND('',#1457,.T.);
#1574=FACE_BOUND('',#1458,.T.);
#1575=FACE_BOUND('',#1459,.T.);
#1576=FACE_BOUND('',#1460,.T.);
#1577=FACE_BOUND('',#1461,.T.);
#1578=FACE_BOUND('',#1462,.T.);
#1579=FACE_BOUND('',#1463,.T.);
#1580=FACE_BOUND('',#1464,.T.);
#1581=FACE_BOUND('',#1465,.T.);
#1582=FACE_BOUND('',#1466,.T.);
#1583=FACE_BOUND('',#1467,.T.);
#1584=FACE_BOUND('',#1468,.T.);
#1585=FACE_BOUND('',#1469,.T.);
#1586=FACE_BOUND('',#1470,.T.);
#1587=FACE_BOUND('',#1471,.T.);
#1588=FACE_BOUND('',#1472,.T.);
#1589=FACE_BOUND('',#1473,.T.);
#1590=FACE_BOUND('',#1474,.T.);
#1591=FACE_BOUND('',#1475,.T.);
#1592=FACE_BOUND('',#1476,.T.);
#1593=FACE_BOUND('',#1477,.T.);
#1594=FACE_BOUND('',#1478,.T.);
#1595=FACE_BOUND('',#1479,.T.);
#1596=FACE_BOUND('',#1480,.T.);
#1597=FACE_BOUND('',#1481,.T.);
#1598=FACE_BOUND('',#1482,.T.);
#1599=FACE_BOUND('',#1483,.T.);
#1600=FACE_BOUND('',#1484,.T.);
#1601=FACE_BOUND('',#1485,.T.);
#1602=FACE_BOUND('',#1486,.T.);
#1603=FACE_BOUND('',#1487,.T.);
#1604=FACE_BOUND('',#1488,.T.);
#1605=FACE_BOUND('',#1489,.T.);
#1606=FACE_BOUND('',#1490,.T.);
#1607=FACE_BOUND('',#1491,.T.);
#1608=FACE_BOUND('',#1492,.T.);
#1609=FACE_BOUND('',#1493,.T.);
#1610=FACE_BOUND('',#1494,.T.);
#1611=FACE_BOUND('',#1495,.T.);
#1612=PLANE('',#1757);
#1613=PLANE('',#1761);
#1614=PLANE('',#1765);
#1615=PLANE('',#1769);
#1616=PLANE('',#1773);
#1617=PLANE('',#1774);
#1618=PLANE('',#1775);
#1619=PLANE('',#1776);
#1620=PLANE('',#1777);
#1621=PLANE('',#1778);
#1622=PLANE('',#1782);
#1623=PLANE('',#1786);
#1624=PLANE('',#1790);
#1625=PLANE('',#1797);
#1626=PLANE('',#1801);
#1627=PLANE('',#1805);
#1628=PLANE('',#1812);
#1629=PLANE('',#1816);
#1630=PLANE('',#1820);
#1631=PLANE('',#1827);
#1632=PLANE('',#1831);
#1633=PLANE('',#1835);
#1634=PLANE('',#1842);
#1635=PLANE('',#1846);
#1636=PLANE('',#1850);
#1637=PLANE('',#1857);
#1638=PLANE('',#1861);
#1639=PLANE('',#1865);
#1640=PLANE('',#1872);
#1641=PLANE('',#1876);
#1642=PLANE('',#1880);
#1643=PLANE('',#1887);
#1644=PLANE('',#1891);
#1645=PLANE('',#1895);
#1646=PLANE('',#1911);
#1647=PLANE('',#1912);
#1648=PLANE('',#1913);
#1649=PLANE('',#1914);
#1650=PLANE('',#1915);
#1651=PLANE('',#1916);
#1652=PLANE('',#1917);
#1653=PLANE('',#1918);
#1654=PLANE('',#1919);
#1655=PLANE('',#1920);
#1656=PLANE('',#1921);
#1657=PLANE('',#1922);
#1658=ADVANCED_FACE('',(#1496),#1612,.F.);
#1659=ADVANCED_FACE('',(#1497),#92,.T.);
#1660=ADVANCED_FACE('',(#1498),#1613,.F.);
#1661=ADVANCED_FACE('',(#1499),#93,.T.);
#1662=ADVANCED_FACE('',(#1500),#1614,.T.);
#1663=ADVANCED_FACE('',(#1501),#94,.T.);
#1664=ADVANCED_FACE('',(#1502),#1615,.T.);
#1665=ADVANCED_FACE('',(#1503),#95,.T.);
#1666=ADVANCED_FACE('',(#1504),#1616,.F.);
#1667=ADVANCED_FACE('',(#1505),#1617,.T.);
#1668=ADVANCED_FACE('',(#1506),#1618,.F.);
#1669=ADVANCED_FACE('',(#1507),#1619,.T.);
#1670=ADVANCED_FACE('',(#1508),#1620,.F.);
#1671=ADVANCED_FACE('',(#1509),#1621,.F.);
#1672=ADVANCED_FACE('',(#1510),#96,.F.);
#1673=ADVANCED_FACE('',(#1511),#1622,.F.);
#1674=ADVANCED_FACE('',(#1512),#97,.F.);
#1675=ADVANCED_FACE('',(#1513),#1623,.F.);
#1676=ADVANCED_FACE('',(#1514),#98,.F.);
#1677=ADVANCED_FACE('',(#1515),#1624,.T.);
#1678=ADVANCED_FACE('',(#1516),#99,.F.);
#1679=ADVANCED_FACE('',(#1517),#100,.F.);
#1680=ADVANCED_FACE('',(#1518),#1625,.F.);
#1681=ADVANCED_FACE('',(#1519),#101,.F.);
#1682=ADVANCED_FACE('',(#1520),#1626,.F.);
#1683=ADVANCED_FACE('',(#1521),#102,.F.);
#1684=ADVANCED_FACE('',(#1522),#1627,.T.);
#1685=ADVANCED_FACE('',(#1523),#103,.F.);
#1686=ADVANCED_FACE('',(#1524),#104,.F.);
#1687=ADVANCED_FACE('',(#1525),#1628,.F.);
#1688=ADVANCED_FACE('',(#1526),#105,.F.);
#1689=ADVANCED_FACE('',(#1527),#1629,.F.);
#1690=ADVANCED_FACE('',(#1528),#106,.F.);
#1691=ADVANCED_FACE('',(#1529),#1630,.T.);
#1692=ADVANCED_FACE('',(#1530),#107,.F.);
#1693=ADVANCED_FACE('',(#1531),#108,.F.);
#1694=ADVANCED_FACE('',(#1532),#1631,.F.);
#1695=ADVANCED_FACE('',(#1533),#109,.F.);
#1696=ADVANCED_FACE('',(#1534),#1632,.F.);
#1697=ADVANCED_FACE('',(#1535),#110,.F.);
#1698=ADVANCED_FACE('',(#1536),#1633,.T.);
#1699=ADVANCED_FACE('',(#1537),#111,.F.);
#1700=ADVANCED_FACE('',(#1538),#112,.F.);
#1701=ADVANCED_FACE('',(#1539),#1634,.F.);
#1702=ADVANCED_FACE('',(#1540),#113,.F.);
#1703=ADVANCED_FACE('',(#1541),#1635,.F.);
#1704=ADVANCED_FACE('',(#1542),#114,.F.);
#1705=ADVANCED_FACE('',(#1543),#1636,.T.);
#1706=ADVANCED_FACE('',(#1544),#115,.F.);
#1707=ADVANCED_FACE('',(#1545),#116,.F.);
#1708=ADVANCED_FACE('',(#1546),#1637,.F.);
#1709=ADVANCED_FACE('',(#1547),#117,.F.);
#1710=ADVANCED_FACE('',(#1548),#1638,.F.);
#1711=ADVANCED_FACE('',(#1549),#118,.F.);
#1712=ADVANCED_FACE('',(#1550),#1639,.T.);
#1713=ADVANCED_FACE('',(#1551),#119,.F.);
#1714=ADVANCED_FACE('',(#1552),#120,.F.);
#1715=ADVANCED_FACE('',(#1553),#1640,.F.);
#1716=ADVANCED_FACE('',(#1554),#121,.F.);
#1717=ADVANCED_FACE('',(#1555),#1641,.F.);
#1718=ADVANCED_FACE('',(#1556),#122,.F.);
#1719=ADVANCED_FACE('',(#1557),#1642,.T.);
#1720=ADVANCED_FACE('',(#1558),#123,.F.);
#1721=ADVANCED_FACE('',(#1559),#124,.F.);
#1722=ADVANCED_FACE('',(#1560),#1643,.F.);
#1723=ADVANCED_FACE('',(#1561),#125,.F.);
#1724=ADVANCED_FACE('',(#1562),#1644,.F.);
#1725=ADVANCED_FACE('',(#1563),#126,.F.);
#1726=ADVANCED_FACE('',(#1564),#1645,.T.);
#1727=ADVANCED_FACE('',(#1565),#127,.F.);
#1728=ADVANCED_FACE('',(#1566,#1567),#128,.F.);
#1729=ADVANCED_FACE('',(#1568,#1569),#129,.F.);
#1730=ADVANCED_FACE('',(#1570,#1571),#130,.F.);
#1731=ADVANCED_FACE('',(#1572,#1573),#131,.F.);
#1732=ADVANCED_FACE('',(#1574),#1646,.T.);
#1733=ADVANCED_FACE('',(#1575),#1647,.T.);
#1734=ADVANCED_FACE('',(#1576),#1648,.T.);
#1735=ADVANCED_FACE('',(#1577),#1649,.T.);
#1736=ADVANCED_FACE('',(#1578),#1650,.T.);
#1737=ADVANCED_FACE('',(#1579),#1651,.T.);
#1738=ADVANCED_FACE('',(#1580),#1652,.T.);
#1739=ADVANCED_FACE('',(#1581),#1653,.T.);
#1740=ADVANCED_FACE('',(#1582),#1654,.T.);
#1741=ADVANCED_FACE('',(#1583),#1655,.F.);
#1742=ADVANCED_FACE('',(#1584,#1585,#1586,#1587,#1588,#1589,#1590,#1591,
#1592,#1593,#1594,#1595,#1596,#1597),#1656,.T.);
#1743=ADVANCED_FACE('',(#1598,#1599,#1600,#1601,#1602,#1603,#1604,#1605,
#1606,#1607,#1608,#1609,#1610,#1611),#1657,.F.);
#1744=CLOSED_SHELL('',(#1658,#1659,#1660,#1661,#1662,#1663,#1664,#1665,
#1666,#1667,#1668,#1669,#1670,#1671,#1672,#1673,#1674,#1675,#1676,#1677,
#1678,#1679,#1680,#1681,#1682,#1683,#1684,#1685,#1686,#1687,#1688,#1689,
#1690,#1691,#1692,#1693,#1694,#1695,#1696,#1697,#1698,#1699,#1700,#1701,
#1702,#1703,#1704,#1705,#1706,#1707,#1708,#1709,#1710,#1711,#1712,#1713,
#1714,#1715,#1716,#1717,#1718,#1719,#1720,#1721,#1722,#1723,#1724,#1725,
#1726,#1727,#1728,#1729,#1730,#1731,#1732,#1733,#1734,#1735,#1736,#1737,
#1738,#1739,#1740,#1741,#1742,#1743));
#1745=STYLED_ITEM('',(#1746),#1753);
#1746=PRESENTATION_STYLE_ASSIGNMENT((#1747));
#1747=SURFACE_STYLE_USAGE(.BOTH.,#1748);
#1748=SURFACE_SIDE_STYLE('',(#1749));
#1749=SURFACE_STYLE_FILL_AREA(#1750);
#1750=FILL_AREA_STYLE('',(#1751));
#1751=FILL_AREA_STYLE_COLOUR('',#1752);
#1752=COLOUR_RGB('',0.972549019607843,0.529411764705882,0.00392156862745098);
#1753=MANIFOLD_SOLID_BREP('Part 1',#1744);
#1754=SHAPE_DEFINITION_REPRESENTATION(#2934,#1755);
#1755=SHAPE_REPRESENTATION('Part 1',(#1756),#2929);
#1756=AXIS2_PLACEMENT_3D('',#2425,#1923,#1924);
#1757=AXIS2_PLACEMENT_3D('',#2426,#1925,#1926);
#1758=AXIS2_PLACEMENT_3D('',#2435,#1931,#1932);
#1759=AXIS2_PLACEMENT_3D('',#2436,#1933,#1934);
#1760=AXIS2_PLACEMENT_3D('',#2440,#1936,#1937);
#1761=AXIS2_PLACEMENT_3D('',#2441,#1938,#1939);
#1762=AXIS2_PLACEMENT_3D('',#2447,#1943,#1944);
#1763=AXIS2_PLACEMENT_3D('',#2448,#1945,#1946);
#1764=AXIS2_PLACEMENT_3D('',#2452,#1948,#1949);
#1765=AXIS2_PLACEMENT_3D('',#2453,#1950,#1951);
#1766=AXIS2_PLACEMENT_3D('',#2459,#1955,#1956);
#1767=AXIS2_PLACEMENT_3D('',#2460,#1957,#1958);
#1768=AXIS2_PLACEMENT_3D('',#2464,#1960,#1961);
#1769=AXIS2_PLACEMENT_3D('',#2465,#1962,#1963);
#1770=AXIS2_PLACEMENT_3D('',#2471,#1967,#1968);
#1771=AXIS2_PLACEMENT_3D('',#2472,#1969,#1970);
#1772=AXIS2_PLACEMENT_3D('',#2476,#1972,#1973);
#1773=AXIS2_PLACEMENT_3D('',#2477,#1974,#1975);
#1774=AXIS2_PLACEMENT_3D('',#2483,#1979,#1980);
#1775=AXIS2_PLACEMENT_3D('',#2489,#1984,#1985);
#1776=AXIS2_PLACEMENT_3D('',#2495,#1989,#1990);
#1777=AXIS2_PLACEMENT_3D('',#2504,#1995,#1996);
#1778=AXIS2_PLACEMENT_3D('',#2510,#2000,#2001);
#1779=AXIS2_PLACEMENT_3D('',#2516,#2005,#2006);
#1780=AXIS2_PLACEMENT_3D('',#2517,#2007,#2008);
#1781=AXIS2_PLACEMENT_3D('',#2522,#2010,#2011);
#1782=AXIS2_PLACEMENT_3D('',#2525,#2013,#2014);
#1783=AXIS2_PLACEMENT_3D('',#2531,#2018,#2019);
#1784=AXIS2_PLACEMENT_3D('',#2532,#2020,#2021);
#1785=AXIS2_PLACEMENT_3D('',#2536,#2023,#2024);
#1786=AXIS2_PLACEMENT_3D('',#2537,#2025,#2026);
#1787=AXIS2_PLACEMENT_3D('',#2543,#2030,#2031);
#1788=AXIS2_PLACEMENT_3D('',#2544,#2032,#2033);
#1789=AXIS2_PLACEMENT_3D('',#2548,#2035,#2036);
#1790=AXIS2_PLACEMENT_3D('',#2549,#2037,#2038);
#1791=AXIS2_PLACEMENT_3D('',#2555,#2042,#2043);
#1792=AXIS2_PLACEMENT_3D('',#2556,#2044,#2045);
#1793=AXIS2_PLACEMENT_3D('',#2560,#2047,#2048);
#1794=AXIS2_PLACEMENT_3D('',#2561,#2049,#2050);
#1795=AXIS2_PLACEMENT_3D('',#2562,#2051,#2052);
#1796=AXIS2_PLACEMENT_3D('',#2567,#2054,#2055);
#1797=AXIS2_PLACEMENT_3D('',#2570,#2057,#2058);
#1798=AXIS2_PLACEMENT_3D('',#2576,#2062,#2063);
#1799=AXIS2_PLACEMENT_3D('',#2577,#2064,#2065);
#1800=AXIS2_PLACEMENT_3D('',#2581,#2067,#2068);
#1801=AXIS2_PLACEMENT_3D('',#2582,#2069,#2070);
#1802=AXIS2_PLACEMENT_3D('',#2588,#2074,#2075);
#1803=AXIS2_PLACEMENT_3D('',#2589,#2076,#2077);
#1804=AXIS2_PLACEMENT_3D('',#2593,#2079,#2080);
#1805=AXIS2_PLACEMENT_3D('',#2594,#2081,#2082);
#1806=AXIS2_PLACEMENT_3D('',#2600,#2086,#2087);
#1807=AXIS2_PLACEMENT_3D('',#2601,#2088,#2089);
#1808=AXIS2_PLACEMENT_3D('',#2605,#2091,#2092);
#1809=AXIS2_PLACEMENT_3D('',#2606,#2093,#2094);
#1810=AXIS2_PLACEMENT_3D('',#2607,#2095,#2096);
#1811=AXIS2_PLACEMENT_3D('',#2612,#2098,#2099);
#1812=AXIS2_PLACEMENT_3D('',#2615,#2101,#2102);
#1813=AXIS2_PLACEMENT_3D('',#2621,#2106,#2107);
#1814=AXIS2_PLACEMENT_3D('',#2622,#2108,#2109);
#1815=AXIS2_PLACEMENT_3D('',#2626,#2111,#2112);
#1816=AXIS2_PLACEMENT_3D('',#2627,#2113,#2114);
#1817=AXIS2_PLACEMENT_3D('',#2633,#2118,#2119);
#1818=AXIS2_PLACEMENT_3D('',#2634,#2120,#2121);
#1819=AXIS2_PLACEMENT_3D('',#2638,#2123,#2124);
#1820=AXIS2_PLACEMENT_3D('',#2639,#2125,#2126);
#1821=AXIS2_PLACEMENT_3D('',#2645,#2130,#2131);
#1822=AXIS2_PLACEMENT_3D('',#2646,#2132,#2133);
#1823=AXIS2_PLACEMENT_3D('',#2650,#2135,#2136);
#1824=AXIS2_PLACEMENT_3D('',#2651,#2137,#2138);
#1825=AXIS2_PLACEMENT_3D('',#2652,#2139,#2140);
#1826=AXIS2_PLACEMENT_3D('',#2657,#2142,#2143);
#1827=AXIS2_PLACEMENT_3D('',#2660,#2145,#2146);
#1828=AXIS2_PLACEMENT_3D('',#2666,#2150,#2151);
#1829=AXIS2_PLACEMENT_3D('',#2667,#2152,#2153);
#1830=AXIS2_PLACEMENT_3D('',#2671,#2155,#2156);
#1831=AXIS2_PLACEMENT_3D('',#2672,#2157,#2158);
#1832=AXIS2_PLACEMENT_3D('',#2678,#2162,#2163);
#1833=AXIS2_PLACEMENT_3D('',#2679,#2164,#2165);
#1834=AXIS2_PLACEMENT_3D('',#2683,#2167,#2168);
#1835=AXIS2_PLACEMENT_3D('',#2684,#2169,#2170);
#1836=AXIS2_PLACEMENT_3D('',#2690,#2174,#2175);
#1837=AXIS2_PLACEMENT_3D('',#2691,#2176,#2177);
#1838=AXIS2_PLACEMENT_3D('',#2695,#2179,#2180);
#1839=AXIS2_PLACEMENT_3D('',#2696,#2181,#2182);
#1840=AXIS2_PLACEMENT_3D('',#2697,#2183,#2184);
#1841=AXIS2_PLACEMENT_3D('',#2702,#2186,#2187);
#1842=AXIS2_PLACEMENT_3D('',#2705,#2189,#2190);
#1843=AXIS2_PLACEMENT_3D('',#2711,#2194,#2195);
#1844=AXIS2_PLACEMENT_3D('',#2712,#2196,#2197);
#1845=AXIS2_PLACEMENT_3D('',#2716,#2199,#2200);
#1846=AXIS2_PLACEMENT_3D('',#2717,#2201,#2202);
#1847=AXIS2_PLACEMENT_3D('',#2723,#2206,#2207);
#1848=AXIS2_PLACEMENT_3D('',#2724,#2208,#2209);
#1849=AXIS2_PLACEMENT_3D('',#2728,#2211,#2212);
#1850=AXIS2_PLACEMENT_3D('',#2729,#2213,#2214);
#1851=AXIS2_PLACEMENT_3D('',#2735,#2218,#2219);
#1852=AXIS2_PLACEMENT_3D('',#2736,#2220,#2221);
#1853=AXIS2_PLACEMENT_3D('',#2740,#2223,#2224);
#1854=AXIS2_PLACEMENT_3D('',#2741,#2225,#2226);
#1855=AXIS2_PLACEMENT_3D('',#2742,#2227,#2228);
#1856=AXIS2_PLACEMENT_3D('',#2747,#2230,#2231);
#1857=AXIS2_PLACEMENT_3D('',#2750,#2233,#2234);
#1858=AXIS2_PLACEMENT_3D('',#2756,#2238,#2239);
#1859=AXIS2_PLACEMENT_3D('',#2757,#2240,#2241);
#1860=AXIS2_PLACEMENT_3D('',#2761,#2243,#2244);
#1861=AXIS2_PLACEMENT_3D('',#2762,#2245,#2246);
#1862=AXIS2_PLACEMENT_3D('',#2768,#2250,#2251);
#1863=AXIS2_PLACEMENT_3D('',#2769,#2252,#2253);
#1864=AXIS2_PLACEMENT_3D('',#2773,#2255,#2256);
#1865=AXIS2_PLACEMENT_3D('',#2774,#2257,#2258);
#1866=AXIS2_PLACEMENT_3D('',#2780,#2262,#2263);
#1867=AXIS2_PLACEMENT_3D('',#2781,#2264,#2265);
#1868=AXIS2_PLACEMENT_3D('',#2785,#2267,#2268);
#1869=AXIS2_PLACEMENT_3D('',#2786,#2269,#2270);
#1870=AXIS2_PLACEMENT_3D('',#2787,#2271,#2272);
#1871=AXIS2_PLACEMENT_3D('',#2792,#2274,#2275);
#1872=AXIS2_PLACEMENT_3D('',#2795,#2277,#2278);
#1873=AXIS2_PLACEMENT_3D('',#2801,#2282,#2283);
#1874=AXIS2_PLACEMENT_3D('',#2802,#2284,#2285);
#1875=AXIS2_PLACEMENT_3D('',#2806,#2287,#2288);
#1876=AXIS2_PLACEMENT_3D('',#2807,#2289,#2290);
#1877=AXIS2_PLACEMENT_3D('',#2813,#2294,#2295);
#1878=AXIS2_PLACEMENT_3D('',#2814,#2296,#2297);
#1879=AXIS2_PLACEMENT_3D('',#2818,#2299,#2300);
#1880=AXIS2_PLACEMENT_3D('',#2819,#2301,#2302);
#1881=AXIS2_PLACEMENT_3D('',#2825,#2306,#2307);
#1882=AXIS2_PLACEMENT_3D('',#2826,#2308,#2309);
#1883=AXIS2_PLACEMENT_3D('',#2830,#2311,#2312);
#1884=AXIS2_PLACEMENT_3D('',#2831,#2313,#2314);
#1885=AXIS2_PLACEMENT_3D('',#2832,#2315,#2316);
#1886=AXIS2_PLACEMENT_3D('',#2837,#2318,#2319);
#1887=AXIS2_PLACEMENT_3D('',#2840,#2321,#2322);
#1888=AXIS2_PLACEMENT_3D('',#2846,#2326,#2327);
#1889=AXIS2_PLACEMENT_3D('',#2847,#2328,#2329);
#1890=AXIS2_PLACEMENT_3D('',#2851,#2331,#2332);
#1891=AXIS2_PLACEMENT_3D('',#2852,#2333,#2334);
#1892=AXIS2_PLACEMENT_3D('',#2858,#2338,#2339);
#1893=AXIS2_PLACEMENT_3D('',#2859,#2340,#2341);
#1894=AXIS2_PLACEMENT_3D('',#2863,#2343,#2344);
#1895=AXIS2_PLACEMENT_3D('',#2864,#2345,#2346);
#1896=AXIS2_PLACEMENT_3D('',#2870,#2350,#2351);
#1897=AXIS2_PLACEMENT_3D('',#2871,#2352,#2353);
#1898=AXIS2_PLACEMENT_3D('',#2875,#2355,#2356);
#1899=AXIS2_PLACEMENT_3D('',#2876,#2357,#2358);
#1900=AXIS2_PLACEMENT_3D('',#2877,#2359,#2360);
#1901=AXIS2_PLACEMENT_3D('',#2879,#2361,#2362);
#1902=AXIS2_PLACEMENT_3D('',#2881,#2363,#2364);
#1903=AXIS2_PLACEMENT_3D('',#2882,#2365,#2366);
#1904=AXIS2_PLACEMENT_3D('',#2884,#2367,#2368);
#1905=AXIS2_PLACEMENT_3D('',#2886,#2369,#2370);
#1906=AXIS2_PLACEMENT_3D('',#2887,#2371,#2372);
#1907=AXIS2_PLACEMENT_3D('',#2889,#2373,#2374);
#1908=AXIS2_PLACEMENT_3D('',#2891,#2375,#2376);
#1909=AXIS2_PLACEMENT_3D('',#2892,#2377,#2378);
#1910=AXIS2_PLACEMENT_3D('',#2894,#2379,#2380);
#1911=AXIS2_PLACEMENT_3D('',#2896,#2381,#2382);
#1912=AXIS2_PLACEMENT_3D('',#2899,#2385,#2386);
#1913=AXIS2_PLACEMENT_3D('',#2902,#2389,#2390);
#1914=AXIS2_PLACEMENT_3D('',#2905,#2393,#2394);
#1915=AXIS2_PLACEMENT_3D('',#2908,#2397,#2398);
#1916=AXIS2_PLACEMENT_3D('',#2911,#2401,#2402);
#1917=AXIS2_PLACEMENT_3D('',#2914,#2405,#2406);
#1918=AXIS2_PLACEMENT_3D('',#2917,#2409,#2410);
#1919=AXIS2_PLACEMENT_3D('',#2920,#2413,#2414);
#1920=AXIS2_PLACEMENT_3D('',#2923,#2417,#2418);
#1921=AXIS2_PLACEMENT_3D('',#2926,#2421,#2422);
#1922=AXIS2_PLACEMENT_3D('',#2927,#2423,#2424);
#1923=DIRECTION('',(0.,0.,1.));
#1924=DIRECTION('',(1.,0.,0.));
#1925=DIRECTION('',(1.,0.,0.));
#1926=DIRECTION('',(0.,-1.,0.));
#1927=DIRECTION('',(0.,0.,1.));
#1928=DIRECTION('',(0.,-1.,0.));
#1929=DIRECTION('',(0.,0.,1.));
#1930=DIRECTION('',(0.,-1.,0.));
#1931=DIRECTION('',(0.,-1.,0.));
#1932=DIRECTION('',(-1.,0.,0.));
#1933=DIRECTION('',(0.,1.,0.));
#1934=DIRECTION('',(-1.,0.,0.));
#1935=DIRECTION('',(0.,-1.,0.));
#1936=DIRECTION('',(0.,1.,0.));
#1937=DIRECTION('',(-1.,0.,0.));
#1938=DIRECTION('',(-2.0602416579297E-16,0.,-1.));
#1939=DIRECTION('',(-1.,0.,2.0602416579297E-16));
#1940=DIRECTION('',(1.,0.,-2.0602416579297E-16));
#1941=DIRECTION('',(0.,-1.,0.));
#1942=DIRECTION('',(1.,0.,-2.0602416579297E-16));
#1943=DIRECTION('',(0.,-1.,0.));
#1944=DIRECTION('',(-1.,0.,0.));
#1945=DIRECTION('',(0.,1.,0.));
#1946=DIRECTION('',(0.,0.,1.));
#1947=DIRECTION('',(0.,-1.,0.));
#1948=DIRECTION('',(0.,1.,0.));
#1949=DIRECTION('',(0.,0.,1.));
#1950=DIRECTION('',(1.,0.,0.));
#1951=DIRECTION('',(0.,-1.,0.));
#1952=DIRECTION('',(0.,0.,1.));
#1953=DIRECTION('',(0.,-1.,0.));
#1954=DIRECTION('',(0.,0.,1.));
#1955=DIRECTION('',(0.,-1.,0.));
#1956=DIRECTION('',(-1.,0.,0.));
#1957=DIRECTION('',(0.,1.,0.));
#1958=DIRECTION('',(1.,0.,0.));
#1959=DIRECTION('',(0.,-1.,0.));
#1960=DIRECTION('',(0.,1.,0.));
#1961=DIRECTION('',(1.,0.,0.));
#1962=DIRECTION('',(-1.64819332634376E-16,0.,-1.));
#1963=DIRECTION('',(-1.,0.,1.64819332634376E-16));
#1964=DIRECTION('',(1.,0.,-1.64819332634376E-16));
#1965=DIRECTION('',(0.,-1.,0.));
#1966=DIRECTION('',(1.,0.,-1.64819332634376E-16));
#1967=DIRECTION('',(0.,-1.,0.));
#1968=DIRECTION('',(-1.,0.,0.));
#1969=DIRECTION('',(0.,1.,0.));
#1970=DIRECTION('',(-3.46944695195358E-15,0.,-1.));
#1971=DIRECTION('',(0.,-1.,0.));
#1972=DIRECTION('',(0.,1.,0.));
#1973=DIRECTION('',(-3.46944695195358E-15,0.,-1.));
#1974=DIRECTION('',(1.,0.,0.));
#1975=DIRECTION('',(0.,-1.,0.));
#1976=DIRECTION('',(0.,0.,1.));
#1977=DIRECTION('',(0.,-1.,0.));
#1978=DIRECTION('',(0.,0.,1.));
#1979=DIRECTION('',(3.61589051792977E-16,0.,1.));
#1980=DIRECTION('',(1.,0.,-3.61589051792977E-16));
#1981=DIRECTION('',(-1.,0.,3.61589051792977E-16));
#1982=DIRECTION('',(0.,-1.,0.));
#1983=DIRECTION('',(-1.,0.,3.61589051792977E-16));
#1984=DIRECTION('',(1.,0.,-4.33680868994202E-16));
#1985=DIRECTION('',(-4.33680868994202E-16,0.,-1.));
#1986=DIRECTION('',(4.33680868994202E-16,0.,1.));
#1987=DIRECTION('',(0.,-1.,0.));
#1988=DIRECTION('',(4.33680868994202E-16,0.,1.));
#1989=DIRECTION('',(1.,0.,-2.77555756156289E-16));
#1990=DIRECTION('',(-2.77555756156289E-16,0.,-1.));
#1991=DIRECTION('',(2.77555756156289E-16,0.,1.));
#1992=DIRECTION('',(0.,-1.,0.));
#1993=DIRECTION('',(2.77555756156289E-16,0.,1.));
#1994=DIRECTION('',(0.,-1.,0.));
#1995=DIRECTION('',(-1.80231010491097E-16,0.,-1.));
#1996=DIRECTION('',(-1.,0.,1.80231010491097E-16));
#1997=DIRECTION('',(1.,0.,-1.80231010491097E-16));
#1998=DIRECTION('',(0.,-1.,0.));
#1999=DIRECTION('',(1.,0.,-1.80231010491097E-16));
#2000=DIRECTION('',(1.,0.,0.));
#2001=DIRECTION('',(0.,-1.,0.));
#2002=DIRECTION('',(0.,0.,1.));
#2003=DIRECTION('',(0.,-1.,0.));
#2004=DIRECTION('',(0.,0.,1.));
#2005=DIRECTION('',(0.,-1.,0.));
#2006=DIRECTION('',(-1.,0.,0.));
#2007=DIRECTION('',(0.,1.,0.));
#2008=DIRECTION('',(0.,0.,-1.));
#2009=DIRECTION('',(0.,-1.,0.));
#2010=DIRECTION('',(0.,1.,0.));
#2011=DIRECTION('',(0.,0.,-1.));
#2012=DIRECTION('',(0.,-1.,0.));
#2013=DIRECTION('',(0.,0.,-1.));
#2014=DIRECTION('',(0.,1.,0.));
#2015=DIRECTION('',(1.,0.,0.));
#2016=DIRECTION('',(0.,-1.,0.));
#2017=DIRECTION('',(1.,0.,0.));
#2018=DIRECTION('',(0.,-1.,0.));
#2019=DIRECTION('',(-1.,0.,0.));
#2020=DIRECTION('',(0.,1.,0.));
#2021=DIRECTION('',(1.,0.,0.));
#2022=DIRECTION('',(0.,-1.,0.));
#2023=DIRECTION('',(0.,1.,0.));
#2024=DIRECTION('',(1.,0.,0.));
#2025=DIRECTION('',(1.,0.,0.));
#2026=DIRECTION('',(0.,-1.,0.));
#2027=DIRECTION('',(0.,0.,1.));
#2028=DIRECTION('',(0.,-1.,0.));
#2029=DIRECTION('',(0.,0.,1.));
#2030=DIRECTION('',(0.,-1.,0.));
#2031=DIRECTION('',(-1.,0.,0.));
#2032=DIRECTION('',(0.,1.,0.));
#2033=DIRECTION('',(0.,0.,1.));
#2034=DIRECTION('',(0.,-1.,0.));
#2035=DIRECTION('',(0.,1.,0.));
#2036=DIRECTION('',(0.,0.,1.));
#2037=DIRECTION('',(0.,0.,-1.));
#2038=DIRECTION('',(0.,1.,0.));
#2039=DIRECTION('',(1.,0.,0.));
#2040=DIRECTION('',(0.,-1.,0.));
#2041=DIRECTION('',(1.,0.,0.));
#2042=DIRECTION('',(0.,-1.,0.));
#2043=DIRECTION('',(-1.,0.,0.));
#2044=DIRECTION('',(0.,1.,0.));
#2045=DIRECTION('',(-1.,0.,0.));
#2046=DIRECTION('',(0.,-1.,0.));
#2047=DIRECTION('',(0.,1.,0.));
#2048=DIRECTION('',(-1.,0.,0.));
#2049=DIRECTION('',(0.,-1.,0.));
#2050=DIRECTION('',(-1.,0.,0.));
#2051=DIRECTION('',(0.,1.,0.));
#2052=DIRECTION('',(0.,0.,-1.));
#2053=DIRECTION('',(0.,-1.,0.));
#2054=DIRECTION('',(0.,1.,0.));
#2055=DIRECTION('',(0.,0.,-1.));
#2056=DIRECTION('',(0.,-1.,0.));
#2057=DIRECTION('',(0.,0.,-1.));
#2058=DIRECTION('',(0.,1.,0.));
#2059=DIRECTION('',(1.,0.,0.));
#2060=DIRECTION('',(0.,-1.,0.));
#2061=DIRECTION('',(1.,0.,0.));
#2062=DIRECTION('',(0.,-1.,0.));
#2063=DIRECTION('',(-1.,0.,0.));
#2064=DIRECTION('',(0.,1.,0.));
#2065=DIRECTION('',(1.,0.,0.));
#2066=DIRECTION('',(0.,-1.,0.));
#2067=DIRECTION('',(0.,1.,0.));
#2068=DIRECTION('',(1.,0.,0.));
#2069=DIRECTION('',(1.,0.,0.));
#2070=DIRECTION('',(0.,-1.,0.));
#2071=DIRECTION('',(0.,0.,1.));
#2072=DIRECTION('',(0.,-1.,0.));
#2073=DIRECTION('',(0.,0.,1.));
#2074=DIRECTION('',(0.,-1.,0.));
#2075=DIRECTION('',(-1.,0.,0.));
#2076=DIRECTION('',(0.,1.,0.));
#2077=DIRECTION('',(0.,0.,1.));
#2078=DIRECTION('',(0.,-1.,0.));
#2079=DIRECTION('',(0.,1.,0.));
#2080=DIRECTION('',(0.,0.,1.));
#2081=DIRECTION('',(0.,0.,-1.));
#2082=DIRECTION('',(0.,1.,0.));
#2083=DIRECTION('',(1.,0.,0.));
#2084=DIRECTION('',(0.,-1.,0.));
#2085=DIRECTION('',(1.,0.,0.));
#2086=DIRECTION('',(0.,-1.,0.));
#2087=DIRECTION('',(-1.,0.,0.));
#2088=DIRECTION('',(0.,1.,0.));
#2089=DIRECTION('',(-1.,0.,0.));
#2090=DIRECTION('',(0.,-1.,0.));
#2091=DIRECTION('',(0.,1.,0.));
#2092=DIRECTION('',(-1.,0.,0.));
#2093=DIRECTION('',(0.,-1.,0.));
#2094=DIRECTION('',(-1.,0.,0.));
#2095=DIRECTION('',(0.,1.,0.));
#2096=DIRECTION('',(0.,0.,-1.));
#2097=DIRECTION('',(0.,-1.,0.));
#2098=DIRECTION('',(0.,1.,0.));
#2099=DIRECTION('',(0.,0.,-1.));
#2100=DIRECTION('',(0.,-1.,0.));
#2101=DIRECTION('',(0.,0.,-1.));
#2102=DIRECTION('',(0.,1.,0.));
#2103=DIRECTION('',(1.,0.,0.));
#2104=DIRECTION('',(0.,-1.,0.));
#2105=DIRECTION('',(1.,0.,0.));
#2106=DIRECTION('',(0.,-1.,0.));
#2107=DIRECTION('',(-1.,0.,0.));
#2108=DIRECTION('',(0.,1.,0.));
#2109=DIRECTION('',(1.,0.,0.));
#2110=DIRECTION('',(0.,-1.,0.));
#2111=DIRECTION('',(0.,1.,0.));
#2112=DIRECTION('',(1.,0.,0.));
#2113=DIRECTION('',(1.,0.,0.));
#2114=DIRECTION('',(0.,-1.,0.));
#2115=DIRECTION('',(0.,0.,1.));
#2116=DIRECTION('',(0.,-1.,0.));
#2117=DIRECTION('',(0.,0.,1.));
#2118=DIRECTION('',(0.,-1.,0.));
#2119=DIRECTION('',(-1.,0.,0.));
#2120=DIRECTION('',(0.,1.,0.));
#2121=DIRECTION('',(0.,0.,1.));
#2122=DIRECTION('',(0.,-1.,0.));
#2123=DIRECTION('',(0.,1.,0.));
#2124=DIRECTION('',(0.,0.,1.));
#2125=DIRECTION('',(0.,0.,-1.));
#2126=DIRECTION('',(0.,1.,0.));
#2127=DIRECTION('',(1.,0.,0.));
#2128=DIRECTION('',(0.,-1.,0.));
#2129=DIRECTION('',(1.,0.,0.));
#2130=DIRECTION('',(0.,-1.,0.));
#2131=DIRECTION('',(-1.,0.,0.));
#2132=DIRECTION('',(0.,1.,0.));
#2133=DIRECTION('',(-1.,0.,0.));
#2134=DIRECTION('',(0.,-1.,0.));
#2135=DIRECTION('',(0.,1.,0.));
#2136=DIRECTION('',(-1.,0.,0.));
#2137=DIRECTION('',(0.,-1.,0.));
#2138=DIRECTION('',(-1.,0.,0.));
#2139=DIRECTION('',(0.,1.,0.));
#2140=DIRECTION('',(0.,0.,-1.));
#2141=DIRECTION('',(0.,-1.,0.));
#2142=DIRECTION('',(0.,1.,0.));
#2143=DIRECTION('',(0.,0.,-1.));
#2144=DIRECTION('',(0.,-1.,0.));
#2145=DIRECTION('',(0.,0.,-1.));
#2146=DIRECTION('',(0.,1.,0.));
#2147=DIRECTION('',(1.,0.,0.));
#2148=DIRECTION('',(0.,-1.,0.));
#2149=DIRECTION('',(1.,0.,0.));
#2150=DIRECTION('',(0.,-1.,0.));
#2151=DIRECTION('',(-1.,0.,0.));
#2152=DIRECTION('',(0.,1.,0.));
#2153=DIRECTION('',(1.,0.,1.21430643318376E-14));
#2154=DIRECTION('',(0.,-1.,0.));
#2155=DIRECTION('',(0.,1.,0.));
#2156=DIRECTION('',(1.,0.,1.21430643318376E-14));
#2157=DIRECTION('',(1.,0.,0.));
#2158=DIRECTION('',(0.,-1.,0.));
#2159=DIRECTION('',(0.,0.,1.));
#2160=DIRECTION('',(0.,-1.,0.));
#2161=DIRECTION('',(0.,0.,1.));
#2162=DIRECTION('',(0.,-1.,0.));
#2163=DIRECTION('',(-1.,0.,0.));
#2164=DIRECTION('',(0.,1.,0.));
#2165=DIRECTION('',(0.,0.,1.));
#2166=DIRECTION('',(0.,-1.,0.));
#2167=DIRECTION('',(0.,1.,0.));
#2168=DIRECTION('',(0.,0.,1.));
#2169=DIRECTION('',(0.,0.,-1.));
#2170=DIRECTION('',(0.,1.,0.));
#2171=DIRECTION('',(1.,0.,0.));
#2172=DIRECTION('',(0.,-1.,0.));
#2173=DIRECTION('',(1.,0.,0.));
#2174=DIRECTION('',(0.,-1.,0.));
#2175=DIRECTION('',(-1.,0.,0.));
#2176=DIRECTION('',(0.,1.,0.));
#2177=DIRECTION('',(-1.,0.,0.));
#2178=DIRECTION('',(0.,-1.,0.));
#2179=DIRECTION('',(0.,1.,0.));
#2180=DIRECTION('',(-1.,0.,0.));
#2181=DIRECTION('',(0.,-1.,0.));
#2182=DIRECTION('',(-1.,0.,0.));
#2183=DIRECTION('',(0.,1.,0.));
#2184=DIRECTION('',(0.,0.,-1.));
#2185=DIRECTION('',(0.,-1.,0.));
#2186=DIRECTION('',(0.,1.,0.));
#2187=DIRECTION('',(0.,0.,-1.));
#2188=DIRECTION('',(0.,-1.,0.));
#2189=DIRECTION('',(0.,0.,-1.));
#2190=DIRECTION('',(0.,1.,0.));
#2191=DIRECTION('',(1.,0.,0.));
#2192=DIRECTION('',(0.,-1.,0.));
#2193=DIRECTION('',(1.,0.,0.));
#2194=DIRECTION('',(0.,-1.,0.));
#2195=DIRECTION('',(-1.,0.,0.));
#2196=DIRECTION('',(0.,1.,0.));
#2197=DIRECTION('',(1.,0.,0.));
#2198=DIRECTION('',(0.,-1.,0.));
#2199=DIRECTION('',(0.,1.,0.));
#2200=DIRECTION('',(1.,0.,0.));
#2201=DIRECTION('',(1.,0.,0.));
#2202=DIRECTION('',(0.,-1.,0.));
#2203=DIRECTION('',(0.,0.,1.));
#2204=DIRECTION('',(0.,-1.,0.));
#2205=DIRECTION('',(0.,0.,1.));
#2206=DIRECTION('',(0.,-1.,0.));
#2207=DIRECTION('',(-1.,0.,0.));
#2208=DIRECTION('',(0.,1.,0.));
#2209=DIRECTION('',(0.,0.,1.));
#2210=DIRECTION('',(0.,-1.,0.));
#2211=DIRECTION('',(0.,1.,0.));
#2212=DIRECTION('',(0.,0.,1.));
#2213=DIRECTION('',(0.,0.,-1.));
#2214=DIRECTION('',(0.,1.,0.));
#2215=DIRECTION('',(1.,0.,0.));
#2216=DIRECTION('',(0.,-1.,0.));
#2217=DIRECTION('',(1.,0.,0.));
#2218=DIRECTION('',(0.,-1.,0.));
#2219=DIRECTION('',(-1.,0.,0.));
#2220=DIRECTION('',(0.,1.,0.));
#2221=DIRECTION('',(-1.,0.,0.));
#2222=DIRECTION('',(0.,-1.,0.));
#2223=DIRECTION('',(0.,1.,0.));
#2224=DIRECTION('',(-1.,0.,0.));
#2225=DIRECTION('',(0.,-1.,0.));
#2226=DIRECTION('',(-1.,0.,0.));
#2227=DIRECTION('',(0.,1.,0.));
#2228=DIRECTION('',(0.,0.,-1.));
#2229=DIRECTION('',(0.,-1.,0.));
#2230=DIRECTION('',(0.,1.,0.));
#2231=DIRECTION('',(0.,0.,-1.));
#2232=DIRECTION('',(0.,-1.,0.));
#2233=DIRECTION('',(0.,0.,-1.));
#2234=DIRECTION('',(0.,1.,0.));
#2235=DIRECTION('',(1.,0.,0.));
#2236=DIRECTION('',(0.,-1.,0.));
#2237=DIRECTION('',(1.,0.,0.));
#2238=DIRECTION('',(0.,-1.,0.));
#2239=DIRECTION('',(-1.,0.,0.));
#2240=DIRECTION('',(0.,1.,0.));
#2241=DIRECTION('',(1.,0.,0.));
#2242=DIRECTION('',(0.,-1.,0.));
#2243=DIRECTION('',(0.,1.,0.));
#2244=DIRECTION('',(1.,0.,0.));
#2245=DIRECTION('',(1.,0.,0.));
#2246=DIRECTION('',(0.,-1.,0.));
#2247=DIRECTION('',(0.,0.,1.));
#2248=DIRECTION('',(0.,-1.,0.));
#2249=DIRECTION('',(0.,0.,1.));
#2250=DIRECTION('',(0.,-1.,0.));
#2251=DIRECTION('',(-1.,0.,0.));
#2252=DIRECTION('',(0.,1.,0.));
#2253=DIRECTION('',(0.,0.,1.));
#2254=DIRECTION('',(0.,-1.,0.));
#2255=DIRECTION('',(0.,1.,0.));
#2256=DIRECTION('',(0.,0.,1.));
#2257=DIRECTION('',(0.,0.,-1.));
#2258=DIRECTION('',(0.,1.,0.));
#2259=DIRECTION('',(1.,0.,0.));
#2260=DIRECTION('',(0.,-1.,0.));
#2261=DIRECTION('',(1.,0.,0.));
#2262=DIRECTION('',(0.,-1.,0.));
#2263=DIRECTION('',(-1.,0.,0.));
#2264=DIRECTION('',(0.,1.,0.));
#2265=DIRECTION('',(-1.,0.,0.));
#2266=DIRECTION('',(0.,-1.,0.));
#2267=DIRECTION('',(0.,1.,0.));
#2268=DIRECTION('',(-1.,0.,0.));
#2269=DIRECTION('',(0.,-1.,0.));
#2270=DIRECTION('',(-1.,0.,0.));
#2271=DIRECTION('',(0.,1.,0.));
#2272=DIRECTION('',(0.,0.,-1.));
#2273=DIRECTION('',(0.,-1.,0.));
#2274=DIRECTION('',(0.,1.,0.));
#2275=DIRECTION('',(0.,0.,-1.));
#2276=DIRECTION('',(0.,-1.,0.));
#2277=DIRECTION('',(0.,0.,-1.));
#2278=DIRECTION('',(0.,1.,0.));
#2279=DIRECTION('',(1.,0.,0.));
#2280=DIRECTION('',(0.,-1.,0.));
#2281=DIRECTION('',(1.,0.,0.));
#2282=DIRECTION('',(0.,-1.,0.));
#2283=DIRECTION('',(-1.,0.,0.));
#2284=DIRECTION('',(0.,1.,0.));
#2285=DIRECTION('',(1.,0.,0.));
#2286=DIRECTION('',(0.,-1.,0.));
#2287=DIRECTION('',(0.,1.,0.));
#2288=DIRECTION('',(1.,0.,0.));
#2289=DIRECTION('',(1.,0.,0.));
#2290=DIRECTION('',(0.,-1.,0.));
#2291=DIRECTION('',(0.,0.,1.));
#2292=DIRECTION('',(0.,-1.,0.));
#2293=DIRECTION('',(0.,0.,1.));
#2294=DIRECTION('',(0.,-1.,0.));
#2295=DIRECTION('',(-1.,0.,0.));
#2296=DIRECTION('',(0.,1.,0.));
#2297=DIRECTION('',(0.,0.,1.));
#2298=DIRECTION('',(0.,-1.,0.));
#2299=DIRECTION('',(0.,1.,0.));
#2300=DIRECTION('',(0.,0.,1.));
#2301=DIRECTION('',(0.,0.,-1.));
#2302=DIRECTION('',(0.,1.,0.));
#2303=DIRECTION('',(1.,0.,0.));
#2304=DIRECTION('',(0.,-1.,0.));
#2305=DIRECTION('',(1.,0.,0.));
#2306=DIRECTION('',(0.,-1.,0.));
#2307=DIRECTION('',(-1.,0.,0.));
#2308=DIRECTION('',(0.,1.,0.));
#2309=DIRECTION('',(-1.,0.,0.));
#2310=DIRECTION('',(0.,-1.,0.));
#2311=DIRECTION('',(0.,1.,0.));
#2312=DIRECTION('',(-1.,0.,0.));
#2313=DIRECTION('',(0.,-1.,0.));
#2314=DIRECTION('',(-1.,0.,0.));
#2315=DIRECTION('',(0.,1.,0.));
#2316=DIRECTION('',(0.,0.,-1.));
#2317=DIRECTION('',(0.,-1.,0.));
#2318=DIRECTION('',(0.,1.,0.));
#2319=DIRECTION('',(0.,0.,-1.));
#2320=DIRECTION('',(0.,-1.,0.));
#2321=DIRECTION('',(0.,0.,-1.));
#2322=DIRECTION('',(0.,1.,0.));
#2323=DIRECTION('',(1.,0.,0.));
#2324=DIRECTION('',(0.,-1.,0.));
#2325=DIRECTION('',(1.,0.,0.));
#2326=DIRECTION('',(0.,-1.,0.));
#2327=DIRECTION('',(-1.,0.,0.));
#2328=DIRECTION('',(0.,1.,0.));
#2329=DIRECTION('',(1.,0.,1.38777878078144E-14));
#2330=DIRECTION('',(0.,-1.,0.));
#2331=DIRECTION('',(0.,1.,0.));
#2332=DIRECTION('',(1.,0.,1.38777878078144E-14));
#2333=DIRECTION('',(1.,0.,0.));
#2334=DIRECTION('',(0.,-1.,0.));
#2335=DIRECTION('',(0.,0.,1.));
#2336=DIRECTION('',(0.,-1.,0.));
#2337=DIRECTION('',(0.,0.,1.));
#2338=DIRECTION('',(0.,-1.,0.));
#2339=DIRECTION('',(-1.,0.,0.));
#2340=DIRECTION('',(0.,1.,0.));
#2341=DIRECTION('',(0.,0.,1.));
#2342=DIRECTION('',(0.,-1.,0.));
#2343=DIRECTION('',(0.,1.,0.));
#2344=DIRECTION('',(0.,0.,1.));
#2345=DIRECTION('',(0.,0.,-1.));
#2346=DIRECTION('',(0.,1.,0.));
#2347=DIRECTION('',(1.,0.,0.));
#2348=DIRECTION('',(0.,-1.,0.));
#2349=DIRECTION('',(1.,0.,0.));
#2350=DIRECTION('',(0.,-1.,0.));
#2351=DIRECTION('',(-1.,0.,0.));
#2352=DIRECTION('',(0.,1.,0.));
#2353=DIRECTION('',(-1.,0.,0.));
#2354=DIRECTION('',(0.,-1.,0.));
#2355=DIRECTION('',(0.,1.,0.));
#2356=DIRECTION('',(-1.,0.,0.));
#2357=DIRECTION('',(0.,-1.,0.));
#2358=DIRECTION('',(-1.,0.,0.));
#2359=DIRECTION('',(0.,1.,0.));
#2360=DIRECTION('',(1.,0.,0.));
#2361=DIRECTION('',(0.,1.,0.));
#2362=DIRECTION('',(1.,0.,0.));
#2363=DIRECTION('',(0.,-1.,0.));
#2364=DIRECTION('',(-1.,0.,0.));
#2365=DIRECTION('',(0.,1.,0.));
#2366=DIRECTION('',(1.,0.,0.));
#2367=DIRECTION('',(0.,1.,0.));
#2368=DIRECTION('',(1.,0.,0.));
#2369=DIRECTION('',(0.,-1.,0.));
#2370=DIRECTION('',(-1.,0.,0.));
#2371=DIRECTION('',(0.,1.,0.));
#2372=DIRECTION('',(1.,0.,0.));
#2373=DIRECTION('',(0.,1.,0.));
#2374=DIRECTION('',(1.,0.,0.));
#2375=DIRECTION('',(0.,-1.,0.));
#2376=DIRECTION('',(-1.,0.,0.));
#2377=DIRECTION('',(0.,1.,0.));
#2378=DIRECTION('',(1.,0.,0.));
#2379=DIRECTION('',(0.,1.,0.));
#2380=DIRECTION('',(1.,0.,0.));
#2381=DIRECTION('',(-1.80231010491097E-16,0.,-1.));
#2382=DIRECTION('',(-1.,0.,1.80231010491097E-16));
#2383=DIRECTION('',(1.,0.,-1.80231010491097E-16));
#2384=DIRECTION('',(1.,0.,-1.80231010491097E-16));
#2385=DIRECTION('',(1.,0.,0.));
#2386=DIRECTION('',(0.,-1.,0.));
#2387=DIRECTION('',(0.,0.,1.));
#2388=DIRECTION('',(0.,0.,1.));
#2389=DIRECTION('',(1.,0.,0.));
#2390=DIRECTION('',(0.,-1.,0.));
#2391=DIRECTION('',(0.,0.,1.));
#2392=DIRECTION('',(0.,0.,1.));
#2393=DIRECTION('',(1.,0.,0.));
#2394=DIRECTION('',(0.,-1.,0.));
#2395=DIRECTION('',(0.,0.,1.));
#2396=DIRECTION('',(0.,0.,1.));
#2397=DIRECTION('',(1.,0.,0.));
#2398=DIRECTION('',(0.,-1.,0.));
#2399=DIRECTION('',(0.,0.,1.));
#2400=DIRECTION('',(0.,0.,1.));
#2401=DIRECTION('',(1.,0.,0.));
#2402=DIRECTION('',(0.,-1.,0.));
#2403=DIRECTION('',(0.,0.,1.));
#2404=DIRECTION('',(0.,0.,1.));
#2405=DIRECTION('',(1.,0.,0.));
#2406=DIRECTION('',(0.,-1.,0.));
#2407=DIRECTION('',(0.,0.,1.));
#2408=DIRECTION('',(0.,0.,1.));
#2409=DIRECTION('',(1.,0.,0.));
#2410=DIRECTION('',(0.,-1.,0.));
#2411=DIRECTION('',(0.,0.,1.));
#2412=DIRECTION('',(0.,0.,1.));
#2413=DIRECTION('',(1.,0.,0.));
#2414=DIRECTION('',(0.,-1.,0.));
#2415=DIRECTION('',(0.,0.,1.));
#2416=DIRECTION('',(0.,0.,1.));
#2417=DIRECTION('',(3.61589051792977E-16,0.,1.));
#2418=DIRECTION('',(1.,0.,-3.61589051792977E-16));
#2419=DIRECTION('',(-1.,0.,3.61589051792977E-16));
#2420=DIRECTION('',(-1.,0.,3.61589051792977E-16));
#2421=DIRECTION('',(0.,1.,0.));
#2422=DIRECTION('',(1.,0.,0.));
#2423=DIRECTION('',(0.,1.,0.));
#2424=DIRECTION('',(1.,0.,0.));
#2425=CARTESIAN_POINT('',(0.,0.,0.));
#2426=CARTESIAN_POINT('',(-0.046495,0.003,6.49999999999956E-5));
#2427=CARTESIAN_POINT('',(-0.046495,0.,6.49999999999956E-5));
#2428=CARTESIAN_POINT('',(-0.046495,0.,-0.022515));
#2429=CARTESIAN_POINT('',(-0.046495,0.,0.022645));
#2430=CARTESIAN_POINT('',(-0.046495,0.003,0.022645));
#2431=CARTESIAN_POINT('',(-0.046495,0.003,0.022645));
#2432=CARTESIAN_POINT('',(-0.046495,0.003,6.49999999999956E-5));
#2433=CARTESIAN_POINT('',(-0.046495,0.003,-0.022515));
#2434=CARTESIAN_POINT('',(-0.046495,0.003,-0.022515));
#2435=CARTESIAN_POINT('',(-0.042495,0.003,0.022645));
#2436=CARTESIAN_POINT('',(-0.042495,0.,0.022645));
#2437=CARTESIAN_POINT('',(-0.042495,0.,0.026645));
#2438=CARTESIAN_POINT('',(-0.042495,0.003,0.026645));
#2439=CARTESIAN_POINT('',(-0.042495,0.003,0.026645));
#2440=CARTESIAN_POINT('',(-0.042495,0.003,0.022645));
#2441=CARTESIAN_POINT('',(-0.000395,0.003,0.026645));
#2442=CARTESIAN_POINT('',(-0.000395,0.,0.026645));
#2443=CARTESIAN_POINT('',(0.041705,0.,0.026645));
#2444=CARTESIAN_POINT('',(0.041705,0.003,0.026645));
#2445=CARTESIAN_POINT('',(0.041705,0.003,0.026645));
#2446=CARTESIAN_POINT('',(-0.000395,0.003,0.026645));
#2447=CARTESIAN_POINT('',(0.041705,0.003,0.022645));
#2448=CARTESIAN_POINT('',(0.041705,0.,0.022645));
#2449=CARTESIAN_POINT('',(0.045705,0.,0.022645));
#2450=CARTESIAN_POINT('',(0.045705,0.003,0.022645));
#2451=CARTESIAN_POINT('',(0.045705,0.003,0.022645));
#2452=CARTESIAN_POINT('',(0.041705,0.003,0.022645));
#2453=CARTESIAN_POINT('',(0.045705,0.003,-0.010435));
#2454=CARTESIAN_POINT('',(0.045705,0.,-0.010435));
#2455=CARTESIAN_POINT('',(0.045705,0.,-0.043515));
#2456=CARTESIAN_POINT('',(0.045705,0.003,-0.043515));
#2457=CARTESIAN_POINT('',(0.045705,0.003,-0.043515));
#2458=CARTESIAN_POINT('',(0.045705,0.003,-0.010435));
#2459=CARTESIAN_POINT('',(0.041705,0.003,-0.043515));
#2460=CARTESIAN_POINT('',(0.041705,0.,-0.043515));
#2461=CARTESIAN_POINT('',(0.041705,0.,-0.047515));
#2462=CARTESIAN_POINT('',(0.041705,0.003,-0.047515));
#2463=CARTESIAN_POINT('',(0.041705,0.003,-0.047515));
#2464=CARTESIAN_POINT('',(0.041705,0.003,-0.043515));
#2465=CARTESIAN_POINT('',(-0.000395,0.003,-0.047515));
#2466=CARTESIAN_POINT('',(-0.000395,0.,-0.047515));
#2467=CARTESIAN_POINT('',(-0.042495,0.,-0.047515));
#2468=CARTESIAN_POINT('',(-0.042495,0.003,-0.047515));
#2469=CARTESIAN_POINT('',(-0.042495,0.003,-0.047515));
#2470=CARTESIAN_POINT('',(-0.000395,0.003,-0.047515));
#2471=CARTESIAN_POINT('',(-0.042495,0.003,-0.043515));
#2472=CARTESIAN_POINT('',(-0.042495,0.,-0.043515));
#2473=CARTESIAN_POINT('',(-0.046495,0.,-0.043515));
#2474=CARTESIAN_POINT('',(-0.046495,0.003,-0.043515));
#2475=CARTESIAN_POINT('',(-0.046495,0.003,-0.043515));
#2476=CARTESIAN_POINT('',(-0.042495,0.003,-0.043515));
#2477=CARTESIAN_POINT('',(-0.046495,0.003,-0.041015));
#2478=CARTESIAN_POINT('',(-0.046495,0.,-0.041015));
#2479=CARTESIAN_POINT('',(-0.046495,0.,-0.038515));
#2480=CARTESIAN_POINT('',(-0.046495,0.003,-0.038515));
#2481=CARTESIAN_POINT('',(-0.046495,0.003,-0.038515));
#2482=CARTESIAN_POINT('',(-0.046495,0.003,-0.041015));
#2483=CARTESIAN_POINT('',(-0.0369,0.003,-0.038515));
#2484=CARTESIAN_POINT('',(-0.0369,0.,-0.038515));
#2485=CARTESIAN_POINT('',(-0.027305,0.,-0.038515));
#2486=CARTESIAN_POINT('',(-0.027305,0.003,-0.038515));
#2487=CARTESIAN_POINT('',(-0.027305,0.003,-0.038515));
#2488=CARTESIAN_POINT('',(-0.0369,0.003,-0.038515));
#2489=CARTESIAN_POINT('',(-0.027305,0.003,-0.030515));
#2490=CARTESIAN_POINT('',(-0.027305,0.,-0.030515));
#2491=CARTESIAN_POINT('',(-0.027305,0.,-0.022515));
#2492=CARTESIAN_POINT('',(-0.027305,0.003,-0.022515));
#2493=CARTESIAN_POINT('',(-0.027305,0.003,-0.022515));
#2494=CARTESIAN_POINT('',(-0.027305,0.003,-0.030515));
#2495=CARTESIAN_POINT('',(-0.004225,0.003,-0.030725));
#2496=CARTESIAN_POINT('',(-0.004225,0.,-0.030725));
#2497=CARTESIAN_POINT('',(-0.004225,0.,-0.036975));
#2498=CARTESIAN_POINT('',(-0.004225,0.,-0.024475));
#2499=CARTESIAN_POINT('',(-0.004225,0.003,-0.036975));
#2500=CARTESIAN_POINT('',(-0.004225,0.003,-0.036975));
#2501=CARTESIAN_POINT('',(-0.004225,0.003,-0.030725));
#2502=CARTESIAN_POINT('',(-0.004225,0.003,-0.024475));
#2503=CARTESIAN_POINT('',(-0.004225,0.003,-0.024475));
#2504=CARTESIAN_POINT('',(0.015025,0.003,-0.036975));
#2505=CARTESIAN_POINT('',(0.015025,0.,-0.036975));
#2506=CARTESIAN_POINT('',(0.034275,0.,-0.036975));
#2507=CARTESIAN_POINT('',(0.034275,0.003,-0.036975));
#2508=CARTESIAN_POINT('',(0.034275,0.003,-0.036975));
#2509=CARTESIAN_POINT('',(0.015025,0.003,-0.036975));
#2510=CARTESIAN_POINT('',(0.034275,0.003,-0.030725));
#2511=CARTESIAN_POINT('',(0.034275,0.,-0.030725));
#2512=CARTESIAN_POINT('',(0.034275,0.,-0.024475));
#2513=CARTESIAN_POINT('',(0.034275,0.003,-0.024475));
#2514=CARTESIAN_POINT('',(0.034275,0.003,-0.024475));
#2515=CARTESIAN_POINT('',(0.034275,0.003,-0.030725));
#2516=CARTESIAN_POINT('',(0.022075,0.003,0.003025));
#2517=CARTESIAN_POINT('',(0.022075,0.,0.003025));
#2518=CARTESIAN_POINT('',(0.022075,0.,0.002525));
#2519=CARTESIAN_POINT('',(0.021575,0.,0.003025));
#2520=CARTESIAN_POINT('',(0.022075,0.003,0.002525));
#2521=CARTESIAN_POINT('',(0.022075,0.003,0.002525));
#2522=CARTESIAN_POINT('',(0.022075,0.003,0.003025));
#2523=CARTESIAN_POINT('',(0.021575,0.003,0.003025));
#2524=CARTESIAN_POINT('',(0.021575,0.003,0.003025));
#2525=CARTESIAN_POINT('',(0.028575,0.003,0.002525));
#2526=CARTESIAN_POINT('',(0.028575,0.,0.002525));
#2527=CARTESIAN_POINT('',(0.035075,0.,0.002525));
#2528=CARTESIAN_POINT('',(0.035075,0.003,0.002525));
#2529=CARTESIAN_POINT('',(0.035075,0.003,0.002525));
#2530=CARTESIAN_POINT('',(0.028575,0.003,0.002525));
#2531=CARTESIAN_POINT('',(0.035075,0.003,0.003025));
#2532=CARTESIAN_POINT('',(0.035075,0.,0.003025));
#2533=CARTESIAN_POINT('',(0.035575,0.,0.003025));
#2534=CARTESIAN_POINT('',(0.035575,0.003,0.003025));
#2535=CARTESIAN_POINT('',(0.035575,0.003,0.003025));
#2536=CARTESIAN_POINT('',(0.035075,0.003,0.003025));
#2537=CARTESIAN_POINT('',(0.035575,0.003,0.009525));
#2538=CARTESIAN_POINT('',(0.035575,0.,0.009525));
#2539=CARTESIAN_POINT('',(0.035575,0.,0.016025));
#2540=CARTESIAN_POINT('',(0.035575,0.003,0.016025));
#2541=CARTESIAN_POINT('',(0.035575,0.003,0.016025));
#2542=CARTESIAN_POINT('',(0.035575,0.003,0.009525));
#2543=CARTESIAN_POINT('',(0.035075,0.003,0.016025));
#2544=CARTESIAN_POINT('',(0.035075,0.,0.016025));
#2545=CARTESIAN_POINT('',(0.035075,0.,0.016525));
#2546=CARTESIAN_POINT('',(0.035075,0.003,0.016525));
#2547=CARTESIAN_POINT('',(0.035075,0.003,0.016525));
#2548=CARTESIAN_POINT('',(0.035075,0.003,0.016025));
#2549=CARTESIAN_POINT('',(0.028575,0.003,0.016525));
#2550=CARTESIAN_POINT('',(0.028575,0.,0.016525));
#2551=CARTESIAN_POINT('',(0.022075,0.,0.016525));
#2552=CARTESIAN_POINT('',(0.022075,0.003,0.016525));
#2553=CARTESIAN_POINT('',(0.022075,0.003,0.016525));
#2554=CARTESIAN_POINT('',(0.028575,0.003,0.016525));
#2555=CARTESIAN_POINT('',(0.022075,0.003,0.016025));
#2556=CARTESIAN_POINT('',(0.022075,0.,0.016025));
#2557=CARTESIAN_POINT('',(0.021575,0.,0.016025));
#2558=CARTESIAN_POINT('',(0.021575,0.003,0.016025));
#2559=CARTESIAN_POINT('',(0.021575,0.003,0.016025));
#2560=CARTESIAN_POINT('',(0.022075,0.003,0.016025));
#2561=CARTESIAN_POINT('',(0.003025,0.003,0.003025));
#2562=CARTESIAN_POINT('',(0.003025,0.,0.003025));
#2563=CARTESIAN_POINT('',(0.003025,0.,0.002525));
#2564=CARTESIAN_POINT('',(0.002525,0.,0.003025));
#2565=CARTESIAN_POINT('',(0.003025,0.003,0.002525));
#2566=CARTESIAN_POINT('',(0.003025,0.003,0.002525));
#2567=CARTESIAN_POINT('',(0.003025,0.003,0.003025));
#2568=CARTESIAN_POINT('',(0.002525,0.003,0.003025));
#2569=CARTESIAN_POINT('',(0.002525,0.003,0.003025));
#2570=CARTESIAN_POINT('',(0.009525,0.003,0.002525));
#2571=CARTESIAN_POINT('',(0.009525,0.,0.002525));
#2572=CARTESIAN_POINT('',(0.016025,0.,0.002525));
#2573=CARTESIAN_POINT('',(0.016025,0.003,0.002525));
#2574=CARTESIAN_POINT('',(0.016025,0.003,0.002525));
#2575=CARTESIAN_POINT('',(0.009525,0.003,0.002525));
#2576=CARTESIAN_POINT('',(0.016025,0.003,0.003025));
#2577=CARTESIAN_POINT('',(0.016025,0.,0.003025));
#2578=CARTESIAN_POINT('',(0.016525,0.,0.003025));
#2579=CARTESIAN_POINT('',(0.016525,0.003,0.003025));
#2580=CARTESIAN_POINT('',(0.016525,0.003,0.003025));
#2581=CARTESIAN_POINT('',(0.016025,0.003,0.003025));
#2582=CARTESIAN_POINT('',(0.016525,0.003,0.009525));
#2583=CARTESIAN_POINT('',(0.016525,0.,0.009525));
#2584=CARTESIAN_POINT('',(0.016525,0.,0.016025));
#2585=CARTESIAN_POINT('',(0.016525,0.003,0.016025));
#2586=CARTESIAN_POINT('',(0.016525,0.003,0.016025));
#2587=CARTESIAN_POINT('',(0.016525,0.003,0.009525));
#2588=CARTESIAN_POINT('',(0.016025,0.003,0.016025));
#2589=CARTESIAN_POINT('',(0.016025,0.,0.016025));
#2590=CARTESIAN_POINT('',(0.016025,0.,0.016525));
#2591=CARTESIAN_POINT('',(0.016025,0.003,0.016525));
#2592=CARTESIAN_POINT('',(0.016025,0.003,0.016525));
#2593=CARTESIAN_POINT('',(0.016025,0.003,0.016025));
#2594=CARTESIAN_POINT('',(0.009525,0.003,0.016525));
#2595=CARTESIAN_POINT('',(0.009525,0.,0.016525));
#2596=CARTESIAN_POINT('',(0.003025,0.,0.016525));
#2597=CARTESIAN_POINT('',(0.003025,0.003,0.016525));
#2598=CARTESIAN_POINT('',(0.003025,0.003,0.016525));
#2599=CARTESIAN_POINT('',(0.009525,0.003,0.016525));
#2600=CARTESIAN_POINT('',(0.003025,0.003,0.016025));
#2601=CARTESIAN_POINT('',(0.003025,0.,0.016025));
#2602=CARTESIAN_POINT('',(0.002525,0.,0.016025));
#2603=CARTESIAN_POINT('',(0.002525,0.003,0.016025));
#2604=CARTESIAN_POINT('',(0.002525,0.003,0.016025));
#2605=CARTESIAN_POINT('',(0.003025,0.003,0.016025));
#2606=CARTESIAN_POINT('',(-0.016025,0.003,0.003025));
#2607=CARTESIAN_POINT('',(-0.016025,0.,0.003025));
#2608=CARTESIAN_POINT('',(-0.016025,0.,0.002525));
#2609=CARTESIAN_POINT('',(-0.016525,0.,0.003025));
#2610=CARTESIAN_POINT('',(-0.016025,0.003,0.002525));
#2611=CARTESIAN_POINT('',(-0.016025,0.003,0.002525));
#2612=CARTESIAN_POINT('',(-0.016025,0.003,0.003025));
#2613=CARTESIAN_POINT('',(-0.016525,0.003,0.003025));
#2614=CARTESIAN_POINT('',(-0.016525,0.003,0.003025));
#2615=CARTESIAN_POINT('',(-0.009525,0.003,0.002525));
#2616=CARTESIAN_POINT('',(-0.009525,0.,0.002525));
#2617=CARTESIAN_POINT('',(-0.003025,0.,0.002525));
#2618=CARTESIAN_POINT('',(-0.003025,0.003,0.002525));
#2619=CARTESIAN_POINT('',(-0.003025,0.003,0.002525));
#2620=CARTESIAN_POINT('',(-0.009525,0.003,0.002525));
#2621=CARTESIAN_POINT('',(-0.003025,0.003,0.003025));
#2622=CARTESIAN_POINT('',(-0.003025,0.,0.003025));
#2623=CARTESIAN_POINT('',(-0.002525,0.,0.003025));
#2624=CARTESIAN_POINT('',(-0.002525,0.003,0.003025));
#2625=CARTESIAN_POINT('',(-0.002525,0.003,0.003025));
#2626=CARTESIAN_POINT('',(-0.003025,0.003,0.003025));
#2627=CARTESIAN_POINT('',(-0.002525,0.003,0.009525));
#2628=CARTESIAN_POINT('',(-0.002525,0.,0.009525));
#2629=CARTESIAN_POINT('',(-0.002525,0.,0.016025));
#2630=CARTESIAN_POINT('',(-0.002525,0.003,0.016025));
#2631=CARTESIAN_POINT('',(-0.002525,0.003,0.016025));
#2632=CARTESIAN_POINT('',(-0.002525,0.003,0.009525));
#2633=CARTESIAN_POINT('',(-0.003025,0.003,0.016025));
#2634=CARTESIAN_POINT('',(-0.003025,0.,0.016025));
#2635=CARTESIAN_POINT('',(-0.003025,0.,0.016525));
#2636=CARTESIAN_POINT('',(-0.003025,0.003,0.016525));
#2637=CARTESIAN_POINT('',(-0.003025,0.003,0.016525));
#2638=CARTESIAN_POINT('',(-0.003025,0.003,0.016025));
#2639=CARTESIAN_POINT('',(-0.009525,0.003,0.016525));
#2640=CARTESIAN_POINT('',(-0.009525,0.,0.016525));
#2641=CARTESIAN_POINT('',(-0.016025,0.,0.016525));
#2642=CARTESIAN_POINT('',(-0.016025,0.003,0.016525));
#2643=CARTESIAN_POINT('',(-0.016025,0.003,0.016525));
#2644=CARTESIAN_POINT('',(-0.009525,0.003,0.016525));
#2645=CARTESIAN_POINT('',(-0.016025,0.003,0.016025));
#2646=CARTESIAN_POINT('',(-0.016025,0.,0.016025));
#2647=CARTESIAN_POINT('',(-0.016525,0.,0.016025));
#2648=CARTESIAN_POINT('',(-0.016525,0.003,0.016025));
#2649=CARTESIAN_POINT('',(-0.016525,0.003,0.016025));
#2650=CARTESIAN_POINT('',(-0.016025,0.003,0.016025));
#2651=CARTESIAN_POINT('',(-0.035075,0.003,0.003025));
#2652=CARTESIAN_POINT('',(-0.035075,0.,0.003025));
#2653=CARTESIAN_POINT('',(-0.035075,0.,0.002525));
#2654=CARTESIAN_POINT('',(-0.035575,0.,0.003025));
#2655=CARTESIAN_POINT('',(-0.035075,0.003,0.002525));
#2656=CARTESIAN_POINT('',(-0.035075,0.003,0.002525));
#2657=CARTESIAN_POINT('',(-0.035075,0.003,0.003025));
#2658=CARTESIAN_POINT('',(-0.035575,0.003,0.003025));
#2659=CARTESIAN_POINT('',(-0.035575,0.003,0.003025));
#2660=CARTESIAN_POINT('',(-0.028575,0.003,0.002525));
#2661=CARTESIAN_POINT('',(-0.028575,0.,0.002525));
#2662=CARTESIAN_POINT('',(-0.022075,0.,0.002525));
#2663=CARTESIAN_POINT('',(-0.022075,0.003,0.002525));
#2664=CARTESIAN_POINT('',(-0.022075,0.003,0.002525));
#2665=CARTESIAN_POINT('',(-0.028575,0.003,0.002525));
#2666=CARTESIAN_POINT('',(-0.022075,0.003,0.003025));
#2667=CARTESIAN_POINT('',(-0.022075,0.,0.003025));
#2668=CARTESIAN_POINT('',(-0.021575,0.,0.003025));
#2669=CARTESIAN_POINT('',(-0.021575,0.003,0.003025));
#2670=CARTESIAN_POINT('',(-0.021575,0.003,0.003025));
#2671=CARTESIAN_POINT('',(-0.022075,0.003,0.003025));
#2672=CARTESIAN_POINT('',(-0.021575,0.003,0.009525));
#2673=CARTESIAN_POINT('',(-0.021575,0.,0.009525));
#2674=CARTESIAN_POINT('',(-0.021575,0.,0.016025));
#2675=CARTESIAN_POINT('',(-0.021575,0.003,0.016025));
#2676=CARTESIAN_POINT('',(-0.021575,0.003,0.016025));
#2677=CARTESIAN_POINT('',(-0.021575,0.003,0.009525));
#2678=CARTESIAN_POINT('',(-0.022075,0.003,0.016025));
#2679=CARTESIAN_POINT('',(-0.022075,0.,0.016025));
#2680=CARTESIAN_POINT('',(-0.022075,0.,0.016525));
#2681=CARTESIAN_POINT('',(-0.022075,0.003,0.016525));
#2682=CARTESIAN_POINT('',(-0.022075,0.003,0.016525));
#2683=CARTESIAN_POINT('',(-0.022075,0.003,0.016025));
#2684=CARTESIAN_POINT('',(-0.028575,0.003,0.016525));
#2685=CARTESIAN_POINT('',(-0.028575,0.,0.016525));
#2686=CARTESIAN_POINT('',(-0.035075,0.,0.016525));
#2687=CARTESIAN_POINT('',(-0.035075,0.003,0.016525));
#2688=CARTESIAN_POINT('',(-0.035075,0.003,0.016525));
#2689=CARTESIAN_POINT('',(-0.028575,0.003,0.016525));
#2690=CARTESIAN_POINT('',(-0.035075,0.003,0.016025));
#2691=CARTESIAN_POINT('',(-0.035075,0.,0.016025));
#2692=CARTESIAN_POINT('',(-0.035575,0.,0.016025));
#2693=CARTESIAN_POINT('',(-0.035575,0.003,0.016025));
#2694=CARTESIAN_POINT('',(-0.035575,0.003,0.016025));
#2695=CARTESIAN_POINT('',(-0.035075,0.003,0.016025));
#2696=CARTESIAN_POINT('',(0.022075,0.003,-0.016025));
#2697=CARTESIAN_POINT('',(0.022075,0.,-0.016025));
#2698=CARTESIAN_POINT('',(0.022075,0.,-0.016525));
#2699=CARTESIAN_POINT('',(0.021575,0.,-0.016025));
#2700=CARTESIAN_POINT('',(0.022075,0.003,-0.016525));
#2701=CARTESIAN_POINT('',(0.022075,0.003,-0.016525));
#2702=CARTESIAN_POINT('',(0.022075,0.003,-0.016025));
#2703=CARTESIAN_POINT('',(0.021575,0.003,-0.016025));
#2704=CARTESIAN_POINT('',(0.021575,0.003,-0.016025));
#2705=CARTESIAN_POINT('',(0.028575,0.003,-0.016525));
#2706=CARTESIAN_POINT('',(0.028575,0.,-0.016525));
#2707=CARTESIAN_POINT('',(0.035075,0.,-0.016525));
#2708=CARTESIAN_POINT('',(0.035075,0.003,-0.016525));
#2709=CARTESIAN_POINT('',(0.035075,0.003,-0.016525));
#2710=CARTESIAN_POINT('',(0.028575,0.003,-0.016525));
#2711=CARTESIAN_POINT('',(0.035075,0.003,-0.016025));
#2712=CARTESIAN_POINT('',(0.035075,0.,-0.016025));
#2713=CARTESIAN_POINT('',(0.035575,0.,-0.016025));
#2714=CARTESIAN_POINT('',(0.035575,0.003,-0.016025));
#2715=CARTESIAN_POINT('',(0.035575,0.003,-0.016025));
#2716=CARTESIAN_POINT('',(0.035075,0.003,-0.016025));
#2717=CARTESIAN_POINT('',(0.035575,0.003,-0.009525));
#2718=CARTESIAN_POINT('',(0.035575,0.,-0.009525));
#2719=CARTESIAN_POINT('',(0.035575,0.,-0.003025));
#2720=CARTESIAN_POINT('',(0.035575,0.003,-0.003025));
#2721=CARTESIAN_POINT('',(0.035575,0.003,-0.003025));
#2722=CARTESIAN_POINT('',(0.035575,0.003,-0.009525));
#2723=CARTESIAN_POINT('',(0.035075,0.003,-0.003025));
#2724=CARTESIAN_POINT('',(0.035075,0.,-0.003025));
#2725=CARTESIAN_POINT('',(0.035075,0.,-0.002525));
#2726=CARTESIAN_POINT('',(0.035075,0.003,-0.002525));
#2727=CARTESIAN_POINT('',(0.035075,0.003,-0.002525));
#2728=CARTESIAN_POINT('',(0.035075,0.003,-0.003025));
#2729=CARTESIAN_POINT('',(0.028575,0.003,-0.002525));
#2730=CARTESIAN_POINT('',(0.028575,0.,-0.002525));
#2731=CARTESIAN_POINT('',(0.022075,0.,-0.002525));
#2732=CARTESIAN_POINT('',(0.022075,0.003,-0.002525));
#2733=CARTESIAN_POINT('',(0.022075,0.003,-0.002525));
#2734=CARTESIAN_POINT('',(0.028575,0.003,-0.002525));
#2735=CARTESIAN_POINT('',(0.022075,0.003,-0.003025));
#2736=CARTESIAN_POINT('',(0.022075,0.,-0.003025));
#2737=CARTESIAN_POINT('',(0.021575,0.,-0.003025));
#2738=CARTESIAN_POINT('',(0.021575,0.003,-0.003025));
#2739=CARTESIAN_POINT('',(0.021575,0.003,-0.003025));
#2740=CARTESIAN_POINT('',(0.022075,0.003,-0.003025));
#2741=CARTESIAN_POINT('',(0.003025,0.003,-0.016025));
#2742=CARTESIAN_POINT('',(0.003025,0.,-0.016025));
#2743=CARTESIAN_POINT('',(0.003025,0.,-0.016525));
#2744=CARTESIAN_POINT('',(0.002525,0.,-0.016025));
#2745=CARTESIAN_POINT('',(0.003025,0.003,-0.016525));
#2746=CARTESIAN_POINT('',(0.003025,0.003,-0.016525));
#2747=CARTESIAN_POINT('',(0.003025,0.003,-0.016025));
#2748=CARTESIAN_POINT('',(0.002525,0.003,-0.016025));
#2749=CARTESIAN_POINT('',(0.002525,0.003,-0.016025));
#2750=CARTESIAN_POINT('',(0.009525,0.003,-0.016525));
#2751=CARTESIAN_POINT('',(0.009525,0.,-0.016525));
#2752=CARTESIAN_POINT('',(0.016025,0.,-0.016525));
#2753=CARTESIAN_POINT('',(0.016025,0.003,-0.016525));
#2754=CARTESIAN_POINT('',(0.016025,0.003,-0.016525));
#2755=CARTESIAN_POINT('',(0.009525,0.003,-0.016525));
#2756=CARTESIAN_POINT('',(0.016025,0.003,-0.016025));
#2757=CARTESIAN_POINT('',(0.016025,0.,-0.016025));
#2758=CARTESIAN_POINT('',(0.016525,0.,-0.016025));
#2759=CARTESIAN_POINT('',(0.016525,0.003,-0.016025));
#2760=CARTESIAN_POINT('',(0.016525,0.003,-0.016025));
#2761=CARTESIAN_POINT('',(0.016025,0.003,-0.016025));
#2762=CARTESIAN_POINT('',(0.016525,0.003,-0.009525));
#2763=CARTESIAN_POINT('',(0.016525,0.,-0.009525));
#2764=CARTESIAN_POINT('',(0.016525,0.,-0.003025));
#2765=CARTESIAN_POINT('',(0.016525,0.003,-0.003025));
#2766=CARTESIAN_POINT('',(0.016525,0.003,-0.003025));
#2767=CARTESIAN_POINT('',(0.016525,0.003,-0.009525));
#2768=CARTESIAN_POINT('',(0.016025,0.003,-0.003025));
#2769=CARTESIAN_POINT('',(0.016025,0.,-0.003025));
#2770=CARTESIAN_POINT('',(0.016025,0.,-0.002525));
#2771=CARTESIAN_POINT('',(0.016025,0.003,-0.002525));
#2772=CARTESIAN_POINT('',(0.016025,0.003,-0.002525));
#2773=CARTESIAN_POINT('',(0.016025,0.003,-0.003025));
#2774=CARTESIAN_POINT('',(0.009525,0.003,-0.002525));
#2775=CARTESIAN_POINT('',(0.009525,0.,-0.002525));
#2776=CARTESIAN_POINT('',(0.003025,0.,-0.002525));
#2777=CARTESIAN_POINT('',(0.003025,0.003,-0.002525));
#2778=CARTESIAN_POINT('',(0.003025,0.003,-0.002525));
#2779=CARTESIAN_POINT('',(0.009525,0.003,-0.002525));
#2780=CARTESIAN_POINT('',(0.003025,0.003,-0.003025));
#2781=CARTESIAN_POINT('',(0.003025,0.,-0.003025));
#2782=CARTESIAN_POINT('',(0.002525,0.,-0.003025));
#2783=CARTESIAN_POINT('',(0.002525,0.003,-0.003025));
#2784=CARTESIAN_POINT('',(0.002525,0.003,-0.003025));
#2785=CARTESIAN_POINT('',(0.003025,0.003,-0.003025));
#2786=CARTESIAN_POINT('',(-0.016025,0.003,-0.016025));
#2787=CARTESIAN_POINT('',(-0.016025,0.,-0.016025));
#2788=CARTESIAN_POINT('',(-0.016025,0.,-0.016525));
#2789=CARTESIAN_POINT('',(-0.016525,0.,-0.016025));
#2790=CARTESIAN_POINT('',(-0.016025,0.003,-0.016525));
#2791=CARTESIAN_POINT('',(-0.016025,0.003,-0.016525));
#2792=CARTESIAN_POINT('',(-0.016025,0.003,-0.016025));
#2793=CARTESIAN_POINT('',(-0.016525,0.003,-0.016025));
#2794=CARTESIAN_POINT('',(-0.016525,0.003,-0.016025));
#2795=CARTESIAN_POINT('',(-0.009525,0.003,-0.016525));
#2796=CARTESIAN_POINT('',(-0.009525,0.,-0.016525));
#2797=CARTESIAN_POINT('',(-0.003025,0.,-0.016525));
#2798=CARTESIAN_POINT('',(-0.003025,0.003,-0.016525));
#2799=CARTESIAN_POINT('',(-0.003025,0.003,-0.016525));
#2800=CARTESIAN_POINT('',(-0.009525,0.003,-0.016525));
#2801=CARTESIAN_POINT('',(-0.003025,0.003,-0.016025));
#2802=CARTESIAN_POINT('',(-0.003025,0.,-0.016025));
#2803=CARTESIAN_POINT('',(-0.002525,0.,-0.016025));
#2804=CARTESIAN_POINT('',(-0.002525,0.003,-0.016025));
#2805=CARTESIAN_POINT('',(-0.002525,0.003,-0.016025));
#2806=CARTESIAN_POINT('',(-0.003025,0.003,-0.016025));
#2807=CARTESIAN_POINT('',(-0.002525,0.003,-0.009525));
#2808=CARTESIAN_POINT('',(-0.002525,0.,-0.009525));
#2809=CARTESIAN_POINT('',(-0.002525,0.,-0.003025));
#2810=CARTESIAN_POINT('',(-0.002525,0.003,-0.003025));
#2811=CARTESIAN_POINT('',(-0.002525,0.003,-0.003025));
#2812=CARTESIAN_POINT('',(-0.002525,0.003,-0.009525));
#2813=CARTESIAN_POINT('',(-0.003025,0.003,-0.003025));
#2814=CARTESIAN_POINT('',(-0.003025,0.,-0.003025));
#2815=CARTESIAN_POINT('',(-0.003025,0.,-0.002525));
#2816=CARTESIAN_POINT('',(-0.003025,0.003,-0.002525));
#2817=CARTESIAN_POINT('',(-0.003025,0.003,-0.002525));
#2818=CARTESIAN_POINT('',(-0.003025,0.003,-0.003025));
#2819=CARTESIAN_POINT('',(-0.009525,0.003,-0.002525));
#2820=CARTESIAN_POINT('',(-0.009525,0.,-0.002525));
#2821=CARTESIAN_POINT('',(-0.016025,0.,-0.002525));
#2822=CARTESIAN_POINT('',(-0.016025,0.003,-0.002525));
#2823=CARTESIAN_POINT('',(-0.016025,0.003,-0.002525));
#2824=CARTESIAN_POINT('',(-0.009525,0.003,-0.002525));
#2825=CARTESIAN_POINT('',(-0.016025,0.003,-0.003025));
#2826=CARTESIAN_POINT('',(-0.016025,0.,-0.003025));
#2827=CARTESIAN_POINT('',(-0.016525,0.,-0.003025));
#2828=CARTESIAN_POINT('',(-0.016525,0.003,-0.003025));
#2829=CARTESIAN_POINT('',(-0.016525,0.003,-0.003025));
#2830=CARTESIAN_POINT('',(-0.016025,0.003,-0.003025));
#2831=CARTESIAN_POINT('',(-0.035075,0.003,-0.016025));
#2832=CARTESIAN_POINT('',(-0.035075,0.,-0.016025));
#2833=CARTESIAN_POINT('',(-0.035075,0.,-0.016525));
#2834=CARTESIAN_POINT('',(-0.035575,0.,-0.016025));
#2835=CARTESIAN_POINT('',(-0.035075,0.003,-0.016525));
#2836=CARTESIAN_POINT('',(-0.035075,0.003,-0.016525));
#2837=CARTESIAN_POINT('',(-0.035075,0.003,-0.016025));
#2838=CARTESIAN_POINT('',(-0.035575,0.003,-0.016025));
#2839=CARTESIAN_POINT('',(-0.035575,0.003,-0.016025));
#2840=CARTESIAN_POINT('',(-0.028575,0.003,-0.016525));
#2841=CARTESIAN_POINT('',(-0.028575,0.,-0.016525));
#2842=CARTESIAN_POINT('',(-0.022075,0.,-0.016525));
#2843=CARTESIAN_POINT('',(-0.022075,0.003,-0.016525));
#2844=CARTESIAN_POINT('',(-0.022075,0.003,-0.016525));
#2845=CARTESIAN_POINT('',(-0.028575,0.003,-0.016525));
#2846=CARTESIAN_POINT('',(-0.022075,0.003,-0.016025));
#2847=CARTESIAN_POINT('',(-0.022075,0.,-0.016025));
#2848=CARTESIAN_POINT('',(-0.021575,0.,-0.016025));
#2849=CARTESIAN_POINT('',(-0.021575,0.003,-0.016025));
#2850=CARTESIAN_POINT('',(-0.021575,0.003,-0.016025));
#2851=CARTESIAN_POINT('',(-0.022075,0.003,-0.016025));
#2852=CARTESIAN_POINT('',(-0.021575,0.003,-0.009525));
#2853=CARTESIAN_POINT('',(-0.021575,0.,-0.009525));
#2854=CARTESIAN_POINT('',(-0.021575,0.,-0.003025));
#2855=CARTESIAN_POINT('',(-0.021575,0.003,-0.003025));
#2856=CARTESIAN_POINT('',(-0.021575,0.003,-0.003025));
#2857=CARTESIAN_POINT('',(-0.021575,0.003,-0.009525));
#2858=CARTESIAN_POINT('',(-0.022075,0.003,-0.003025));
#2859=CARTESIAN_POINT('',(-0.022075,0.,-0.003025));
#2860=CARTESIAN_POINT('',(-0.022075,0.,-0.002525));
#2861=CARTESIAN_POINT('',(-0.022075,0.003,-0.002525));
#2862=CARTESIAN_POINT('',(-0.022075,0.003,-0.002525));
#2863=CARTESIAN_POINT('',(-0.022075,0.003,-0.003025));
#2864=CARTESIAN_POINT('',(-0.028575,0.003,-0.002525));
#2865=CARTESIAN_POINT('',(-0.028575,0.,-0.002525));
#2866=CARTESIAN_POINT('',(-0.035075,0.,-0.002525));
#2867=CARTESIAN_POINT('',(-0.035075,0.003,-0.002525));
#2868=CARTESIAN_POINT('',(-0.035075,0.003,-0.002525));
#2869=CARTESIAN_POINT('',(-0.028575,0.003,-0.002525));
#2870=CARTESIAN_POINT('',(-0.035075,0.003,-0.003025));
#2871=CARTESIAN_POINT('',(-0.035075,0.,-0.003025));
#2872=CARTESIAN_POINT('',(-0.035575,0.,-0.003025));
#2873=CARTESIAN_POINT('',(-0.035575,0.003,-0.003025));
#2874=CARTESIAN_POINT('',(-0.035575,0.003,-0.003025));
#2875=CARTESIAN_POINT('',(-0.035075,0.003,-0.003025));
#2876=CARTESIAN_POINT('',(-0.042495,0.003,-0.043515));
#2877=CARTESIAN_POINT('',(-0.042495,0.003,-0.043515));
#2878=CARTESIAN_POINT('',(-0.041745,0.003,-0.043515));
#2879=CARTESIAN_POINT('',(-0.042495,0.,-0.043515));
#2880=CARTESIAN_POINT('',(-0.041745,0.,-0.043515));
#2881=CARTESIAN_POINT('',(0.041705,0.003,-0.043515));
#2882=CARTESIAN_POINT('',(0.041705,0.003,-0.043515));
#2883=CARTESIAN_POINT('',(0.042455,0.003,-0.043515));
#2884=CARTESIAN_POINT('',(0.041705,0.,-0.043515));
#2885=CARTESIAN_POINT('',(0.042455,0.,-0.043515));
#2886=CARTESIAN_POINT('',(0.041705,0.003,0.022645));
#2887=CARTESIAN_POINT('',(0.041705,0.003,0.022645));
#2888=CARTESIAN_POINT('',(0.042455,0.003,0.022645));
#2889=CARTESIAN_POINT('',(0.041705,0.,0.022645));
#2890=CARTESIAN_POINT('',(0.042455,0.,0.022645));
#2891=CARTESIAN_POINT('',(-0.042495,0.003,0.022645));
#2892=CARTESIAN_POINT('',(-0.042495,0.003,0.022645));
#2893=CARTESIAN_POINT('',(-0.041745,0.003,0.022645));
#2894=CARTESIAN_POINT('',(-0.042495,0.,0.022645));
#2895=CARTESIAN_POINT('',(-0.041745,0.,0.022645));
#2896=CARTESIAN_POINT('',(0.015025,0.003,-0.024475));
#2897=CARTESIAN_POINT('',(0.015025,0.,-0.024475));
#2898=CARTESIAN_POINT('',(0.015025,0.003,-0.024475));
#2899=CARTESIAN_POINT('',(0.021575,0.003,0.009525));
#2900=CARTESIAN_POINT('',(0.021575,0.,0.009525));
#2901=CARTESIAN_POINT('',(0.021575,0.003,0.009525));
#2902=CARTESIAN_POINT('',(0.002525,0.003,0.009525));
#2903=CARTESIAN_POINT('',(0.002525,0.,0.009525));
#2904=CARTESIAN_POINT('',(0.002525,0.003,0.009525));
#2905=CARTESIAN_POINT('',(-0.016525,0.003,0.009525));
#2906=CARTESIAN_POINT('',(-0.016525,0.,0.009525));
#2907=CARTESIAN_POINT('',(-0.016525,0.003,0.009525));
#2908=CARTESIAN_POINT('',(-0.035575,0.003,0.009525));
#2909=CARTESIAN_POINT('',(-0.035575,0.,0.009525));
#2910=CARTESIAN_POINT('',(-0.035575,0.003,0.009525));
#2911=CARTESIAN_POINT('',(0.021575,0.003,-0.009525));
#2912=CARTESIAN_POINT('',(0.021575,0.,-0.009525));
#2913=CARTESIAN_POINT('',(0.021575,0.003,-0.009525));
#2914=CARTESIAN_POINT('',(0.002525,0.003,-0.009525));
#2915=CARTESIAN_POINT('',(0.002525,0.,-0.009525));
#2916=CARTESIAN_POINT('',(0.002525,0.003,-0.009525));
#2917=CARTESIAN_POINT('',(-0.016525,0.003,-0.009525));
#2918=CARTESIAN_POINT('',(-0.016525,0.,-0.009525));
#2919=CARTESIAN_POINT('',(-0.016525,0.003,-0.009525));
#2920=CARTESIAN_POINT('',(-0.035575,0.003,-0.009525));
#2921=CARTESIAN_POINT('',(-0.035575,0.,-0.009525));
#2922=CARTESIAN_POINT('',(-0.035575,0.003,-0.009525));
#2923=CARTESIAN_POINT('',(-0.0369,0.003,-0.022515));
#2924=CARTESIAN_POINT('',(-0.0369,0.,-0.022515));
#2925=CARTESIAN_POINT('',(-0.0369,0.003,-0.022515));
#2926=CARTESIAN_POINT('',(-0.0013,0.003,-0.010435));
#2927=CARTESIAN_POINT('',(-0.0013,0.,-0.010435));
#2928=MECHANICAL_DESIGN_GEOMETRIC_PRESENTATION_REPRESENTATION('',(#1745),
#2929);
#2929=(
GEOMETRIC_REPRESENTATION_CONTEXT(3)
GLOBAL_UNCERTAINTY_ASSIGNED_CONTEXT((#2930))
GLOBAL_UNIT_ASSIGNED_CONTEXT((#2933,#2932,#2931))
REPRESENTATION_CONTEXT('Part 1','TOP_LEVEL_ASSEMBLY_PART')
);
#2930=UNCERTAINTY_MEASURE_WITH_UNIT(LENGTH_MEASURE(1.E-8),#2933,
'DISTANCE_ACCURACY_VALUE','Maximum Tolerance applied to model');
#2931=(
NAMED_UNIT(*)
SI_UNIT($,.STERADIAN.)
SOLID_ANGLE_UNIT()
);
#2932=(
NAMED_UNIT(*)
PLANE_ANGLE_UNIT()
SI_UNIT($,.RADIAN.)
);
#2933=(
LENGTH_UNIT()
NAMED_UNIT(*)
SI_UNIT($,.METRE.)
);
#2934=PRODUCT_DEFINITION_SHAPE('','',#2935);
#2935=PRODUCT_DEFINITION('','',#2937,#2936);
#2936=PRODUCT_DEFINITION_CONTEXT('',#2943,'design');
#2937=PRODUCT_DEFINITION_FORMATION_WITH_SPECIFIED_SOURCE('','',#2939,
 .NOT_KNOWN.);
#2938=PRODUCT_RELATED_PRODUCT_CATEGORY('','',(#2939));
#2939=PRODUCT('Part 1','Part 1','Part 1',(#2941));
#2940=PRODUCT_CATEGORY('','');
#2941=PRODUCT_CONTEXT('',#2943,'mechanical');
#2942=APPLICATION_PROTOCOL_DEFINITION('international standard',
'ap242_managed_model_based_3d_engineering',2020,#2943);
#2943=APPLICATION_CONTEXT('managed model based 3d engineering');
ENDSEC;
END-ISO-10303-21;
